observed_LST,predicted_LST_3kmCV,residual,x_utm,y_utm,municipality
31.792336,33.188281001190916,-1.395945001190917,281115.0,673305.0,Patikul
32.02974,33.729200161943204,-1.6994601619432075,281415.0,673305.0,Patikul
31.970383,32.98394408119844,-1.0135610811984357,281715.0,673305.0,Patikul
32.234283,32.47062321712438,-0.23634021712437914,282015.0,673305.0,Patikul
31.71356,32.07014295146939,-0.3565829514693917,284415.0,673305.0,Patikul
31.755854,33.56233435563706,-1.8064803556370634,284715.0,673305.0,Patikul
31.795609,32.70212497666795,-0.9065159766679542,285015.0,673305.0,Patikul
33.751595,32.088215011325055,1.6633799886749472,285315.0,673305.0,Patikul
31.854794,33.3337999164741,-1.479005916474101,285615.0,673305.0,Patikul
35.126663,32.39797976589672,2.728683234103279,289815.0,673305.0,Patikul
35.177185,35.163972630416936,0.013212369583065708,290115.0,673305.0,Patikul
37.96004,34.51120329174346,3.448836708256536,290415.0,673305.0,Patikul
35.854237,33.571052146065476,2.2831848539345216,290715.0,673305.0,Patikul
33.84156,34.33691577921423,-0.49535577921422913,291015.0,673305.0,Patikul
33.78465,31.690484725569775,2.0941652744302246,291315.0,673305.0,Patikul
32.964546,32.42184831784503,0.5426976821549658,291615.0,673305.0,Patikul
33.975307,32.65562964757477,1.3196773524252308,291915.0,673305.0,Patikul
35.125053,32.882546689612596,2.242506310387405,292215.0,673305.0,Patikul
31.58855,32.26922494648195,-0.6806749464819468,280515.0,673005.0,Patikul
31.013483,31.91685425240075,-0.9033712524007491,280815.0,673005.0,Patikul
31.342598,32.12314509991598,-0.7805470999159816,281115.0,673005.0,Patikul
30.614357,32.75910476872908,-2.144747768729083,281415.0,673005.0,Patikul
32.141075,31.867671845027964,0.27340315497203704,281715.0,673005.0,Patikul
31.510162,32.69064230056142,-1.1804803005614204,282015.0,673005.0,Patikul
31.1381,32.52854161401862,-1.39044161401862,282315.0,673005.0,Patikul
31.424969,32.86936123508376,-1.4443922350837575,282615.0,673005.0,Patikul
32.68518,32.757612934890076,-0.07243293489007385,282915.0,673005.0,Patikul
34.52153,34.94762620470878,-0.4260962047087844,283215.0,673005.0,Patikul
32.78309,33.22074786505984,-0.4376578650598404,283515.0,673005.0,Patikul
34.37003,33.76047038748522,0.6095596125147793,283815.0,673005.0,Patikul
32.925957,33.965726776645376,-1.0397697766453788,284115.0,673005.0,Patikul
31.870232,32.918867326239564,-1.0486353262395625,284415.0,673005.0,Patikul
31.361532,31.61932241013154,-0.25779041013154114,284715.0,673005.0,Patikul
31.089813,33.215339045552646,-2.125526045552647,285015.0,673005.0,Patikul
32.223927,32.93903271282212,-0.7151057128221154,285315.0,673005.0,Patikul
32.273018,32.39945986901629,-0.12644186901628984,285615.0,673005.0,Patikul
30.730507,32.12706983063786,-1.3965628306378584,285915.0,673005.0,Patikul
35.271378,35.88543422342712,-0.6140562234271201,286215.0,673005.0,Patikul
34.38113,36.89305830875912,-2.511928308759124,286515.0,673005.0,Patikul
32.328403,33.04128297820739,-0.7128799782073898,286815.0,673005.0,Patikul
32.77346,34.23431842140595,-1.460858421405952,287115.0,673005.0,Patikul
33.778046,33.7840935135141,-0.006047513514097602,287415.0,673005.0,Patikul
33.45368,33.72505219125897,-0.27137219125896905,287715.0,673005.0,Patikul
33.664955,32.44501675056047,1.2199382494395294,288015.0,673005.0,Patikul
31.941275,32.878801269180094,-0.9375262691800934,288315.0,673005.0,Patikul
32.944214,34.34465271206103,-1.4004387120610247,288615.0,673005.0,Patikul
32.620174,32.523013587669936,0.09716041233006223,288915.0,673005.0,Patikul
34.233635,32.4003599248466,1.8332750751534022,289215.0,673005.0,Patikul
32.977036,31.971417543777175,1.0056184562228232,289515.0,673005.0,Patikul
33.075207,32.550871276410305,0.5243357235896937,289815.0,673005.0,Patikul
33.71236,33.462667988636085,0.24969201136391206,290115.0,673005.0,Patikul
33.56032,33.30316144083411,0.25715855916588737,290415.0,673005.0,Patikul
34.55695,34.080736241386965,0.47621375861303505,290715.0,673005.0,Patikul
34.057945,34.398264883587544,-0.34031988358754717,291015.0,673005.0,Patikul
33.511158,33.324712750342,0.18644524965800002,291315.0,673005.0,Patikul
33.034756,33.01868596267398,0.016070037326024078,291615.0,673005.0,Patikul
36.05257,35.751260488879176,0.30130951112082727,291915.0,673005.0,Patikul
34.42884,33.07844556875631,1.3503944312436928,292215.0,673005.0,Patikul
34.278416,34.000434684277515,0.2779813157224851,292515.0,673005.0,Patikul
33.024605,32.34371705528996,0.6808879447100438,280515.0,672705.0,Patikul
31.889008,32.58447026429421,-0.6954622642942105,280815.0,672705.0,Patikul
31.156982,32.25287410313574,-1.0958921031357391,281115.0,672705.0,Patikul
31.539957,32.90349629650819,-1.3635392965081863,281415.0,672705.0,Patikul
31.52195,32.36461196886062,-0.8426619688606216,281715.0,672705.0,Patikul
32.419537,32.26247525261494,0.15706174738505752,282015.0,672705.0,Patikul
31.219147,32.679824354127035,-1.4606773541270357,282315.0,672705.0,Patikul
30.806644,31.72632869748512,-0.9196846974851205,282615.0,672705.0,Patikul
31.804228,33.67323385918164,-1.8690058591816445,282915.0,672705.0,Patikul
32.49162,32.49550764721565,-0.0038876472156559316,283215.0,672705.0,Patikul
32.06634,32.03254976854006,0.03379023145993898,283515.0,672705.0,Patikul
33.69568,33.19631467231227,0.4993653276877339,283815.0,672705.0,Patikul
32.287663,32.75099641565797,-0.4633334156579707,284115.0,672705.0,Patikul
32.626934,34.26317537073448,-1.6362413707344814,284415.0,672705.0,Patikul
32.403767,32.90780282709154,-0.5040358270915348,284715.0,672705.0,Patikul
31.325594,31.764666447387278,-0.4390724473872787,285015.0,672705.0,Patikul
32.988136,32.51650209229724,0.4716339077027598,285315.0,672705.0,Patikul
32.976646,33.44178949004382,-0.4651434900438147,285615.0,672705.0,Patikul
32.54446,32.50142832275872,0.043031677241280875,285915.0,672705.0,Patikul
32.39047,33.91757840938808,-1.5271084093880773,286215.0,672705.0,Patikul
32.11918,31.886856942170823,0.23232305782917706,286515.0,672705.0,Patikul
30.41068,32.22901095909774,-1.818330959097743,286815.0,672705.0,Patikul
30.743204,32.207912042304486,-1.464708042304487,287115.0,672705.0,Patikul
31.237417,32.36101504579628,-1.1235980457962782,287415.0,672705.0,Patikul
30.97788,34.201732563397165,-3.223852563397166,287715.0,672705.0,Patikul
32.75772,32.884180867938525,-0.12646086793852618,288015.0,672705.0,Patikul
31.552519,31.18123677088233,0.3712822291176714,288315.0,672705.0,Patikul
30.589365,31.703313858583314,-1.1139488585833135,288615.0,672705.0,Patikul
32.09679,35.07034443486904,-2.973554434869044,288915.0,672705.0,Patikul
32.859947,34.86526222053105,-2.0053152205310525,289215.0,672705.0,Patikul
33.358818,34.109583200464165,-0.7507652004641656,289515.0,672705.0,Patikul
33.41605,34.38021410469965,-0.9641641046996483,289815.0,672705.0,Patikul
32.656887,33.77296280386003,-1.116075803860035,290115.0,672705.0,Patikul
34.287407,34.47702059303828,-0.18961359303828118,290415.0,672705.0,Patikul
33.862045,34.56879633047519,-0.7067513304751856,290715.0,672705.0,Patikul
32.715427,33.076347493861384,-0.3609204938613857,291015.0,672705.0,Patikul
33.102192,32.21949937043394,0.8826926295660655,291315.0,672705.0,Patikul
33.608265,31.446600368975005,2.1616646310249976,291615.0,672705.0,Patikul
34.820282,33.71094317419647,1.1093388258035262,291915.0,672705.0,Patikul
35.672752,35.193977439828224,0.4787745601717788,292215.0,672705.0,Patikul
34.18969,34.38559983829616,-0.19590983829615993,292515.0,672705.0,Patikul
34.554447,33.23198125805662,1.3224657419433825,292815.0,672705.0,Patikul
32.58142,33.91414874344097,-1.332728743440967,293115.0,672705.0,
32.156963,32.52537610484083,-0.3684131048408332,280515.0,672405.0,Patikul
31.180563,31.88059441662111,-0.7000314166211119,280815.0,672405.0,Patikul
31.53903,31.850104884792206,-0.31107488479220535,281115.0,672405.0,Patikul
31.007788,31.504981378647102,-0.49719337864710056,281415.0,672405.0,Patikul
31.458616,32.221949997994,-0.7633339979940033,281715.0,672405.0,Patikul
31.628077,33.259475485586904,-1.631398485586903,282015.0,672405.0,Patikul
31.771898,33.02845354111846,-1.256555541118459,282315.0,672405.0,Patikul
31.659142,31.73703646241018,-0.07789446241018183,282615.0,672405.0,Patikul
31.32727,31.786195612920235,-0.45892561292023615,282915.0,672405.0,Patikul
31.05406,31.79707849473485,-0.7430184947348515,283215.0,672405.0,Patikul
32.97217,32.97550109776543,-0.0033310977654323892,283515.0,672405.0,Patikul
31.73223,32.05585220463454,-0.32362220463453895,283815.0,672405.0,Patikul
33.36867,33.86669579761721,-0.4980257976172098,284115.0,672405.0,Patikul
34.872967,35.16979194292545,-0.29682494292544703,284415.0,672405.0,Patikul
32.43595,32.90587379686314,-0.46992379686314223,284715.0,672405.0,Patikul
33.826237,35.913338706741676,-2.0871017067416773,285015.0,672405.0,Patikul
30.830832,31.174373723935165,-0.34354172393516436,285315.0,672405.0,Patikul
30.390411,32.52503173559153,-2.1346207355915325,285615.0,672405.0,Patikul
30.723255,34.43123032677405,-3.707975326774047,285915.0,672405.0,Patikul
31.40619,33.55124046945794,-2.1450504694579386,286215.0,672405.0,Patikul
31.133202,33.39179084047233,-2.2585888404723313,286515.0,672405.0,Patikul
29.714148,32.26728196808191,-2.5531339680819087,286815.0,672405.0,Patikul
30.17696,33.04355808072359,-2.866598080723591,287115.0,672405.0,Patikul
30.819729,32.755285862049334,-1.935556862049335,287415.0,672405.0,Patikul
31.03162,31.652163738591472,-0.620543738591472,287715.0,672405.0,Patikul
30.853668,31.01949325138469,-0.1658252513846925,288015.0,672405.0,Patikul
31.354982,31.854062570351577,-0.4990805703515768,288315.0,672405.0,Patikul
32.1962,31.969885392635415,0.2263146073645821,288615.0,672405.0,Patikul
34.24852,36.13365662417795,-1.885136624177953,288915.0,672405.0,Patikul
31.289444,31.54000700961624,-0.2505630096162399,289215.0,672405.0,Patikul
32.299934,33.268716572942466,-0.968782572942466,289515.0,672405.0,Patikul
32.276485,33.28332067982485,-1.006835679824846,289815.0,672405.0,Patikul
33.023582,34.19572355542957,-1.172141555429576,290115.0,672405.0,Patikul
33.154343,34.5413535665147,-1.3870105665147037,290415.0,672405.0,Patikul
34.04637,34.02046597609652,0.025904023903486006,290715.0,672405.0,Patikul
32.78937,31.712946909158894,1.0764230908411037,291015.0,672405.0,Patikul
33.56999,32.22734850433475,1.342641495665248,291315.0,672405.0,Patikul
33.60493,32.15188048597648,1.453049514023526,291615.0,672405.0,Patikul
34.47334,32.36275554587684,2.1105844541231633,291915.0,672405.0,Patikul
36.119278,34.67412882592473,1.4451491740752687,292215.0,672405.0,Patikul
35.253548,32.48025507740797,2.7732929225920344,292515.0,672405.0,Patikul
35.451458,35.558828151526015,-0.10737015152601259,292815.0,672405.0,Patikul
35.49761,37.12485474408902,-1.627244744089019,293115.0,672405.0,Patikul
31.974588,34.03904839453617,-2.064460394536166,280515.0,672105.0,Patikul
31.7506,31.653262591497224,0.09733740850277428,280815.0,672105.0,Patikul
31.868786,31.535337432243505,0.3334485677564949,281115.0,672105.0,Patikul
31.914452,31.57657744413273,0.3378745558672698,281415.0,672105.0,Patikul
32.515003,32.47960241501602,0.03540058498398224,281715.0,672105.0,Patikul
31.452612,32.325221855452774,-0.8726098554527759,282015.0,672105.0,Patikul
31.12043,31.62966784075137,-0.5092378407513714,282315.0,672105.0,Patikul
30.595802,30.053072862850232,0.5427291371497667,282615.0,672105.0,Patikul
30.64249,31.730938331455754,-1.088448331455755,282915.0,672105.0,Patikul
30.8554,32.027487953665606,-1.1720879536656064,283215.0,672105.0,Patikul
32.1271,33.302104587579024,-1.175004587579025,283515.0,672105.0,Patikul
32.533054,32.896487533278645,-0.3634335332786449,283815.0,672105.0,Patikul
32.747524,33.01088704858256,-0.263363048582562,284115.0,672105.0,Patikul
34.246212,34.138042835270845,0.10816916472915494,284415.0,672105.0,Patikul
32.938717,32.613627753607936,0.3250892463920607,284715.0,672105.0,Patikul
33.11136,34.08938365078828,-0.9780236507882805,285015.0,672105.0,Patikul
32.16932,32.528471099449725,-0.35915109944972556,285315.0,672105.0,Patikul
29.80669,31.80725609659266,-2.00056609659266,285615.0,672105.0,Patikul
30.251368,33.19805091520861,-2.946682915208612,285915.0,672105.0,Patikul
31.087908,32.70194394230593,-1.6140359423059323,286215.0,672105.0,Patikul
30.569956,32.35301632927495,-1.7830603292749494,286515.0,672105.0,Patikul
29.41153,31.463663663788843,-2.052133663788844,286815.0,672105.0,Patikul
29.915186,32.17050517626183,-2.2553191762618283,287115.0,672105.0,Patikul
29.485836,31.62618776296027,-2.1403517629602717,287415.0,672105.0,Patikul
29.1755,30.750653954991172,-1.5751539549911726,287715.0,672105.0,Patikul
30.263258,31.7859989228129,-1.5227409228129005,288015.0,672105.0,Patikul
30.895313,30.92026681492391,-0.024953814923907913,288315.0,672105.0,Patikul
31.73276,31.46116411250949,0.2715958874905091,288615.0,672105.0,Patikul
32.13096,31.945670087099636,0.185289912900366,288915.0,672105.0,Patikul
32.487293,32.66081780280391,-0.17352480280391092,289215.0,672105.0,Patikul
31.52325,31.7897169401492,-0.2664669401492006,289515.0,672105.0,Patikul
32.449383,32.33368269570019,0.11570030429980704,289815.0,672105.0,Patikul
32.66474,32.4113660974318,0.2533739025681996,290115.0,672105.0,Patikul
33.0447,31.64992714146979,1.3947728585302102,290415.0,672105.0,Patikul
33.297836,32.49674435242132,0.80109164757868,290715.0,672105.0,Patikul
33.480766,34.23547597513636,-0.7547099751363575,291015.0,672105.0,Patikul
32.622974,33.25363081878242,-0.6306568187824197,291315.0,672105.0,Patikul
33.28247,32.599993192508585,0.6824768074914189,291615.0,672105.0,Patikul
33.372486,31.53043374206316,1.8420522579368424,291915.0,672105.0,Patikul
35.082363,34.35021093350305,0.7321520664969512,292215.0,672105.0,Patikul
35.55953,33.89755453015561,1.6619754698443927,292515.0,672105.0,Patikul
34.613678,33.805063757420164,0.8086142425798357,292815.0,672105.0,Patikul
34.677673,34.37591893728928,0.3017540627107209,293115.0,672105.0,Patikul
34.848255,32.92348058255299,1.9247744174470114,293415.0,672105.0,Patikul
35.021122,34.588234262768886,0.4328877372311126,293715.0,672105.0,Patikul
36.059982,35.23825363691305,0.8217283630869474,294015.0,672105.0,Patikul
33.12107,34.18263070283412,-1.0615607028341145,295215.0,672105.0,Patikul
33.313667,34.73625278851211,-1.4225857885121087,295515.0,672105.0,Patikul
31.1734,31.349912867791268,-0.17651286779126707,280515.0,671805.0,Patikul
30.589928,31.802201656200186,-1.2122736562001855,280815.0,671805.0,Patikul
32.614574,32.713077463347396,-0.09850346334739868,281115.0,671805.0,Patikul
31.73013,31.15600801927584,0.5741219807241578,281415.0,671805.0,Patikul
32.16704,31.932301119741886,0.23473888025811362,281715.0,671805.0,Patikul
31.33133,31.772308445780588,-0.440978445780587,282015.0,671805.0,Patikul
30.532578,31.89940915965424,-1.3668311596542395,282315.0,671805.0,Patikul
30.559782,30.986819499449663,-0.4270374994496642,282615.0,671805.0,Patikul
30.645767,30.341930461424653,0.30383653857534654,282915.0,671805.0,Patikul
32.572403,33.44184069945383,-0.869437699453826,283215.0,671805.0,Patikul
32.546413,32.296323832538214,0.25008916746178755,283515.0,671805.0,Patikul
32.63453,32.77765694869043,-0.14312694869042986,283815.0,671805.0,Patikul
33.08618,32.477037498878694,0.6091425011213047,284115.0,671805.0,Patikul
34.49422,33.24635499650257,1.2478650034974308,284415.0,671805.0,Patikul
32.110184,31.363755274426868,0.7464287255731286,284715.0,671805.0,Patikul
33.415325,33.35284791110003,0.06247708889997483,285015.0,671805.0,Patikul
31.156694,33.606228518172436,-2.4495345181724346,285315.0,671805.0,Patikul
30.478706,32.09421173160756,-1.6155057316075592,285615.0,671805.0,Patikul
30.089716,32.922544121742874,-2.8328281217428746,285915.0,671805.0,Patikul
30.595936,35.00240653323983,-4.40647053323983,286215.0,671805.0,Patikul
31.735527,33.26385872560974,-1.5283317256097355,286515.0,671805.0,Patikul
31.241512,33.1245882864611,-1.8830762864610975,286815.0,671805.0,Patikul
31.133982,33.407664266878115,-2.273682266878115,287115.0,671805.0,Patikul
31.235878,34.007330262366295,-2.771452262366296,287415.0,671805.0,Patikul
30.70434,30.710945755608066,-0.006605755608067199,287715.0,671805.0,Patikul
29.507452,30.761011242598382,-1.2535592425983815,288015.0,671805.0,Patikul
30.090584,29.4911142312125,0.5994697687875004,288315.0,671805.0,Patikul
30.895123,31.022508922034863,-0.1273859220348612,288615.0,671805.0,Patikul
32.02853,31.958668299244668,0.06986170075533593,288915.0,671805.0,Patikul
31.095373,32.78999890418798,-1.6946259041879834,289215.0,671805.0,Patikul
33.170868,33.46828896832545,-0.2974209683254543,289515.0,671805.0,Patikul
31.963743,31.370786801611256,0.5929561983887446,289815.0,671805.0,Patikul
32.653442,31.945452633249708,0.7079893667502901,290115.0,671805.0,Patikul
33.48395,32.747463362368144,0.736486637631856,290415.0,671805.0,Patikul
33.679787,32.668682083271314,1.0111049167286836,290715.0,671805.0,Patikul
32.71583,31.882851935373292,0.8329780646267047,291015.0,671805.0,Patikul
32.46619,32.94569010245135,-0.4795001024513539,291315.0,671805.0,Patikul
33.095078,32.21458315393227,0.8804948460677338,291615.0,671805.0,Patikul
33.27037,33.73239127796124,-0.4620212779612416,291915.0,671805.0,Patikul
35.849396,35.31175160169757,0.5376443983024259,292215.0,671805.0,Patikul
34.279747,33.60125059950619,0.6784964004938132,292515.0,671805.0,Patikul
35.04102,33.81796058797966,1.2230594120203406,292815.0,671805.0,Patikul
33.61244,34.93270665492284,-1.3202666549228397,293115.0,671805.0,Patikul
35.63813,34.47454993024922,1.163580069750779,293415.0,671805.0,Patikul
34.94111,35.074062850914146,-0.132952850914144,293715.0,671805.0,Patikul
35.782562,35.3109214262844,0.47164057371559664,294015.0,671805.0,Patikul
33.68688,32.42859835043441,1.258281649565589,294315.0,671805.0,Patikul
35.028545,33.32824075656837,1.7003042434316313,294615.0,671805.0,Patikul
34.171806,32.75385589316165,1.4179501068383473,294915.0,671805.0,Patikul
35.98687,36.0860693122825,-0.09919931228249368,295215.0,671805.0,Patikul
35.786938,35.86734076192672,-0.08040276192672025,295515.0,671805.0,Patikul
36.24195,37.1763855510389,-0.9344355510388951,295815.0,671805.0,Patikul
33.32718,34.022932085947204,-0.6957520859472055,280215.0,671505.0,Patikul
32.529884,33.713237576899225,-1.183353576899222,280515.0,671505.0,Patikul
32.07663,33.91096179550525,-1.8343317955052498,280815.0,671505.0,Patikul
32.034687,32.37794874882839,-0.34326174882838956,281115.0,671505.0,Patikul
32.601757,31.43472213941881,1.1670348605811895,281415.0,671505.0,Patikul
31.632793,32.10638915586302,-0.47359615586302084,281715.0,671505.0,Patikul
31.058893,31.743389219905765,-0.684496219905764,282015.0,671505.0,Patikul
31.992916,32.668948556054865,-0.6760325560548637,282315.0,671505.0,Patikul
30.908726,31.60235157654197,-0.6936255765419688,282615.0,671505.0,Patikul
32.4401,33.07757143289871,-0.6374714328987068,282915.0,671505.0,Patikul
32.8826,32.66542531424591,0.21717468575408816,283215.0,671505.0,Patikul
33.174942,32.65273008952986,0.5222119104701406,283515.0,671505.0,Patikul
34.64778,33.402771952711404,1.245008047288593,283815.0,671505.0,Patikul
32.529804,31.927832631251885,0.6019713687481136,284115.0,671505.0,Patikul
32.84115,33.12817950807206,-0.2870295080720595,284415.0,671505.0,Patikul
32.295258,33.10285419071957,-0.8075961907195719,284715.0,671505.0,Patikul
32.03891,32.561568840234195,-0.5226588402341932,285015.0,671505.0,Patikul
30.903286,32.153270230964345,-1.249984230964344,285315.0,671505.0,Patikul
31.012323,32.25490074127632,-1.2425777412763246,285615.0,671505.0,Patikul
30.182217,33.070222350112715,-2.8880053501127136,285915.0,671505.0,Patikul
30.102037,31.903533520129184,-1.8014965201291844,286215.0,671505.0,Patikul
31.567194,31.888372446507947,-0.3211784465079468,286515.0,671505.0,Patikul
30.930016,32.49645209294385,-1.5664360929438494,286815.0,671505.0,Patikul
30.5349,31.881310942046344,-1.3464109420463437,287115.0,671505.0,Patikul
30.731205,30.644342016041374,0.0868629839586248,287415.0,671505.0,Patikul
30.718168,32.565823109843905,-1.847655109843906,287715.0,671505.0,Patikul
30.052336,30.79846156859085,-0.7461255685908483,288015.0,671505.0,Patikul
31.11256,31.248152407566018,-0.1355924075660191,288315.0,671505.0,Patikul
30.566751,30.82802439080767,-0.26127339080766987,288615.0,671505.0,Patikul
30.519543,31.618232783297866,-1.0986897832978677,288915.0,671505.0,Patikul
31.278076,32.42984141869147,-1.1517654186914683,289215.0,671505.0,Patikul
32.577293,32.82335965650304,-0.24606665650303938,289515.0,671505.0,Patikul
32.646282,32.51443493679426,0.1318470632057398,289815.0,671505.0,Patikul
32.435013,31.796525870355076,0.6384871296449219,290115.0,671505.0,Patikul
32.398544,31.62068829445012,0.7778557055498823,290415.0,671505.0,Patikul
32.11236,31.90154230948027,0.21081769051973254,290715.0,671505.0,Patikul
32.657307,33.128087546573134,-0.4707805465731312,291015.0,671505.0,Patikul
31.734415,32.3801733532417,-0.6457583532417033,291315.0,671505.0,Patikul
31.999886,31.439388862596836,0.5604971374031642,291615.0,671505.0,Patikul
32.382866,31.625057358551032,0.7578086414489675,291915.0,671505.0,Patikul
34.541466,34.93094652560937,-0.38948052560937185,292215.0,671505.0,Patikul
34.93702,32.2259356096668,2.7110843903331983,292515.0,671505.0,Patikul
34.854942,33.76089147514275,1.094050524857252,292815.0,671505.0,Patikul
34.77737,36.1771304563218,-1.3997604563218005,293115.0,671505.0,Patikul
34.01836,34.34615584691268,-0.3277958469126787,293415.0,671505.0,Patikul
33.285103,33.95218902154736,-0.6670860215473624,293715.0,671505.0,Patikul
34.414936,33.49378702161467,0.9211489783853253,294015.0,671505.0,Patikul
35.277306,34.06798064539342,1.2093253546065839,294315.0,671505.0,Patikul
35.130913,34.531103288229396,0.5998097117706038,294615.0,671505.0,Patikul
34.07975,34.25392382135133,-0.17417382135133153,294915.0,671505.0,Patikul
37.050564,36.017163891984644,1.033400108015357,295215.0,671505.0,Patikul
37.004925,36.04413752761835,0.9607874723816465,295515.0,671505.0,Patikul
37.05911,36.27960201950951,0.7795079804904859,295815.0,671505.0,Patikul
32.93871,36.011211934695524,-3.0725019346955236,280215.0,671205.0,Patikul
31.00996,32.1878905637912,-1.1779305637912003,280515.0,671205.0,Patikul
31.63777,32.751556490394485,-1.1137864903944852,280815.0,671205.0,Patikul
31.969637,33.0399657213414,-1.0703287213414043,281115.0,671205.0,Patikul
32.296093,32.316917900345494,-0.020824900345495223,281415.0,671205.0,Patikul
31.28303,31.725034355848198,-0.44200435584819786,281715.0,671205.0,Patikul
32.205814,32.63736708248041,-0.4315530824804128,282015.0,671205.0,Patikul
33.387436,31.86049550007705,1.5269404999229508,282315.0,671205.0,Patikul
32.114235,32.0005570890987,0.11367791090130197,282615.0,671205.0,Patikul
32.390064,32.992823377274306,-0.6027593772743032,282915.0,671205.0,Patikul
32.981598,31.73401183410393,1.2475861658960667,283215.0,671205.0,Patikul
32.58733,31.842143992369834,0.7451860076301671,283515.0,671205.0,Patikul
32.458817,32.30331660705717,0.1555003929428338,283815.0,671205.0,Patikul
32.577423,32.00949264697804,0.5679303530219642,284115.0,671205.0,Patikul
32.057564,32.619537214784614,-0.561973214784615,284415.0,671205.0,Patikul
32.063984,31.806730521518762,0.2572534784812355,284715.0,671205.0,Patikul
30.204517,31.804079960809723,-1.599562960809724,285015.0,671205.0,Patikul
31.036797,32.45175731138479,-1.4149603113847888,285315.0,671205.0,Patikul
30.855343,31.784253670426008,-0.9289106704260064,285615.0,671205.0,Patikul
30.207804,32.0393233297009,-1.8315193297008996,285915.0,671205.0,Patikul
30.635586,32.7429787296049,-2.1073927296049,286215.0,671205.0,Patikul
30.217344,32.38275815893325,-2.165414158933249,286515.0,671205.0,Patikul
31.07264,31.796919864144304,-0.7242798641443038,286815.0,671205.0,Patikul
30.486748,31.85448823587124,-1.367740235871242,287115.0,671205.0,Patikul
29.73343,30.26287088383462,-0.5294408838346207,287415.0,671205.0,Patikul
30.089407,30.852872203426877,-0.7634652034268754,287715.0,671205.0,Patikul
30.542774,30.197735429647132,0.34503857035286956,288015.0,671205.0,Patikul
30.461624,30.540686776588803,-0.07906277658880256,288315.0,671205.0,Patikul
30.489687,31.304507666704623,-0.8148206667046232,288615.0,671205.0,Patikul
31.596346,30.656081037274433,0.9402649627255677,288915.0,671205.0,Patikul
32.764572,32.58474743324878,0.17982456675122194,289215.0,671205.0,Patikul
32.20951,32.290662233679,-0.08115223367899915,289515.0,671205.0,Patikul
31.484335,31.682672521591392,-0.19833752159139095,289815.0,671205.0,Patikul
31.829453,31.591303573021857,0.23814942697814345,290115.0,671205.0,Patikul
32.56865,31.805864407783247,0.7627855922167512,290415.0,671205.0,Patikul
32.964504,32.75270600898708,0.21179799101291508,290715.0,671205.0,Patikul
32.95354,32.00659598895225,0.9469440110477478,291015.0,671205.0,Patikul
32.89904,30.81122987993559,2.087810120064411,291315.0,671205.0,Patikul
32.467354,32.096375288019,0.3709787119810031,291615.0,671205.0,Patikul
32.56987,33.06646843658356,-0.49659843658356095,291915.0,671205.0,Patikul
32.945877,32.766805790307124,0.1790712096928786,292215.0,671205.0,Patikul
33.01112,32.84928506074645,0.16183493925354497,292515.0,671205.0,Patikul
33.531994,32.914061300498744,0.6179326995012531,292815.0,671205.0,Patikul
32.856842,33.07995029048631,-0.22310829048630865,293115.0,671205.0,Patikul
33.92977,32.24209590615396,1.6876740938460344,293415.0,671205.0,Patikul
33.864536,33.35517132099497,0.5093646790050315,293715.0,671205.0,Patikul
35.33744,36.73267208134983,-1.3952320813498318,294015.0,671205.0,Patikul
33.1199,33.96186571707652,-0.8419657170765191,294315.0,671205.0,Patikul
33.715847,34.75479530728723,-1.0389483072872352,294615.0,671205.0,Patikul
35.24034,34.25266799287163,0.9876720071283742,294915.0,671205.0,Patikul
37.30409,35.61922144174133,1.684868558258671,295215.0,671205.0,Patikul
39.872147,36.30051238786011,3.5716346121398885,295515.0,671205.0,Patikul
38.636185,36.63625824974572,1.999926750254275,295815.0,671205.0,Patikul
41.65902,35.35890633731014,6.30011366268986,296115.0,671205.0,Patikul
33.144737,34.93901317386742,-1.7942761738674236,279915.0,670905.0,Patikul
32.42223,36.84954807473277,-4.427318074732774,280215.0,670905.0,Patikul
31.192827,32.69513803952795,-1.502311039527946,280515.0,670905.0,Patikul
31.542574,32.53363542055991,-0.9910614205599124,280815.0,670905.0,Patikul
31.541582,31.27954443927447,0.26203756072552764,281115.0,670905.0,Patikul
31.718546,31.84380954596833,-0.12526354596833045,281415.0,670905.0,Patikul
33.43648,33.17132583089262,0.2651541691073831,281715.0,670905.0,Patikul
31.837973,31.222598920982538,0.6153740790174638,282015.0,670905.0,Patikul
31.441778,31.505625195179185,-0.06384719517918569,282315.0,670905.0,Patikul
31.453508,31.320692782990506,0.13281521700949384,282615.0,670905.0,Patikul
31.78847,31.91508995415218,-0.1266199541521793,282915.0,670905.0,Patikul
31.834675,30.924534168455217,0.9101408315447834,283215.0,670905.0,Patikul
32.172325,30.930165236713208,1.242159763286793,283515.0,670905.0,Patikul
32.40305,31.85665369727983,0.5463963027201686,283815.0,670905.0,Patikul
32.093132,31.103258089226195,0.9898739107738024,284115.0,670905.0,Patikul
30.972843,31.401432442547335,-0.42858944254733444,284415.0,670905.0,Patikul
30.705097,31.245575757509922,-0.5404787575099235,284715.0,670905.0,Patikul
30.716927,31.46500003200608,-0.7480730320060829,285015.0,670905.0,Patikul
30.027576,31.956565279576814,-1.9289892795768147,285315.0,670905.0,Patikul
30.48472,31.424136412521193,-0.9394164125211937,285615.0,670905.0,Patikul
30.104359,31.99642325903696,-1.8920642590369603,285915.0,670905.0,Patikul
29.19849,31.846815036236677,-2.6483250362366775,286215.0,670905.0,Patikul
29.781618,31.862677753060616,-2.0810597530606145,286515.0,670905.0,Patikul
29.332972,31.899995138147787,-2.5670231381477855,286815.0,670905.0,Patikul
29.747938,31.736524998239055,-1.9885869982390538,287115.0,670905.0,Patikul
29.416378,30.898362368703054,-1.4819843687030527,287415.0,670905.0,Patikul
29.426052,30.625913421486054,-1.1998614214860552,287715.0,670905.0,Patikul
29.546259,30.154696488469497,-0.6084374884694981,288015.0,670905.0,Patikul
30.335638,30.68136200349852,-0.34572400349852117,288315.0,670905.0,Patikul
30.810524,31.91890017436751,-1.1083761743675105,288615.0,670905.0,Patikul
31.28732,31.5836739827075,-0.29635398270749747,288915.0,670905.0,Patikul
32.485992,30.796236242311213,1.6897557576887898,289215.0,670905.0,Patikul
31.376055,31.35045655662816,0.02559844337184103,289515.0,670905.0,Patikul
31.058105,30.671468994858422,0.3866360051415789,289815.0,670905.0,Patikul
32.255535,30.89703454246854,1.3585004575314628,290115.0,670905.0,Patikul
31.765059,31.489037848282578,0.2760211517174227,290415.0,670905.0,Patikul
31.492008,30.106663872424033,1.3853441275759657,290715.0,670905.0,Patikul
32.153427,31.356531797093783,0.7968952029062173,291015.0,670905.0,Patikul
31.576014,31.073310279839326,0.5027037201606745,291315.0,670905.0,Patikul
32.597324,33.15601521785244,-0.5586912178524415,292215.0,670905.0,Patikul
32.878807,31.798995339193592,1.07981166080641,292515.0,670905.0,Patikul
32.6508,32.478599598907145,0.1722004010928515,292815.0,670905.0,Patikul
34.41024,35.67987746689069,-1.2696374668906856,293115.0,670905.0,Patikul
34.640495,34.69092921256563,-0.050434212565626524,293415.0,670905.0,Patikul
32.85199,32.599557726541306,0.25243227345869457,293715.0,670905.0,Patikul
33.61681,33.06325968037764,0.5535503196223601,294015.0,670905.0,Patikul
33.919098,32.94124621895567,0.977851781044329,294315.0,670905.0,Patikul
34.598835,33.655701561519216,0.9431334384807855,294615.0,670905.0,Patikul
34.76886,34.49069348022941,0.27816651977058626,294915.0,670905.0,Patikul
35.769825,35.67829674343178,0.09152825656821761,295215.0,670905.0,Patikul
35.47684,34.23047947677523,1.246360523224773,295515.0,670905.0,Patikul
37.15335,36.49345436489704,0.6598956351029628,295815.0,670905.0,Patikul
36.639294,35.98081613638401,0.6584778636159925,296115.0,670905.0,Patikul
39.806305,35.86529846882676,3.941006531173244,279615.0,670605.0,Jolo
35.004864,34.24169422503061,0.7631697749693842,279915.0,670605.0,Jolo
33.37351,34.5463166293462,-1.1728066293461978,280215.0,670605.0,Patikul
31.615356,32.8677076701803,-1.2523516701803032,280515.0,670605.0,Patikul
32.37674,33.191924429277385,-0.8151844292773873,280815.0,670605.0,Patikul
32.060673,31.753800527618885,0.3068724723811158,281115.0,670605.0,Patikul
32.706364,32.97440321214158,-0.26803921214158066,281415.0,670605.0,Patikul
31.953157,32.13138696461257,-0.1782299646125658,281715.0,670605.0,Patikul
31.031635,31.944449791081205,-0.9128147910812032,282015.0,670605.0,Patikul
30.992197,31.181706139017507,-0.1895091390175061,282315.0,670605.0,Patikul
30.79868,31.427930723599108,-0.6292507235991067,282615.0,670605.0,Patikul
31.560413,31.339860881463036,0.22055211853696477,282915.0,670605.0,Patikul
32.08833,31.14937263261684,0.9389573673831606,283215.0,670605.0,Patikul
31.337643,31.920701014764507,-0.5830580147645072,283515.0,670605.0,Patikul
31.641035,31.567171645932653,0.07386335406734545,283815.0,670605.0,Patikul
31.617369,31.610922365455227,0.006446634544772678,284115.0,670605.0,Patikul
31.402912,30.76096476549774,0.6419472345022612,284415.0,670605.0,Patikul
30.432594,30.976601642909333,-0.5440076429093317,284715.0,670605.0,Patikul
30.543423,31.466508455200042,-0.9230854552000416,285015.0,670605.0,Patikul
29.69253,31.562741360446626,-1.8702113604466248,285315.0,670605.0,Patikul
29.782637,30.860548441794204,-1.0779114417942033,285615.0,670605.0,Patikul
29.393087,30.568005073482162,-1.1749180734821607,285915.0,670605.0,Patikul
28.816643,30.998036941405488,-2.1813939414054886,286215.0,670605.0,Patikul
31.456104,30.850102889396037,0.6060011106039624,286515.0,670605.0,Patikul
29.070496,30.89833356973215,-1.82783756973215,286815.0,670605.0,Patikul
28.557693,31.543736139773365,-2.986043139773365,287115.0,670605.0,Patikul
28.42681,30.914105966248716,-2.487295966248716,287415.0,670605.0,Patikul
28.664457,29.47710256707155,-0.8126455670715522,287715.0,670605.0,Patikul
28.954525,31.15945111556464,-2.204926115564639,288015.0,670605.0,Patikul
30.328829,30.28570721239966,0.043121787600338024,288315.0,670605.0,Patikul
29.995716,31.29569548404979,-1.2999794840497891,288615.0,670605.0,Patikul
30.71239,31.37749560329945,-0.6651056032994518,288915.0,670605.0,Patikul
32.881218,32.89381787457174,-0.012599874571741054,289215.0,670605.0,Patikul
30.727543,30.52459968587569,0.20294331412431177,289515.0,670605.0,Patikul
30.26471,29.135386581319608,1.1293234186803929,289815.0,670605.0,Patikul
30.925928,30.53848666222533,0.3874413377746677,290115.0,670605.0,Patikul
31.047451,31.25888114370788,-0.21143014370788293,290415.0,670605.0,Patikul
31.707556,30.68175206463197,1.0258039353680317,290715.0,670605.0,Patikul
32.650257,31.160069196752662,1.4901878032473412,291015.0,670605.0,Patikul
32.136112,31.32594120584004,0.8101707941599585,291315.0,670605.0,Patikul
33.229076,32.4998202201785,0.7292557798215,292215.0,670605.0,Patikul
32.380253,32.20942755527441,0.1708254447255939,292515.0,670605.0,Patikul
33.10988,33.82864039200509,-0.7187603920050947,292815.0,670605.0,Patikul
32.682957,31.64251198753948,1.0404450124605233,293115.0,670605.0,Patikul
33.99189,32.7359554957141,1.2559345042858965,293415.0,670605.0,Patikul
31.808681,31.10744894657262,0.701232053427379,293715.0,670605.0,Patikul
33.270718,31.4613369406557,1.8093810593443038,294015.0,670605.0,Patikul
35.21995,33.950088208023594,1.2698617919764033,294315.0,670605.0,Patikul
35.018646,34.810872571020184,0.207773428979813,294615.0,670605.0,Patikul
37.914314,36.539448028840944,1.3748659711590534,294915.0,670605.0,Patikul
39.601955,35.42627055782022,4.175684442179779,295215.0,670605.0,Patikul
36.005222,36.11696810477699,-0.11174610477698366,295515.0,670605.0,Patikul
35.67933,33.539681197989935,2.139648802010065,295815.0,670605.0,Patikul
38.47702,35.85140366343668,2.6256163365633256,296115.0,670605.0,Patikul
39.63018,38.59314378123137,1.037036218768634,279615.0,670305.0,Jolo
35.788853,33.31930451094642,2.4695484890535866,279915.0,670305.0,Jolo
32.62446,32.421855525347276,0.20260447465272335,280215.0,670305.0,Patikul
31.20616,31.72033868244667,-0.5141786824466692,280515.0,670305.0,Patikul
32.242733,33.25385473824762,-1.011121738247617,280815.0,670305.0,Patikul
30.956877,32.09237557004233,-1.13549857004233,281115.0,670305.0,Patikul
31.645998,32.32935306975333,-0.6833550697533326,281415.0,670305.0,Patikul
31.024094,31.278089689176024,-0.25399568917602267,281715.0,670305.0,Patikul
31.022793,31.246558577345063,-0.22376557734506264,282015.0,670305.0,Patikul
31.658602,31.158551141889888,0.5000508581101109,282315.0,670305.0,Patikul
30.914064,30.86772644995936,0.046337550040639996,282615.0,670305.0,Patikul
30.877775,31.704561455796608,-0.8267864557966078,282915.0,670305.0,Patikul
30.36227,31.506056867830665,-1.1437868678306664,283215.0,670305.0,Patikul
30.51059,31.543357462745853,-1.032767462745852,283515.0,670305.0,Patikul
31.118658,31.69017116186525,-0.5715131618652514,283815.0,670305.0,Patikul
30.610094,31.228437214343536,-0.6183432143435361,284115.0,670305.0,Patikul
30.82861,31.3169834585941,-0.4883734585940971,284415.0,670305.0,Patikul
30.482782,31.069233183067876,-0.5864511830678758,284715.0,670305.0,Patikul
29.66475,30.35948016028134,-0.6947301602813383,285015.0,670305.0,Patikul
29.171625,31.037522407692204,-1.8658974076922057,285315.0,670305.0,Patikul
29.173368,30.102308726584596,-0.9289407265845959,285615.0,670305.0,Patikul
28.734291,30.85566829062035,-2.1213772906203516,285915.0,670305.0,Patikul
27.910692,30.813227030245795,-2.9025350302457937,286215.0,670305.0,Patikul
28.668978,30.196768429071522,-1.5277904290715227,286515.0,670305.0,Patikul
29.365465,30.964420023976807,-1.5989550239768064,286815.0,670305.0,Patikul
28.531136,31.008930477437882,-2.4777944774378824,287115.0,670305.0,Patikul
29.114786,30.4644832206886,-1.3496972206886007,287415.0,670305.0,Patikul
28.121943,29.36154085852988,-1.23959785852988,287715.0,670305.0,Patikul
28.743168,30.533286602573963,-1.790118602573962,288015.0,670305.0,Patikul
29.460918,29.7449530715298,-0.2840350715298001,288315.0,670305.0,Patikul
28.584549,29.896853650409387,-1.3123046504093878,288615.0,670305.0,Patikul
28.056845,29.962720287810452,-1.9058752878104528,288915.0,670305.0,Patikul
29.37516,30.32737749406398,-0.95221749406398,289215.0,670305.0,Patikul
29.715055,29.421486451335603,0.2935685486643962,289515.0,670305.0,Patikul
29.389864,29.26068948219595,0.12917451780404932,289815.0,670305.0,Patikul
30.024258,30.713645167995583,-0.6893871679955836,290115.0,670305.0,Patikul
30.199062,30.21006622495306,-0.011004224953058639,290415.0,670305.0,Patikul
30.626627,29.388812126841138,1.237814873158861,290715.0,670305.0,Patikul
31.258446,30.343192518751422,0.9152534812485769,291015.0,670305.0,Patikul
32.02139,30.89054303436718,1.1308469656328164,291315.0,670305.0,Patikul
33.296383,33.12266262075202,0.17372037924798178,292215.0,670305.0,Patikul
32.227776,31.74021906883728,0.48755693116271814,292515.0,670305.0,Patikul
31.723007,31.939300583816227,-0.21629358381622765,292815.0,670305.0,Patikul
31.863745,33.699530699508166,-1.8357856995081647,293115.0,670305.0,Patikul
31.446064,32.91895260644921,-1.4728886064492102,293415.0,670305.0,Patikul
31.90885,31.805663431419553,0.10318656858044761,293715.0,670305.0,Patikul
32.429466,32.96320896917072,-0.5337429691707243,294015.0,670305.0,Patikul
34.92064,32.257038059202316,2.663601940797683,294315.0,670305.0,Patikul
35.356987,34.00910467926098,1.3478823207390178,294615.0,670305.0,Patikul
34.626816,35.08616024120078,-0.45934424120078177,294915.0,670305.0,Patikul
38.055702,35.202877836748286,2.852824163251711,295215.0,670305.0,Patikul
36.297146,34.48298123093957,1.814164769060426,295515.0,670305.0,Patikul
38.80404,36.63354025877681,2.170499741223189,295815.0,670305.0,Patikul
36.788807,35.88494392679031,0.903863073209692,296115.0,670305.0,Patikul
36.20643,34.639763685792964,1.5666663142070334,279015.0,670005.0,Jolo
42.212772,39.65273849030109,2.5600335096989113,279315.0,670005.0,Jolo
40.148426,37.448697654334744,2.6997283456652568,279615.0,670005.0,Jolo
39.602196,40.126426823740886,-0.5242308237408864,279915.0,670005.0,Jolo
34.251534,32.84174443554035,1.4097895644596505,280215.0,670005.0,Patikul
36.629177,36.181826916781,0.4473500832189998,280515.0,670005.0,Patikul
35.979618,37.028606788920804,-1.048988788920802,280815.0,670005.0,Patikul
34.196438,33.370655736539156,0.8257822634608445,281115.0,670005.0,Patikul
30.779512,32.21825241673801,-1.4387404167380105,281415.0,670005.0,Patikul
32.41033,33.022762917095875,-0.6124329170958731,281715.0,670005.0,Patikul
31.221415,32.29430918678597,-1.0728941867859731,282015.0,670005.0,Patikul
32.077934,31.903201672108683,0.17473232789131643,282315.0,670005.0,Patikul
31.168755,31.366065272069697,-0.19731027206969642,282615.0,670005.0,Patikul
31.742527,31.444252987722653,0.2982740122773464,282915.0,670005.0,Patikul
29.696865,30.583098407831127,-0.8862334078311278,283215.0,670005.0,Patikul
29.846165,30.91007205004791,-1.0639070500479093,283515.0,670005.0,Patikul
29.9686,30.18586920902832,-0.21726920902831992,283815.0,670005.0,Patikul
30.718727,31.023691777615678,-0.30496477761567675,284115.0,670005.0,Patikul
29.904549,30.323753567010836,-0.4192045670108371,284415.0,670005.0,Patikul
30.330132,30.27025630252384,0.05987569747615851,284715.0,670005.0,Patikul
30.587572,30.656201889555025,-0.06862988955502303,285015.0,670005.0,Patikul
28.804913,30.273301518277353,-1.4683885182773544,285315.0,670005.0,Patikul
29.56599,30.007490310658692,-0.441500310658693,285615.0,670005.0,Patikul
28.394749,29.87737085119902,-1.4826218511990206,285915.0,670005.0,Patikul
28.564293,30.564406785385017,-2.000113785385018,286215.0,670005.0,Patikul
28.54574,29.747870434710826,-1.2021304347108277,286515.0,670005.0,Patikul
29.118383,30.784789599807453,-1.666406599807452,286815.0,670005.0,Patikul
28.271748,30.36608218527576,-2.0943341852757626,287115.0,670005.0,Patikul
28.379017,29.68504295141869,-1.3060259514186896,287415.0,670005.0,Patikul
28.198038,29.469686008253596,-1.271648008253596,287715.0,670005.0,Patikul
28.201124,29.05550181045608,-0.8543778104560786,288015.0,670005.0,Patikul
28.850365,30.425210603151907,-1.574845603151907,288315.0,670005.0,Patikul
28.048994,29.249014198729473,-1.2000201987294723,288615.0,670005.0,Patikul
27.754503,29.30212595211175,-1.5476229521117517,288915.0,670005.0,Patikul
28.919184,29.539099047023416,-0.6199150470234152,289215.0,670005.0,Patikul
28.906893,29.51646478353877,-0.6095717835387688,289515.0,670005.0,Patikul
29.14565,29.773020747973288,-0.6273707479732877,289815.0,670005.0,Patikul
28.463,29.328764909467,-0.8657649094669999,290115.0,670005.0,Patikul
28.776733,30.40777143713396,-1.6310384371339595,290415.0,670005.0,Patikul
30.22774,30.675072259927987,-0.4473322599279861,290715.0,670005.0,Patikul
30.656137,29.75190070915952,0.9042362908404797,291015.0,670005.0,Patikul
31.441872,30.680610830337056,0.7612611696629443,291315.0,670005.0,Patikul
31.229376,30.809799315612995,0.41957668438700324,291615.0,670005.0,Patikul
31.38462,30.75902250298485,0.6255974970151534,291915.0,670005.0,Patikul
31.570206,31.201977171210988,0.368228828789011,292215.0,670005.0,Patikul
31.780998,31.03560343791063,0.7453945620893698,292515.0,670005.0,Patikul
31.280327,31.901114746600747,-0.6207877466007474,292815.0,670005.0,Patikul
31.146065,31.064412236368817,0.08165276363118323,293115.0,670005.0,Patikul
32.486317,32.318071412783866,0.16824558721613414,293415.0,670005.0,Patikul
32.39737,32.35103365957405,0.04633634042595247,293715.0,670005.0,Patikul
32.74518,33.32973110386294,-0.5845511038629425,294015.0,670005.0,Patikul
35.15543,33.42693484314778,1.728495156852226,294315.0,670005.0,Patikul
35.194035,34.12605078269275,1.0679842173072487,294615.0,670005.0,Patikul
34.68397,33.10445322269323,1.5795167773067718,294915.0,670005.0,Patikul
35.958145,34.95779555362778,1.0003494463722191,295215.0,670005.0,Patikul
36.053905,34.984386009509066,1.0695189904909341,295515.0,670005.0,Patikul
36.56212,36.28300339278712,0.27911660721287745,295815.0,670005.0,Patikul
36.829174,34.133234390130745,2.6959396098692565,296115.0,670005.0,Patikul
36.739185,35.86596962848584,0.8732153715141564,296415.0,670005.0,Patikul
43.105885,38.00615286994051,5.099732130059493,278715.0,669705.0,Jolo
41.5065,39.485529566847426,2.020970433152577,279015.0,669705.0,Jolo
37.97972,37.82973533043999,0.14998466956001266,279315.0,669705.0,Jolo
35.845463,33.58099123777094,2.264471762229064,279615.0,669705.0,Jolo
38.728985,36.84305774198436,1.8859272580156414,279915.0,669705.0,Patikul
38.856514,40.244985810277505,-1.3884718102775082,280215.0,669705.0,Patikul
38.61573,35.981485443472344,2.634244556527655,280515.0,669705.0,Patikul
37.87446,35.557444383414634,2.3170156165853655,280815.0,669705.0,Patikul
36.46101,34.860100804072,1.6009091959280042,281115.0,669705.0,Patikul
33.234154,33.59704146399752,-0.3628874639975237,281415.0,669705.0,Patikul
32.556026,31.102264184473736,1.453761815526267,281715.0,669705.0,Patikul
31.976011,31.59630587771919,0.37970512228081077,282015.0,669705.0,Patikul
32.912434,32.57153172444202,0.3409022755579798,282315.0,669705.0,Patikul
31.640108,31.31045984697168,0.32964815302832307,282615.0,669705.0,Patikul
31.330498,32.07174936857589,-0.7412513685758881,282915.0,669705.0,Patikul
30.665157,30.183284068976747,0.4818729310232541,283215.0,669705.0,Patikul
31.759409,31.84438095978824,-0.08497195978823768,283515.0,669705.0,Patikul
29.831211,32.02271201203176,-2.191501012031761,283815.0,669705.0,Patikul
30.005476,30.72517008356702,-0.7196940835670169,284115.0,669705.0,Patikul
29.584063,30.16787717628152,-0.5838141762815212,284415.0,669705.0,Patikul
29.228498,30.21794572103051,-0.9894477210305119,284715.0,669705.0,Patikul
29.677034,30.897129242155103,-1.2200952421551037,285015.0,669705.0,Patikul
29.448114,30.265596359686405,-0.8174823596864051,285315.0,669705.0,Patikul
28.58757,30.007594241715307,-1.420024241715307,285615.0,669705.0,Patikul
26.922956,29.280368239171153,-2.357412239171154,285915.0,669705.0,Patikul
27.301064,30.031871525394987,-2.7308075253949866,286215.0,669705.0,Patikul
28.538568,30.357781466283022,-1.8192134662830206,286515.0,669705.0,Patikul
27.994764,30.547109629742568,-2.552345629742568,286815.0,669705.0,Patikul
27.778292,30.286177401114983,-2.507885401114983,287115.0,669705.0,Patikul
27.854063,29.721049150226012,-1.8669861502260119,287415.0,669705.0,Patikul
26.474985,30.225120344745243,-3.7501353447452423,287715.0,669705.0,Patikul
28.205143,28.269849522252805,-0.0647065222528056,288015.0,669705.0,Patikul
27.816639,28.81873386884897,-1.002094868848971,288315.0,669705.0,Patikul
27.965305,29.371665519920015,-1.406360519920014,288615.0,669705.0,Patikul
27.140434,28.696925343022567,-1.556491343022568,288915.0,669705.0,Patikul
27.918343,29.18609475337631,-1.2677517533763094,289215.0,669705.0,Patikul
28.137405,29.771584590106393,-1.6341795901063918,289515.0,669705.0,Patikul
27.71182,28.872122198582428,-1.1603021985824284,289815.0,669705.0,Patikul
26.691797,28.77943225655163,-2.0876352565516285,290115.0,669705.0,Patikul
28.001965,29.702425054758,-1.7004600547580004,290415.0,669705.0,Patikul
29.200262,29.217819644894337,-0.017557644894338864,290715.0,669705.0,Patikul
29.750362,29.299463536065804,0.45089846393419464,291015.0,669705.0,Patikul
29.626205,30.214740312101124,-0.5885353121011256,291315.0,669705.0,Patikul
31.12873,30.258430245233896,0.8702997547661049,291615.0,669705.0,Patikul
30.655151,30.434056765546583,0.22109423445341747,291915.0,669705.0,Patikul
31.736166,30.50877607430247,1.2273899256975298,292215.0,669705.0,Patikul
31.474045,30.614547600174372,0.8594973998256279,292515.0,669705.0,Patikul
32.431786,31.421735587354476,1.0100504126455263,292815.0,669705.0,Patikul
31.037006,32.73164980427347,-1.6946438042734648,293115.0,669705.0,Patikul
32.27679,31.121767041551735,1.1550229584482636,293415.0,669705.0,Patikul
32.84415,31.19617639044278,1.6479736095572193,294015.0,669705.0,Patikul
32.738255,31.68072914143694,1.0575258585630607,294315.0,669705.0,Patikul
35.251144,32.266142875572264,2.9850011244277326,294615.0,669705.0,Patikul
35.622746,34.07627649765511,1.5464695023448911,294915.0,669705.0,Patikul
36.077843,34.27005082240764,1.8077921775923613,295215.0,669705.0,Patikul
35.40341,35.31101367745867,0.09239632254133312,295515.0,669705.0,Patikul
35.02929,35.46493520697498,-0.435645206974975,295815.0,669705.0,Patikul
36.35912,34.409863311597526,1.9492566884024711,296115.0,669705.0,Patikul
38.50463,35.936854330567336,2.567775669432663,296415.0,669705.0,Patikul
35.34694,35.11837828976076,0.22856171023923366,296715.0,669705.0,Patikul
36.149757,35.81743697603491,0.33232002396508875,277515.0,669405.0,Indanan
36.1793,37.953099388851,-1.7737993888510033,277815.0,669405.0,Indanan
36.1282,37.87948881457426,-1.7512888145742593,278115.0,669405.0,Jolo
40.2506,39.26698112231562,0.9836188776843784,278415.0,669405.0,Jolo
43.896286,40.82139587224696,3.0748901277530436,278715.0,669405.0,Jolo
42.05651,40.33917370232449,1.7173362976755158,279015.0,669405.0,Jolo
42.43295,40.0511443601037,2.3818056398962995,279315.0,669405.0,Jolo
37.32488,33.41581492880321,3.9090650711967925,279615.0,669405.0,Jolo
38.75579,40.22042172021744,-1.4646317202174401,279915.0,669405.0,Patikul
37.662144,38.595233003228415,-0.9330890032284174,280215.0,669405.0,Patikul
37.367844,34.65139533447547,2.7164486655245312,280515.0,669405.0,Patikul
38.934734,38.66034684331741,0.27438715668258595,280815.0,669405.0,Patikul
36.223145,33.69898078780908,2.524164212190925,281115.0,669405.0,Patikul
34.623802,32.611025022541874,2.012776977458124,281415.0,669405.0,Patikul
32.272312,33.344418530818224,-1.0721065308182247,281715.0,669405.0,Patikul
33.10774,32.10176923484298,1.0059707651570164,282015.0,669405.0,Patikul
29.979013,31.389808628744767,-1.4107956287447685,282315.0,669405.0,Patikul
30.849915,31.045085861642324,-0.19517086164232467,282615.0,669405.0,Patikul
29.59256,30.891376889598824,-1.2988168895988252,282915.0,669405.0,Patikul
29.741802,31.40330378622386,-1.6615017862238588,283215.0,669405.0,Patikul
29.870716,31.047505262410176,-1.1767892624101748,283515.0,669405.0,Patikul
29.516176,29.202439510260565,0.313736489739437,283815.0,669405.0,Patikul
29.449736,31.054528546356337,-1.604792546356336,284115.0,669405.0,Patikul
29.667587,30.0645828115958,-0.3969958115957972,284415.0,669405.0,Patikul
29.974848,28.901500046989074,1.0733479530109271,284715.0,669405.0,Patikul
29.476713,30.819669220141076,-1.342956220141076,285015.0,669405.0,Patikul
29.176973,29.40497108850009,-0.2279980885000903,285315.0,669405.0,Patikul
28.847744,30.09308279787516,-1.24533879787516,285615.0,669405.0,Patikul
28.480167,30.169831881732463,-1.6896648817324618,285915.0,669405.0,Patikul
27.784698,30.36549144976404,-2.580793449764041,286215.0,669405.0,Patikul
28.162518,30.355779076429904,-2.1932610764299056,286515.0,669405.0,Patikul
27.741152,29.32581625785279,-1.5846642578527899,286815.0,669405.0,Patikul
27.995457,30.585603934045924,-2.5901469340459258,287115.0,669405.0,Patikul
28.073051,30.261066881064522,-2.1880158810645227,287415.0,669405.0,Patikul
26.90069,29.36511545649841,-2.4644254564984074,287715.0,669405.0,Patikul
27.658922,29.58165218275336,-1.9227301827533587,288015.0,669405.0,Patikul
26.948305,28.981105094233904,-2.0328000942339024,288315.0,669405.0,Patikul
27.473362,29.0186943363617,-1.5453323363616995,288615.0,669405.0,Patikul
26.45664,28.67943032508005,-2.2227903250800516,288915.0,669405.0,Patikul
26.995337,28.34915094128986,-1.3538139412898609,289215.0,669405.0,Patikul
27.158463,28.531474087904773,-1.3730110879047714,289515.0,669405.0,Patikul
27.005909,28.719239360457046,-1.7133303604570465,289815.0,669405.0,Patikul
27.840265,28.823692565571253,-0.9834275655712545,290115.0,669405.0,Patikul
28.00833,28.595524063840276,-0.5871940638402755,290415.0,669405.0,Patikul
28.491539,28.72451980999395,-0.23298080999395054,290715.0,669405.0,Patikul
30.39955,29.15161906353794,1.2479309364620619,291015.0,669405.0,Patikul
30.122616,29.0254909399222,1.0971250600778006,291315.0,669405.0,Patikul
30.119555,29.716083411407034,0.4034715885929643,291615.0,669405.0,Patikul
29.60264,30.562883511202596,-0.9602435112025951,291915.0,669405.0,Patikul
30.78425,30.464592203266303,0.3196577967336971,292215.0,669405.0,Patikul
31.032204,30.064463843003324,0.9677401569966761,292515.0,669405.0,Patikul
31.527925,30.149024516086843,1.3789004839131564,292815.0,669405.0,Patikul
31.101568,30.970583406508013,0.13098459349198777,293115.0,669405.0,Patikul
30.407124,29.757401430062902,0.6497225699370972,293415.0,669405.0,Patikul
31.21996,30.660693926704525,0.5592660732954755,293715.0,669405.0,Patikul
33.23444,30.65774979558561,2.5766902044143905,294015.0,669405.0,Patikul
34.594208,33.37555863353537,1.218649366464632,295215.0,669405.0,Patikul
35.23045,33.34382536501686,1.8866246349831357,295515.0,669405.0,Patikul
35.48419,34.65917433840073,0.8250156615992665,295815.0,669405.0,Patikul
35.11892,34.26029150246285,0.8586284975371541,296115.0,669405.0,Patikul
34.743576,35.8505332324791,-1.106957232479104,296415.0,669405.0,Patikul
34.711433,35.92749136170936,-1.2160583617093579,296715.0,669405.0,Patikul
36.384506,35.38228894202063,1.0022170579793723,297015.0,669405.0,Patikul
35.958164,35.598208504278084,0.35995549572191265,277215.0,669105.0,Indanan
35.56647,37.2972517504916,-1.7307817504915946,277515.0,669105.0,Indanan
34.616295,33.20995786949669,1.40633713050331,277815.0,669105.0,Indanan
39.905907,41.542798880537354,-1.6368918805373553,278115.0,669105.0,Jolo
41.856766,39.08699590949985,2.7697700905001525,278415.0,669105.0,Jolo
43.333664,41.07852995328993,2.2551340467100687,278715.0,669105.0,Jolo
42.350437,40.63734159570436,1.7130954042956361,279015.0,669105.0,Jolo
42.51519,40.20812566741311,2.30706433258689,279315.0,669105.0,Jolo
38.42448,35.19446127873089,3.2300187212691114,279615.0,669105.0,Jolo
35.864395,34.546910056027215,1.3174849439727865,279915.0,669105.0,Patikul
37.319653,35.01010883110317,2.309544168896835,280215.0,669105.0,Patikul
38.33199,39.55173131117521,-1.2197413111752127,280515.0,669105.0,Patikul
36.92022,32.8736720531621,4.046547946837897,280815.0,669105.0,Patikul
32.7099,33.42544684437624,-0.7155468443762416,281115.0,669105.0,Patikul
33.991924,35.6413949187662,-1.6494709187662053,281415.0,669105.0,Patikul
31.617186,31.532143896670853,0.08504210332914752,281715.0,669105.0,Patikul
30.31442,31.40061514302226,-1.0861951430222625,282015.0,669105.0,Patikul
30.081886,31.197304357780006,-1.1154183577800048,282315.0,669105.0,Patikul
30.181479,30.771145335389498,-0.5896663353894986,282615.0,669105.0,Patikul
28.620066,30.882166373707516,-2.262100373707515,282915.0,669105.0,Patikul
29.540976,30.718629799032797,-1.1776537990327967,283215.0,669105.0,Patikul
29.567135,30.4262750387744,-0.8591400387743988,283515.0,669105.0,Patikul
29.286854,30.05462254353088,-0.7677685435308774,283815.0,669105.0,Patikul
29.4491,30.30828685514568,-0.8591868551456798,284115.0,669105.0,Patikul
29.86459,30.105915915768737,-0.24132591576873708,284415.0,669105.0,Patikul
30.5722,29.784875866917027,0.7873241330829721,284715.0,669105.0,Patikul
29.571129,29.414244246108264,0.15688475389173462,285015.0,669105.0,Patikul
29.940434,30.3342945190013,-0.3938605190013007,285315.0,669105.0,Patikul
29.752071,30.301538036649784,-0.5494670366497836,285615.0,669105.0,Patikul
28.82777,29.647399945263903,-0.8196299452639018,285915.0,669105.0,Patikul
27.47075,30.64543245454084,-3.1746824545408394,286215.0,669105.0,Patikul
28.071026,29.593315203615102,-1.5222892036151023,286515.0,669105.0,Patikul
27.406614,29.229251978470405,-1.8226379784704037,286815.0,669105.0,Patikul
27.766336,30.430338072141435,-2.664002072141436,287115.0,669105.0,Patikul
25.419733,29.761085305048358,-4.341352305048357,287415.0,669105.0,Patikul
25.724274,29.236037528367998,-3.5117635283679967,287715.0,669105.0,Patikul
26.6521,29.319190991687737,-2.6670909916877363,288015.0,669105.0,Patikul
26.463017,28.622764061309734,-2.1597470613097336,288315.0,669105.0,Patikul
26.328152,28.22539350685638,-1.897241506856382,288615.0,669105.0,Patikul
26.98222,28.11386784288848,-1.13164784288848,288915.0,669105.0,Patikul
26.75775,27.848568956297154,-1.0908189562971522,289215.0,669105.0,Patikul
26.684187,28.363813588138225,-1.6796265881382233,289515.0,669105.0,Patikul
26.774279,27.80492839043,-1.0306493904299998,289815.0,669105.0,Patikul
27.725462,27.981681479484717,-0.2562194794847166,290115.0,669105.0,Patikul
27.68247,28.289270888044037,-0.6068008880440381,290415.0,669105.0,Patikul
27.98041,28.590494248293194,-0.6100842482931945,290715.0,669105.0,Patikul
29.75686,28.90161379756233,0.8552462024376695,291015.0,669105.0,Patikul
29.215652,29.79468383358397,-0.5790318335839721,291315.0,669105.0,Patikul
29.809072,29.809058286802976,1.371319702414553e-05,291615.0,669105.0,Patikul
30.520008,29.702396155705316,0.8176118442946851,291915.0,669105.0,Patikul
29.539806,29.18885676065843,0.35094923934156697,292215.0,669105.0,Patikul
31.183931,31.281415745663722,-0.09748474566372067,292515.0,669105.0,Patikul
31.124653,30.27759645912244,0.8470565408775599,292815.0,669105.0,Patikul
30.207985,30.485579732528393,-0.2775947325283923,293115.0,669105.0,Patikul
30.199926,29.43368867905519,0.7662373209448106,293415.0,669105.0,Patikul
32.21781,31.4179531852738,0.7998568147262013,294615.0,669105.0,Patikul
33.021263,32.15276684078025,0.8684961592197453,294915.0,669105.0,Patikul
33.912693,33.77907072963719,0.13362227036280672,295215.0,669105.0,Patikul
34.4127,32.79987308733584,1.6128269126641612,295515.0,669105.0,Patikul
33.988884,33.395166782077034,0.5937172179229648,295815.0,669105.0,Patikul
33.416973,32.88974150005103,0.527231499948968,296115.0,669105.0,Patikul
33.37361,33.984244643256496,-0.6106346432564962,296415.0,669105.0,Patikul
36.13319,34.511967810206755,1.6212221897932437,296715.0,669105.0,Patikul
36.854885,34.510118984407995,2.3447660155920076,297015.0,669105.0,Patikul
35.19622,36.04003539162759,-0.8438153916275937,297315.0,669105.0,Patikul
34.67059,34.782888605543505,-0.11229860554350779,277215.0,668805.0,Indanan
36.96418,36.091948972089476,0.872231027910523,277515.0,668805.0,Indanan
37.002914,37.380108581152044,-0.37719458115204674,277815.0,668805.0,Indanan
40.195637,37.744223792418154,2.451413207581844,278115.0,668805.0,Indanan
41.954887,40.352824131148004,1.602062868851995,278415.0,668805.0,Jolo
42.72919,40.29708965832307,2.432100341676936,278715.0,668805.0,Jolo
41.899162,39.80203076897368,2.0971312310263173,279015.0,668805.0,Jolo
41.866024,36.95588633627222,4.910137663727781,279315.0,668805.0,Jolo
42.53477,39.838559462033906,2.6962105379660954,279615.0,668805.0,Jolo
37.639645,37.47914422203825,0.16050077796175088,279915.0,668805.0,Patikul
36.360348,33.503297015346504,2.8570509846534975,280215.0,668805.0,Patikul
39.302216,35.61773289260591,3.684483107394094,280515.0,668805.0,Patikul
33.08275,33.0046974535702,0.0780525464297952,280815.0,668805.0,Patikul
32.92198,32.523575613109074,0.39840438689092394,281115.0,668805.0,Patikul
30.410677,31.4672401850851,-1.0565631850850998,281415.0,668805.0,Patikul
31.601343,33.47091965989589,-1.8695766598958912,281715.0,668805.0,Patikul
29.89019,30.328277050505978,-0.4380870505059775,282015.0,668805.0,Patikul
29.656479,30.149941385180362,-0.49346238518036145,282315.0,668805.0,Patikul
29.928314,31.180423846602945,-1.252109846602945,282615.0,668805.0,Patikul
29.82353,30.49023922819243,-0.6667092281924276,282915.0,668805.0,Patikul
30.762102,30.41321846911943,0.34888353088057045,283215.0,668805.0,Patikul
29.263454,30.077369768577075,-0.8139157685770755,283515.0,668805.0,Patikul
29.037859,30.188937150678363,-1.1510781506783623,283815.0,668805.0,Patikul
28.935247,29.91344241666081,-0.9781954166608102,284115.0,668805.0,Patikul
29.165922,29.973535774407722,-0.8076137744077236,284415.0,668805.0,Patikul
30.495863,29.80193140819122,0.6939315918087807,284715.0,668805.0,Patikul
30.363426,29.43753496028068,0.9258910397193212,285015.0,668805.0,Patikul
29.838282,29.777918601142684,0.060363398857315786,285315.0,668805.0,Patikul
28.581993,29.508835292770083,-0.9268422927700826,285615.0,668805.0,Patikul
29.25484,29.101274922319863,0.15356507768013827,285915.0,668805.0,Patikul
28.30794,30.491041464081167,-2.183101464081169,286215.0,668805.0,Patikul
28.410507,30.638115525610317,-2.227608525610318,286515.0,668805.0,Patikul
27.838121,29.863758825799916,-2.0256378257999152,286815.0,668805.0,Patikul
27.690369,29.55914656010415,-1.8687775601041494,287115.0,668805.0,Patikul
25.82035,29.435717300488186,-3.6153673004881846,287415.0,668805.0,Patikul
25.646873,28.85022091608527,-3.2033479160852707,287715.0,668805.0,Patikul
27.154362,27.111744692492316,0.04261730750768322,288015.0,668805.0,Patikul
25.956282,28.26950325064881,-2.313221250648809,288315.0,668805.0,Patikul
26.129015,27.655818254994724,-1.526803254994725,288615.0,668805.0,Patikul
26.796507,28.511788019145946,-1.715281019145948,288915.0,668805.0,Patikul
25.832335,27.196168145142618,-1.3638331451426176,289215.0,668805.0,Patikul
26.858805,27.99728534597827,-1.1384803459782695,289515.0,668805.0,Patikul
26.376932,27.59693405333752,-1.2200020533375202,289815.0,668805.0,Patikul
27.586555,27.943946135703044,-0.35739113570304326,290115.0,668805.0,Patikul
26.751717,27.726929179516198,-0.9752121795161983,290415.0,668805.0,Patikul
26.63814,28.33836440002506,-1.7002244000250606,290715.0,668805.0,Patikul
27.575357,27.588257974669876,-0.012900974669875609,291015.0,668805.0,Patikul
28.68982,28.921036588000938,-0.2312165880009367,291315.0,668805.0,Patikul
28.2185,27.973771298225326,0.24472870177467243,291615.0,668805.0,Patikul
29.356401,30.26947427033253,-0.9130732703325286,291915.0,668805.0,Patikul
28.972454,28.501332042296045,0.4711219577039536,292215.0,668805.0,Patikul
29.886011,28.755478244756848,1.130532755243152,292515.0,668805.0,Patikul
30.619972,30.853254250166557,-0.2332822501665568,292815.0,668805.0,Patikul
29.513102,29.565729112872972,-0.052627112872972504,293115.0,668805.0,Patikul
30.105574,29.91938650660479,0.18618749339520946,293415.0,668805.0,Patikul
32.01675,30.54200729697979,1.4747427030202118,294315.0,668805.0,Patikul
32.68764,31.133820458999562,1.5538195410004398,294615.0,668805.0,Patikul
31.457275,31.22501724142716,0.23225775857283892,294915.0,668805.0,Patikul
32.60301,30.8863775761029,1.7166324238970994,295215.0,668805.0,Patikul
34.4154,33.657626597624386,0.7577734023756122,295515.0,668805.0,Patikul
33.448017,31.721524321171607,1.726492678828393,295815.0,668805.0,Patikul
35.00625,33.209061285319095,1.7971887146809067,296115.0,668805.0,Patikul
34.955112,33.475583432321315,1.4795285676786847,296415.0,668805.0,Patikul
33.91098,32.10351999942787,1.807460000572135,296715.0,668805.0,Patikul
33.77688,32.13586565567055,1.6410143443294487,297015.0,668805.0,Patikul
35.9947,34.34355335250759,1.6511466474924106,297315.0,668805.0,Patikul
35.349586,33.906871308771294,1.4427146912287085,297615.0,668805.0,Patikul
32.775837,33.48745304541242,-0.7116160454124199,276915.0,668505.0,Indanan
33.707767,33.04529659150876,0.6624704084912381,277215.0,668505.0,Indanan
38.33933,39.975574244150245,-1.636244244150248,277515.0,668505.0,Indanan
39.911236,41.89822513138922,-1.9869891313892154,277815.0,668505.0,Indanan
40.018253,40.95735887019536,-0.9391058701953554,278115.0,668505.0,Indanan
42.544746,42.2690171595381,0.2757288404619018,278415.0,668505.0,Indanan
41.134094,40.88312537362426,0.25096862637573736,278715.0,668505.0,Jolo
42.17993,40.93662493558688,1.2433050644131214,279015.0,668505.0,Patikul
43.177235,40.31360956243954,2.863625437560465,279315.0,668505.0,Patikul
41.78497,39.62707733862258,2.1578926613774243,279615.0,668505.0,Jolo
39.933346,38.167943790044426,1.7654022099555746,279915.0,668505.0,Patikul
37.393887,39.56573140359164,-2.171844403591642,280215.0,668505.0,Patikul
35.047707,33.961657062729365,1.0860499372706371,280515.0,668505.0,Patikul
33.674324,33.10790810413152,0.5664158958684808,280815.0,668505.0,Patikul
31.194557,32.84835656487523,-1.6537995648752322,281115.0,668505.0,Patikul
29.760328,31.90944371025028,-2.1491157102502783,281415.0,668505.0,Patikul
29.685438,31.457739626779784,-1.7723016267797824,281715.0,668505.0,Patikul
28.356916,30.32714264652147,-1.9702266465214713,282015.0,668505.0,Patikul
30.104216,29.628146554603738,0.47606944539626284,282315.0,668505.0,Patikul
29.59036,31.063922497886015,-1.4735624978860145,282615.0,668505.0,Patikul
29.310453,30.345614798613823,-1.0351617986138244,282915.0,668505.0,Patikul
30.335579,30.286093928406647,0.04948507159335236,283215.0,668505.0,Patikul
30.169012,30.585923363064943,-0.41691136306494414,283515.0,668505.0,Patikul
30.172035,30.837137855351195,-0.6651028553511935,283815.0,668505.0,Patikul
30.39821,30.622156881255112,-0.22394688125511308,284115.0,668505.0,Patikul
29.33608,29.918314436287037,-0.5822344362870382,284415.0,668505.0,Patikul
29.408945,29.414907767406046,-0.00596276740604651,284715.0,668505.0,Patikul
28.573254,28.708411870440187,-0.1351578704401888,285015.0,668505.0,Patikul
29.425303,29.30319274152803,0.12211025847197021,285315.0,668505.0,Patikul
29.375742,29.493199826579705,-0.11745782657970594,285615.0,668505.0,Patikul
29.067154,29.49122810346612,-0.42407410346612195,285915.0,668505.0,Patikul
27.851662,29.343895474455273,-1.492233474455272,286215.0,668505.0,Patikul
27.695984,28.860366387157253,-1.1643823871572536,286515.0,668505.0,Patikul
26.893652,29.24270443322674,-2.349052433226742,286815.0,668505.0,Patikul
27.74642,29.235284201353284,-1.4888642013532838,287115.0,668505.0,Patikul
27.147486,29.058381732510693,-1.9108957325106921,287415.0,668505.0,Patikul
27.216333,28.547774985135483,-1.3314419851354842,287715.0,668505.0,Patikul
26.328314,27.670783838674218,-1.3424698386742193,288015.0,668505.0,Patikul
26.363123,27.855773019623864,-1.4926500196238628,288315.0,668505.0,Patikul
26.215616,27.243330846299703,-1.027714846299702,288615.0,668505.0,Patikul
26.259115,26.873108743800813,-0.6139937438008118,288915.0,668505.0,Patikul
26.663858,26.882830633052343,-0.21897263305234205,289215.0,668505.0,Patikul
26.379005,27.369413275120706,-0.9904082751207071,289515.0,668505.0,Patikul
26.126661,27.343380527266664,-1.2167195272666653,289815.0,668505.0,Patikul
26.210424,26.909326794380576,-0.6989027943805759,290115.0,668505.0,Patikul
27.712273,27.051174093911232,0.6610989060887675,290415.0,668505.0,Patikul
27.17607,27.291291724187268,-0.11522172418726839,290715.0,668505.0,Patikul
27.352522,27.807669217637134,-0.4551472176371334,291015.0,668505.0,Patikul
27.226507,27.6749579758971,-0.44845097589709937,291315.0,668505.0,Patikul
27.749235,27.66686429888391,0.08237070111608702,291615.0,668505.0,Patikul
28.669737,28.71718693543781,-0.04744993543780751,291915.0,668505.0,Patikul
28.820383,27.83359040987885,0.9867925901211514,292215.0,668505.0,Patikul
28.600853,29.103734048955648,-0.502881048955647,292515.0,668505.0,Patikul
29.777773,29.035464448305678,0.7423085516943217,292815.0,668505.0,Patikul
29.1004,28.767905046447297,0.332494953552704,293115.0,668505.0,Patikul
30.822243,29.759601885649804,1.0626411143501961,293415.0,668505.0,Patikul
29.852528,29.421830599219504,0.43069740078049534,293715.0,668505.0,Patikul
30.899815,30.288836563229324,0.6109784367706759,294015.0,668505.0,Patikul
30.848423,30.879418701188865,-0.03099570118886419,294315.0,668505.0,Patikul
30.93519,30.556918212711143,0.37827178728885613,294615.0,668505.0,Patikul
31.044239,30.851950322698297,0.19228867730170407,294915.0,668505.0,Patikul
30.914175,30.93174690456963,-0.017571904569628316,295215.0,668505.0,Patikul
36.304585,31.953926594182693,4.35065840581731,295515.0,668505.0,Patikul
32.623722,31.361221603775597,1.2625003962244037,295815.0,668505.0,Patikul
35.126293,32.37361594444765,2.752677055552347,296115.0,668505.0,Patikul
34.679146,33.45740591069319,1.221740089306813,296415.0,668505.0,Patikul
33.347538,32.170124860894404,1.177413139105596,296715.0,668505.0,Patikul
34.311275,33.05903872100212,1.2522362789978843,297015.0,668505.0,Patikul
32.958485,33.66507147392849,-0.7065864739284891,297315.0,668505.0,Patikul
33.826664,33.44036075296512,0.3863032470348813,297615.0,668505.0,Patikul
37.44343,36.01423906806201,1.4291909319379883,297915.0,668505.0,Patikul
32.524662,32.7280671477307,-0.20340514773069884,274515.0,668205.0,Indanan
31.9834,31.755076676987358,0.22832332301264202,274815.0,668205.0,Indanan
30.355154,31.869129122996615,-1.5139751229966159,275115.0,668205.0,Indanan
30.163822,32.26498495504009,-2.101162955040092,275415.0,668205.0,Indanan
31.545797,33.554696149058,-2.008899149058003,275715.0,668205.0,Indanan
32.035393,34.87908491583522,-2.8436919158352225,276015.0,668205.0,Indanan
33.339714,35.2212808381189,-1.8815668381189,276315.0,668205.0,Indanan
37.563484,36.67157448075774,0.8919095192422617,276615.0,668205.0,Indanan
35.79813,34.92940274385554,0.8687272561444601,276915.0,668205.0,Indanan
35.941357,35.51679120746029,0.4245657925397168,277215.0,668205.0,Indanan
39.119797,39.93636234211649,-0.8165653421164905,277515.0,668205.0,Indanan
38.65825,38.74137379359299,-0.08312379359298916,277815.0,668205.0,Indanan
40.397293,41.80934252192988,-1.4120495219298803,278115.0,668205.0,Indanan
38.154697,38.91830415127877,-0.7636071512787694,278415.0,668205.0,Indanan
36.294456,37.74386770124607,-1.4494117012460705,278715.0,668205.0,Indanan
39.221085,39.91575214628257,-0.6946671462825691,279015.0,668205.0,Patikul
41.85753,39.71001082275383,2.147519177246167,279315.0,668205.0,Patikul
40.35976,36.231222040965704,4.128537959034297,279615.0,668205.0,Patikul
38.109974,39.08011375224406,-0.9701397522440587,279915.0,668205.0,Patikul
38.45018,33.436252490799504,5.013927509200499,280215.0,668205.0,Patikul
40.187527,38.82761815716918,1.3599088428308264,280515.0,668205.0,Patikul
37.132133,33.152943911769036,3.9791890882309673,280815.0,668205.0,Patikul
31.521442,33.11170202051323,-1.5902600205132273,281115.0,668205.0,Patikul
30.197392,31.876764086834385,-1.679372086834384,281415.0,668205.0,Patikul
28.901989,31.51922171603997,-2.617232716039968,281715.0,668205.0,Patikul
29.108915,30.862769483781936,-1.7538544837819359,282015.0,668205.0,Patikul
31.383032,29.45876047750522,1.9242715224947808,282315.0,668205.0,Patikul
30.729252,30.613531885337817,0.11572011466218157,282615.0,668205.0,Patikul
31.29928,30.678791731080175,0.620488268919825,282915.0,668205.0,Patikul
29.912436,30.9879635882769,-1.075527588276902,283215.0,668205.0,Patikul
29.242662,30.64086907330415,-1.3982070733041496,283515.0,668205.0,Patikul
28.954752,29.990971025406512,-1.0362190254065133,283815.0,668205.0,Patikul
29.16729,29.691011136128118,-0.5237211361281169,284115.0,668205.0,Patikul
28.532415,29.722621550950926,-1.1902065509509256,284415.0,668205.0,Patikul
28.355202,28.961780605033514,-0.6065786050335156,284715.0,668205.0,Patikul
28.370214,29.379821014689274,-1.0096070146892728,285015.0,668205.0,Patikul
28.465746,29.051808341233045,-0.5860623412330455,285315.0,668205.0,Patikul
28.32102,29.18730261868505,-0.8662826186850481,285615.0,668205.0,Patikul
28.369291,28.991744977600558,-0.6224539776005571,285915.0,668205.0,Patikul
27.407837,28.9021196119427,-1.494282611942701,286215.0,668205.0,Patikul
26.879555,29.15640415550485,-2.2768491555048485,286515.0,668205.0,Patikul
27.145271,29.14909933855609,-2.00382833855609,286815.0,668205.0,Patikul
27.087889,28.618009405973773,-1.530120405973772,287115.0,668205.0,Patikul
26.654766,28.697938665978374,-2.043172665978375,287415.0,668205.0,Patikul
26.583487,28.44346069283434,-1.8599736928343376,287715.0,668205.0,Patikul
26.681208,27.993665388907605,-1.3124573889076032,288015.0,668205.0,Patikul
26.390207,27.24300785593438,-0.8528008559343796,288315.0,668205.0,Patikul
25.988277,27.124901987965792,-1.1366249879657921,288615.0,668205.0,Patikul
25.387524,27.55723070166546,-2.1697067016654614,288915.0,668205.0,Patikul
26.147043,27.36610518315751,-1.2190621831575115,289215.0,668205.0,Patikul
25.851927,27.48972276890977,-1.6377957689097684,289515.0,668205.0,Patikul
25.867851,27.042412109163628,-1.1745611091636263,289815.0,668205.0,Patikul
26.346254,27.579324586796808,-1.23307058679681,290115.0,668205.0,Patikul
26.683584,27.40273846231907,-0.7191544623190715,290415.0,668205.0,Patikul
26.657764,27.585098640418675,-0.9273346404186746,290715.0,668205.0,Patikul
26.907484,27.13365007134478,-0.22616607134477817,291015.0,668205.0,Patikul
27.854393,27.278541104420885,0.5758518955791168,291315.0,668205.0,Patikul
27.906063,27.580493513482423,0.3255694865175762,291615.0,668205.0,Patikul
27.258368,27.2859662591228,-0.027598259122800783,291915.0,668205.0,Patikul
27.435146,27.389702819116263,0.045443180883737,292215.0,668205.0,Patikul
27.454,27.554148757311825,-0.10014875731182471,292515.0,668205.0,Patikul
29.1192,29.40859362209546,-0.28939362209546005,292815.0,668205.0,Patikul
29.525942,28.632406089921755,0.8935359100782456,293115.0,668205.0,Patikul
29.60988,29.375352197183094,0.23452780281690622,293415.0,668205.0,Patikul
29.85966,29.69726695826038,0.1623930417396231,293715.0,668205.0,Patikul
29.880169,29.693197343434825,0.18697165656517356,294015.0,668205.0,Patikul
29.782148,29.59197750331031,0.19017049668968866,294315.0,668205.0,Patikul
29.338758,30.188592974484802,-0.8498349744848035,294615.0,668205.0,Patikul
29.904472,30.91246369686497,-1.0079916968649734,294915.0,668205.0,Patikul
31.49486,31.804172180196733,-0.30931218019673423,295215.0,668205.0,Patikul
34.08078,32.74160977901985,1.3391702209801437,295515.0,668205.0,Patikul
33.53806,32.07746215393906,1.4605978460609421,295815.0,668205.0,Patikul
34.869804,32.432082283662396,2.437721716337606,296115.0,668205.0,Patikul
35.59406,33.86964996580013,1.7244100341998703,296415.0,668205.0,Patikul
34.826828,31.969583966307866,2.857244033692133,296715.0,668205.0,Patikul
33.471024,31.014296792831175,2.456727207168825,297015.0,668205.0,Patikul
33.50504,33.20399054414492,0.3010494558550789,297315.0,668205.0,Patikul
34.252075,33.51876910189215,0.7333058981078509,297615.0,668205.0,Patikul
35.35402,36.6983421589311,-1.3443221589310994,297915.0,668205.0,Patikul
35.423176,34.474074611770746,0.949101388229252,298215.0,668205.0,Patikul
31.576637,32.20972783780009,-0.6330908378000863,274215.0,667905.0,Indanan
33.03821,33.471317139656605,-0.43310713965660597,274515.0,667905.0,Indanan
31.906797,34.598561923876716,-2.6917649238767147,274815.0,667905.0,Indanan
31.88588,32.27623335663817,-0.3903533566381725,275115.0,667905.0,Indanan
32.05665,33.96040338746032,-1.9037533874603199,275415.0,667905.0,Indanan
31.838053,33.98387264841173,-2.1458196484117344,275715.0,667905.0,Indanan
33.92542,34.361221255322775,-0.43580125532277236,276015.0,667905.0,Indanan
34.512806,34.25036214314667,0.2624438568533307,276315.0,667905.0,Indanan
36.24172,38.212532070124155,-1.970812070124154,276615.0,667905.0,Indanan
34.247982,35.348100030984696,-1.1001180309846958,276915.0,667905.0,Indanan
34.429497,36.50687308611556,-2.0773760861155637,277215.0,667905.0,Indanan
35.563118,34.72391557786257,0.8392024221374328,277515.0,667905.0,Indanan
35.30475,35.10292214080984,0.20182785919016055,277815.0,667905.0,Indanan
38.053917,37.942050493341846,0.11186650665815279,278115.0,667905.0,Indanan
34.37126,34.233850005973984,0.13740999402601517,278415.0,667905.0,Indanan
32.469444,32.86959062723615,-0.4001466272361469,278715.0,667905.0,Indanan
34.69283,34.03640485222399,0.6564251477760124,279015.0,667905.0,Patikul
34.057434,33.95293199329977,0.1045020067002298,279315.0,667905.0,Patikul
31.98617,32.600007117253114,-0.6138371172531123,279615.0,667905.0,Patikul
34.06633,33.62749134445351,0.4388386555464905,279915.0,667905.0,Patikul
32.58574,33.732567848826385,-1.1468278488263834,280215.0,667905.0,Patikul
32.298355,33.225857058225394,-0.927502058225393,280515.0,667905.0,Patikul
30.367552,31.310622353130295,-0.9430703531302953,280815.0,667905.0,Patikul
33.50096,32.897729354954535,0.6032306450454641,281115.0,667905.0,Patikul
32.06027,32.32634089180212,-0.26607089180211574,281415.0,667905.0,Patikul
29.658497,30.8938574874732,-1.2353604874731978,281715.0,667905.0,Patikul
29.559937,30.51733267792322,-0.9573956779232198,282015.0,667905.0,Patikul
29.552217,30.533217152011403,-0.9810001520114042,282315.0,667905.0,Patikul
29.925173,29.912523671440535,0.012649328559465545,282615.0,667905.0,Patikul
29.087212,29.92572535845335,-0.8385133584533477,282915.0,667905.0,Patikul
30.6121,30.21223854669954,0.3998614533004634,283215.0,667905.0,Patikul
30.85602,29.48270734363547,1.3733126563645293,283515.0,667905.0,Patikul
29.562113,30.784798227729926,-1.2226852277299258,283815.0,667905.0,Patikul
29.430307,30.07713825879527,-0.6468312587952703,284115.0,667905.0,Patikul
28.177608,29.582773445898237,-1.4051654458982377,284415.0,667905.0,Patikul
27.914711,29.06265753236932,-1.1479465323693212,284715.0,667905.0,Patikul
28.417597,29.269181356025143,-0.8515843560251426,285015.0,667905.0,Patikul
29.191196,29.10085938392441,0.09033661607559296,285315.0,667905.0,Patikul
28.04283,29.052482734634793,-1.0096527346347948,285615.0,667905.0,Patikul
28.15738,29.21722080853112,-1.0598408085311206,285915.0,667905.0,Patikul
27.178432,28.639965346097977,-1.4615333460979762,286215.0,667905.0,Patikul
26.49565,28.780557050187713,-2.2849070501877122,286515.0,667905.0,Patikul
27.663624,29.325546661545992,-1.6619226615459937,286815.0,667905.0,Patikul
27.888983,29.558371952818295,-1.669388952818295,287115.0,667905.0,Patikul
27.598377,28.62123748511521,-1.0228604851152099,287415.0,667905.0,Patikul
27.16162,28.835753058559188,-1.674133058559189,287715.0,667905.0,Patikul
27.76698,28.78701226743611,-1.020032267436111,288015.0,667905.0,Patikul
26.801077,27.19032502741858,-0.38924802741858144,288315.0,667905.0,Patikul
26.561146,27.435942766753783,-0.8747967667537822,288615.0,667905.0,Patikul
26.00522,27.536796058238178,-1.5315760582381763,288915.0,667905.0,Patikul
25.444511,27.046927129240334,-1.6024161292403356,289215.0,667905.0,Patikul
25.569035,26.92355508507644,-1.354520085076441,289515.0,667905.0,Patikul
25.319729,27.67207442261786,-2.352345422617862,289815.0,667905.0,Patikul
26.713202,27.11685534542311,-0.4036533454231126,290115.0,667905.0,Patikul
26.188002,27.295565964874314,-1.1075639648743127,290415.0,667905.0,Patikul
26.198582,26.908569439914057,-0.7099874399140589,290715.0,667905.0,Patikul
27.091427,26.971086467450693,0.12034053254930654,291015.0,667905.0,Patikul
27.568783,27.44496368054291,0.12381931945709113,291315.0,667905.0,Patikul
28.28507,26.96739068037025,1.3176793196297503,291615.0,667905.0,Patikul
27.46983,27.749248076932332,-0.27941807693233045,291915.0,667905.0,Patikul
26.505356,27.16786421557126,-0.6625082155712612,292215.0,667905.0,Patikul
27.87085,28.110956631350987,-0.24010663135098653,292515.0,667905.0,Patikul
27.575165,28.970823170663625,-1.3956581706636264,292815.0,667905.0,Patikul
29.125296,28.522900314013512,0.6023956859864867,293115.0,667905.0,Patikul
30.633617,29.352300938663515,1.2813160613364865,293415.0,667905.0,Patikul
30.02651,29.034453413355568,0.9920565866444306,293715.0,667905.0,Patikul
29.32877,29.47456654815601,-0.14579654815601018,294015.0,667905.0,Patikul
29.298307,28.92239652045009,0.37591047954991197,294315.0,667905.0,Patikul
29.251558,29.101606506520955,0.14995149347904402,294615.0,667905.0,Patikul
29.878975,29.559966105707584,0.3190088942924163,294915.0,667905.0,Patikul
30.389652,29.727532821560253,0.6621191784397489,295215.0,667905.0,Patikul
32.99294,30.26141409918556,2.731525900814436,295515.0,667905.0,Patikul
34.799953,31.62438212627395,3.175570873726052,295815.0,667905.0,Patikul
33.94702,32.28613300508242,1.6608869949175826,296115.0,667905.0,Patikul
33.499653,31.44826261122583,2.0513903887741733,296415.0,667905.0,Patikul
35.106823,33.20611056750192,1.900712432498075,296715.0,667905.0,Patikul
33.63271,32.475415411765404,1.157294588234599,297015.0,667905.0,Patikul
34.431026,33.74554397810178,0.685482021898224,297315.0,667905.0,Patikul
36.802418,34.76806477800327,2.0343532219967315,297615.0,667905.0,Patikul
36.48254,36.03247723339897,0.45006276660102884,297915.0,667905.0,Patikul
30.281935,31.425917427884393,-1.1439824278843922,273915.0,667605.0,Indanan
31.140648,33.877857429758464,-2.7372094297584653,274215.0,667605.0,Indanan
33.653603,34.66172308134031,-1.0081200813403157,274515.0,667605.0,Indanan
33.163124,34.373303503508076,-1.2101795035080727,274815.0,667605.0,Indanan
32.102444,33.0764987114328,-0.9740547114327995,275115.0,667605.0,Indanan
31.234125,31.970730825831097,-0.7366058258310986,275415.0,667605.0,Indanan
32.463085,33.195531960388024,-0.7324469603880246,275715.0,667605.0,Indanan
33.880962,35.9008117412561,-2.0198497412561025,276015.0,667605.0,Indanan
32.310326,32.983470403149724,-0.6731444031497205,276315.0,667605.0,Indanan
32.915356,33.26734061480498,-0.35198461480497656,276615.0,667605.0,Indanan
32.254555,32.66057683581243,-0.40602183581242457,276915.0,667605.0,Indanan
33.071808,33.3837936949815,-0.31198569498150164,277215.0,667605.0,Indanan
33.831818,34.60303346160173,-0.7712154616017344,277515.0,667605.0,Indanan
35.536037,33.714735625132924,1.821301374867076,277815.0,667605.0,Indanan
33.277622,32.311660317789055,0.9659616822109456,278115.0,667605.0,Indanan
34.714523,34.802604475032595,-0.08808147503259534,278415.0,667605.0,Indanan
32.506317,33.06256893923426,-0.556251939234258,278715.0,667605.0,Patikul
32.91275,33.4643414813626,-0.5515914813625997,279015.0,667605.0,Patikul
32.9776,33.27595195904958,-0.298351959049576,279315.0,667605.0,Patikul
32.781727,32.61028457965796,0.17144242034203927,279615.0,667605.0,Patikul
33.74378,33.40731604872981,0.3364639512701899,279915.0,667605.0,Patikul
31.841738,32.217008930015446,-0.3752709300154464,280215.0,667605.0,Patikul
31.914814,31.857587820608003,0.05722617939199637,280515.0,667605.0,Patikul
32.073875,31.30344012265796,0.7704348773420406,280815.0,667605.0,Patikul
30.520418,31.473622427162834,-0.9532044271628344,281115.0,667605.0,Patikul
29.738638,31.213177034689295,-1.4745390346892933,281415.0,667605.0,Patikul
29.29612,30.75070769958917,-1.4545876995891724,281715.0,667605.0,Patikul
30.47428,30.45738872684319,0.016891273156808495,282015.0,667605.0,Patikul
29.842068,31.436062221883592,-1.593994221883591,282315.0,667605.0,Patikul
29.166723,30.89028649042313,-1.7235634904231283,282615.0,667605.0,Patikul
29.045187,30.630323984126825,-1.5851369841268266,282915.0,667605.0,Patikul
30.456537,29.470506242107987,0.9860307578920136,283215.0,667605.0,Patikul
30.88015,29.86844179304836,1.011708206951642,283515.0,667605.0,Patikul
28.21054,29.18896686917059,-0.9784268691705869,283815.0,667605.0,Patikul
27.788239,28.64716787306339,-0.8589288730633875,284115.0,667605.0,Patikul
27.712057,29.24797648718404,-1.5359194871840387,284415.0,667605.0,Patikul
28.632278,28.388517560471342,0.243760439528657,284715.0,667605.0,Patikul
27.81125,29.48443106856322,-1.6731810685632205,285015.0,667605.0,Patikul
28.159084,28.90974364483308,-0.7506596448330782,285315.0,667605.0,Patikul
27.898613,29.471983833359392,-1.573370833359391,285615.0,667605.0,Patikul
27.528942,29.08149704406606,-1.552555044066061,285915.0,667605.0,Patikul
27.028776,28.29347991748613,-1.2647039174861305,286215.0,667605.0,Patikul
27.773867,29.148320042628832,-1.3744530426288328,286515.0,667605.0,Patikul
27.74143,28.49480025653924,-0.7533702565392382,286815.0,667605.0,Patikul
26.928967,29.002488038475754,-2.0735210384757536,287115.0,667605.0,Patikul
27.138699,27.39128090214034,-0.25258190214034215,287415.0,667605.0,Patikul
27.459457,27.072505416398247,0.3869515836017534,287715.0,667605.0,Patikul
26.475067,27.08925425924844,-0.6141872592484425,288015.0,667605.0,Patikul
26.219454,27.29997186020723,-1.0805178602072303,288315.0,667605.0,Patikul
26.589787,26.930075490908134,-0.34028849090813296,288615.0,667605.0,Patikul
25.590345,26.978293297885553,-1.3879482978855542,288915.0,667605.0,Patikul
23.19551,27.231483964928564,-4.035973964928566,289215.0,667605.0,Patikul
24.183523,27.15472833776304,-2.9712053377630383,289515.0,667605.0,Patikul
24.958826,27.775558286796517,-2.816732286796519,289815.0,667605.0,Patikul
26.265917,27.476425149645806,-1.210508149645804,290115.0,667605.0,Patikul
25.813297,26.81448926262352,-1.0011922626235226,290415.0,667605.0,Patikul
25.739256,26.797567403946303,-1.058311403946302,290715.0,667605.0,Patikul
26.973387,27.041554769117496,-0.06816776911749756,291015.0,667605.0,Patikul
27.632854,26.969014250048062,0.6638397499519364,291615.0,667605.0,Patikul
28.07927,27.995827330997816,0.083442669002185,291915.0,667605.0,Patikul
27.145538,27.176953907723295,-0.0314159077232965,292215.0,667605.0,Patikul
27.519934,28.62180620073107,-1.1018722007310693,292515.0,667605.0,Patikul
26.904516,27.446268456290994,-0.5417524562909932,292815.0,667605.0,Patikul
28.610706,28.707726605313017,-0.09702060531301626,293115.0,667605.0,Patikul
29.731604,29.551621792576004,0.17998220742399695,293415.0,667605.0,Patikul
29.15425,27.644759954985393,1.5094900450146085,293715.0,667605.0,Patikul
28.629,28.66469236247844,-0.03569236247843932,294015.0,667605.0,Patikul
28.279255,28.821877762630542,-0.5426227626305433,294315.0,667605.0,Patikul
30.218737,29.47991216868086,0.7388248313191426,294615.0,667605.0,Patikul
30.102167,30.205985682896046,-0.10381868289604412,294915.0,667605.0,Patikul
30.791023,30.57124313399017,0.21977986600983002,295215.0,667605.0,Patikul
32.911842,31.230195584759425,1.681646415240575,295515.0,667605.0,Patikul
33.087334,31.619763692184637,1.467570307815361,295815.0,667605.0,Patikul
35.587143,32.98452777770294,2.602615222297061,296115.0,667605.0,Patikul
34.433796,32.30207216686248,2.131723833137521,296415.0,667605.0,Patikul
33.44678,32.15786109041036,1.2889189095896398,296715.0,667605.0,Patikul
35.107418,33.84307284514711,1.2643451548528901,297015.0,667605.0,Patikul
37.322716,34.334947864012335,2.9877681359876647,297315.0,667605.0,Patikul
37.201656,35.1645642830083,2.0370917169916964,297615.0,667605.0,Patikul
36.34749,35.62412846896836,0.7233615310316424,297915.0,667605.0,Patikul
32.493576,33.618808324562366,-1.1252323245623685,272115.0,667305.0,Indanan
32.770405,35.0900391068804,-2.3196341068804003,272415.0,667305.0,Indanan
37.25152,36.471118834844326,0.7804011651556735,272715.0,667305.0,Indanan
31.68417,31.89597864796829,-0.21180864796828658,273315.0,667305.0,Indanan
29.580423,32.44354890027615,-2.863125900276149,273615.0,667305.0,Indanan
30.165781,31.79296812813281,-1.6271871281328103,273915.0,667305.0,Indanan
30.376535,32.23248714751735,-1.8559521475173462,274215.0,667305.0,Indanan
31.415363,33.437812404400944,-2.0224494044009447,274515.0,667305.0,Indanan
32.71376,34.305647420015035,-1.5918874200150341,274815.0,667305.0,Indanan
33.12264,33.623587319755465,-0.5009473197554684,275115.0,667305.0,Indanan
31.811195,33.35766635308286,-1.546471353082861,275415.0,667305.0,Indanan
31.140285,32.27824712630196,-1.1379621263019644,275715.0,667305.0,Indanan
32.560867,31.94842549631948,0.6124415036805217,276015.0,667305.0,Indanan
32.126,33.639397723566816,-1.5133977235668183,276315.0,667305.0,Indanan
31.133472,33.04104207130929,-1.9075700713092907,276615.0,667305.0,Indanan
32.432407,32.71652670138077,-0.28411970138077436,276915.0,667305.0,Indanan
31.866852,33.01084814137121,-1.1439961413712112,277215.0,667305.0,Indanan
32.177223,32.80280720054653,-0.625584200546534,277515.0,667305.0,Indanan
33.748684,34.00372552156787,-0.2550415215678754,277815.0,667305.0,Indanan
34.18572,33.60531760843202,0.5804023915679863,278115.0,667305.0,Indanan
33.130455,33.589909772013776,-0.45945477201377827,278415.0,667305.0,Indanan
32.51104,33.272415025750995,-0.7613750257509935,278715.0,667305.0,Patikul
32.126205,33.2855522728365,-1.1593472728364986,279015.0,667305.0,Patikul
31.042772,32.0327693637127,-0.9899973637127033,279315.0,667305.0,Patikul
32.111084,32.01878982293284,0.09229417706715992,279615.0,667305.0,Patikul
32.756268,31.86798803956373,0.8882799604362681,280515.0,667305.0,Patikul
31.013678,31.190763446284855,-0.17708544628485612,280815.0,667305.0,Patikul
30.248993,30.773840221405283,-0.5248472214052846,281115.0,667305.0,Patikul
29.254543,30.930520154547008,-1.675977154547006,281415.0,667305.0,Patikul
30.182543,30.542290162666465,-0.35974716266646567,281715.0,667305.0,Patikul
28.568527,29.717809669642374,-1.1492826696423748,282015.0,667305.0,Patikul
28.662888,29.706520515931807,-1.043632515931808,282315.0,667305.0,Patikul
28.830318,29.6644450728168,-0.834127072816802,282615.0,667305.0,Patikul
30.328522,30.223254761495248,0.1052672385047515,282915.0,667305.0,Patikul
31.42113,29.31399899436429,2.1071310056357113,283215.0,667305.0,Patikul
30.429697,28.77329360470698,1.6564033952930224,283515.0,667305.0,Patikul
29.766457,29.70767248002349,0.05878451997650913,283815.0,667305.0,Patikul
27.840385,29.10404168201176,-1.26365668201176,284115.0,667305.0,Patikul
27.593193,28.653913042725105,-1.0607200427251051,284415.0,667305.0,Patikul
28.522465,28.383652138194858,0.13881286180514252,284715.0,667305.0,Patikul
27.87853,28.792079625680124,-0.9135496256801225,285015.0,667305.0,Patikul
28.190613,28.33379243733834,-0.1431794373383397,285315.0,667305.0,Patikul
27.163012,28.23005830981079,-1.0670463098107916,285615.0,667305.0,Patikul
27.80601,28.904594459492134,-1.098584459492134,285915.0,667305.0,Patikul
27.135736,27.888437943006487,-0.7527019430064854,286215.0,667305.0,Patikul
27.858604,28.315995612425798,-0.4573916124257984,286515.0,667305.0,Patikul
26.41955,27.46871323631017,-1.049163236310168,286815.0,667305.0,Patikul
27.907104,28.584003239193617,-0.6768992391936166,287115.0,667305.0,Patikul
27.39981,27.63820600494737,-0.23839600494737212,287415.0,667305.0,Patikul
26.97758,27.456856871616708,-0.4792768716167082,287715.0,667305.0,Patikul
26.476974,27.36363079440565,-0.8866567944056527,288015.0,667305.0,Patikul
25.973986,27.457920454161965,-1.4839344541619646,288615.0,667305.0,Patikul
25.567982,27.141758201242457,-1.573776201242456,288915.0,667305.0,Patikul
25.686666,27.074015119916645,-1.387349119916646,289215.0,667305.0,Patikul
24.893366,26.803330216306165,-1.9099642163061645,289515.0,667305.0,Patikul
24.996906,27.64676651685036,-2.64986051685036,289815.0,667305.0,Patikul
25.89925,27.806282436462556,-1.9070324364625577,290115.0,667305.0,Patikul
26.605421,27.61897218861744,-1.0135511886174413,290415.0,667305.0,Patikul
24.726858,27.721697146515538,-2.994839146515538,290715.0,667305.0,Patikul
28.11198,27.073398747448184,1.0385812525518148,291015.0,667305.0,Patikul
28.159044,26.249680506327074,1.9093634936729273,291615.0,667305.0,Patikul
27.35122,27.37404706958005,-0.022827069580049653,291915.0,667305.0,Patikul
26.453968,27.117526054828538,-0.6635580548285382,292215.0,667305.0,Patikul
26.406881,27.509678215181676,-1.1027972151816776,292515.0,667305.0,Patikul
27.339682,27.51718668404903,-0.17750468404902975,292815.0,667305.0,Patikul
29.002426,28.14592377659612,0.8565022234038793,293115.0,667305.0,Patikul
28.463488,28.391157846459777,0.07233015354022498,293415.0,667305.0,Patikul
28.890562,27.446553246637215,1.444008753362784,293715.0,667305.0,Patikul
28.190416,28.35058246719615,-0.16016646719615224,294015.0,667305.0,Patikul
26.623459,29.003727950883178,-2.3802689508831776,294315.0,667305.0,Patikul
28.6287,29.166410067183413,-0.537710067183415,294615.0,667305.0,Patikul
28.294558,28.79040296801044,-0.49584496801044153,294915.0,667305.0,Patikul
30.462795,30.120123335489748,0.3426716645102523,295215.0,667305.0,Patikul
30.963516,30.283092326493403,0.6804236735065956,295515.0,667305.0,Patikul
33.265675,31.66193116717046,1.6037438328295401,295815.0,667305.0,Patikul
34.33946,32.14995487103687,2.189505128963134,296115.0,667305.0,Patikul
34.53339,32.62350251604203,1.9098874839579665,296415.0,667305.0,Patikul
34.473587,33.07132800693902,1.4022589930609826,296715.0,667305.0,Patikul
34.441795,33.535146109647464,0.9066488903525354,297015.0,667305.0,Patikul
35.55683,34.93227474037725,0.6245552596227455,297315.0,667305.0,Patikul
36.272533,34.459743585168624,1.8127894148313786,297615.0,667305.0,Patikul
35.950634,33.871433102675,2.079200897325002,297915.0,667305.0,Patikul
35.2036,34.107418041498924,1.0961819585010772,298215.0,667305.0,Patikul
38.88638,37.276362790083446,1.6100172099165562,298515.0,667305.0,Patikul
31.74337,33.467208999654076,-1.7238389996540775,271215.0,667005.0,Indanan
34.256077,33.87626891421191,0.3798080857880848,271515.0,667005.0,Indanan
35.27237,35.674464230921636,-0.40209423092163377,271815.0,667005.0,Indanan
31.284504,32.31581554884924,-1.0313115488492386,272115.0,667005.0,Indanan
31.370893,32.17689848108662,-0.8060054810866184,272415.0,667005.0,Indanan
31.809656,33.20591527651144,-1.39625927651144,272715.0,667005.0,Indanan
32.00803,33.276265569875534,-1.2682355698755359,273015.0,667005.0,Indanan
32.215492,33.50855766535519,-1.2930656653551935,273315.0,667005.0,Indanan
30.975973,32.91075684932842,-1.9347838493284222,273615.0,667005.0,Indanan
30.642605,32.672077305017865,-2.0294723050178654,273915.0,667005.0,Indanan
30.487028,31.706588810232684,-1.2195608102326858,274215.0,667005.0,Indanan
31.06527,32.25736548872111,-1.1920954887211117,274515.0,667005.0,Indanan
31.042122,32.60871344416105,-1.5665914441610482,274815.0,667005.0,Indanan
31.825634,32.265554180143994,-0.4399201801439929,275115.0,667005.0,Indanan
33.118866,34.280001955685776,-1.1611359556857792,275415.0,667005.0,Indanan
31.953142,31.60860399118865,0.3445380088113481,275715.0,667005.0,Indanan
31.587719,33.39597982785996,-1.8082608278599608,276015.0,667005.0,Indanan
31.09441,31.88722105341724,-0.792811053417239,276315.0,667005.0,Indanan
31.039696,32.99756161238077,-1.9578656123807718,276615.0,667005.0,Indanan
30.253925,32.156526882337275,-1.902601882337276,276915.0,667005.0,Indanan
31.042225,31.433991680504793,-0.39176668050479435,277215.0,667005.0,Indanan
30.35277,33.54149755216867,-3.1887275521686718,277515.0,667005.0,Indanan
34.337563,34.46742988745,-0.12986688744999952,277815.0,667005.0,Indanan
33.46975,34.47993164364189,-1.010181643641893,278115.0,667005.0,Indanan
31.25683,31.81053696470658,-0.5537069647065778,278415.0,667005.0,Indanan
31.431047,32.534395692875535,-1.1033486928755352,278715.0,667005.0,Patikul
31.69199,32.84764507536068,-1.1556550753606807,279015.0,667005.0,Patikul
30.593966,33.08676548212736,-2.49279948212736,279315.0,667005.0,Patikul
31.765957,33.33454972228585,-1.5685927222858496,279615.0,667005.0,Patikul
30.57217,31.624796943608857,-1.052626943608857,280515.0,667005.0,Patikul
30.866611,31.091374597696134,-0.22476359769613552,280815.0,667005.0,Patikul
30.535099,30.359789639727595,0.1753093602724043,281115.0,667005.0,Patikul
30.608307,30.135694746279054,0.4726122537209463,281415.0,667005.0,Patikul
29.236694,30.02424694797192,-0.7875529479719212,281715.0,667005.0,Patikul
28.292965,30.114581885088523,-1.821616885088524,282015.0,667005.0,Patikul
27.86798,29.91179215066725,-2.04381215066725,282315.0,667005.0,Patikul
29.378416,30.59152831686214,-1.2131123168621372,282615.0,667005.0,Patikul
29.428032,29.776200476904734,-0.34816847690473196,282915.0,667005.0,Patikul
30.603182,28.94636425839208,1.6568177416079202,283215.0,667005.0,Patikul
28.701729,29.621814458973592,-0.9200854589735918,283515.0,667005.0,Patikul
28.009556,29.11009949127991,-1.100543491279911,283815.0,667005.0,Patikul
28.238855,29.055151492071502,-0.8162964920715012,284115.0,667005.0,Patikul
29.181023,29.629331598752582,-0.44830859875258255,284415.0,667005.0,Patikul
30.26398,30.022161676347352,0.2418183236526481,284715.0,667005.0,Patikul
29.378265,29.15436899953273,0.22389600046727054,285015.0,667005.0,Patikul
28.944788,28.46640851952599,0.4783794804740076,285315.0,667005.0,Patikul
26.765059,27.90628420827131,-1.1412252082713081,285615.0,667005.0,Patikul
27.150936,28.93219294639713,-1.7812569463971286,285915.0,667005.0,Patikul
27.195225,27.586003308185116,-0.3907783081851157,286215.0,667005.0,Patikul
27.449598,27.41751761857791,0.03208038142209091,286515.0,667005.0,Patikul
26.000792,27.301898579475008,-1.3011065794750074,286815.0,667005.0,Patikul
27.06919,27.07200736090378,-0.0028173609037800418,287115.0,667005.0,Patikul
27.56949,28.810960787207822,-1.241470787207824,287415.0,667005.0,Patikul
27.278524,26.945427892838865,0.33309610716113625,287715.0,667005.0,Patikul
26.402971,26.74420934367078,-0.34123834367077777,288915.0,667005.0,Patikul
25.996199,27.032123398444618,-1.0359243984446174,289215.0,667005.0,Patikul
25.281586,27.79888154864078,-2.517295548640778,289515.0,667005.0,Patikul
25.287447,27.229300008175095,-1.9418530081750944,289815.0,667005.0,Patikul
26.323278,27.307825649626064,-0.9845476496260659,290115.0,667005.0,Patikul
27.303513,27.695379817410235,-0.39186681741023577,290415.0,667005.0,Patikul
26.763958,27.60605543028043,-0.8420974302804325,290715.0,667005.0,Patikul
27.00014,27.018452649449305,-0.01831264944930666,291015.0,667005.0,Patikul
27.096565,27.1970172339044,-0.10045223390440228,291315.0,667005.0,Patikul
26.958326,26.540708506525743,0.4176174934742569,291615.0,667005.0,Patikul
28.10891,27.925020129391598,0.18388987060840378,291915.0,667005.0,Patikul
27.217451,28.1190264821836,-0.9015754821835991,292215.0,667005.0,Patikul
27.65175,27.25124358294799,0.40050641705201073,292515.0,667005.0,Patikul
27.78975,29.202345982862173,-1.4125959828621717,292815.0,667005.0,Patikul
27.831293,28.264426322515195,-0.43313332251519654,293115.0,667005.0,Patikul
26.002905,27.679778428134362,-1.676873428134364,293415.0,667005.0,Patikul
27.064922,27.805509474671496,-0.7405874746714964,293715.0,667005.0,Patikul
25.663551,28.2561486083136,-2.5925976083136035,294015.0,667005.0,Patikul
27.538889,28.390601502006977,-0.8517125020069756,294315.0,667005.0,Patikul
29.18143,29.325069554163715,-0.1436395541637161,294615.0,667005.0,Patikul
30.990314,30.733889000313095,0.2564249996869066,294915.0,667005.0,Patikul
30.43458,29.96291577675038,0.471664223249622,295215.0,667005.0,Patikul
31.518766,31.518167182839385,0.0005988171606148285,295515.0,667005.0,Patikul
33.746178,31.680457466632998,2.065720533367003,295815.0,667005.0,Patikul
33.58079,31.35248826074225,2.228301739257752,296115.0,667005.0,Patikul
34.184853,31.972813073350203,2.212039926649794,296415.0,667005.0,Patikul
35.981857,33.73662874752079,2.245228252479208,296715.0,667005.0,Patikul
34.936623,33.241077355480535,1.6955456445194628,297015.0,667005.0,Patikul
35.363335,33.98033218633759,1.383002813662408,297315.0,667005.0,Patikul
35.682903,33.824347265497416,1.8585557345025876,297615.0,667005.0,Patikul
35.920918,34.84830452707634,1.0726134729236634,297915.0,667005.0,Patikul
34.568775,33.99256739240917,0.5762076075908311,298215.0,667005.0,Patikul
35.08432,33.90896649242661,1.1753535075733907,298515.0,667005.0,Patikul
36.3721,34.92271274537813,1.4493872546218753,298815.0,667005.0,Patikul
33.263557,35.35402721820932,-2.090470218209319,270315.0,666705.0,Indanan
31.45594,32.36271948547201,-0.9067794854720148,270615.0,666705.0,Indanan
31.668863,34.14564617273334,-2.4767831727333416,270915.0,666705.0,Indanan
32.5811,34.33876249973275,-1.7576624997327528,271215.0,666705.0,Indanan
31.706957,35.10720181911185,-3.400244819111851,271515.0,666705.0,Indanan
31.814785,32.525721807731536,-0.7109368077315352,271815.0,666705.0,Indanan
31.254072,32.59041122044397,-1.3363392204439677,272115.0,666705.0,Indanan
30.78819,32.99319469073579,-2.205004690735791,272415.0,666705.0,Indanan
30.18134,33.717745280893716,-3.5364052808937174,272715.0,666705.0,Indanan
31.384647,31.63074848954988,-0.2461014895498792,273015.0,666705.0,Indanan
30.77469,33.163925350350574,-2.3892353503505745,273315.0,666705.0,Indanan
29.82523,31.963784450286592,-2.138554450286591,273615.0,666705.0,Indanan
29.625547,31.615033622682134,-1.9894866226821328,273915.0,666705.0,Indanan
30.253538,31.95670628778612,-1.70316828778612,274215.0,666705.0,Indanan
30.714424,31.348231307317445,-0.6338073073174435,274515.0,666705.0,Indanan
31.047216,31.255735971018048,-0.20851997101804898,274815.0,666705.0,Indanan
31.661263,32.209816670463866,-0.548553670463864,275115.0,666705.0,Indanan
32.701065,34.010901846072095,-1.3098368460720948,275415.0,666705.0,Indanan
32.14669,33.10896811488032,-0.9622781148803199,275715.0,666705.0,Indanan
31.779964,32.42803214346678,-0.6480681434667801,276015.0,666705.0,Indanan
31.230217,32.33027622445429,-1.100059224454288,276315.0,666705.0,Indanan
30.554245,31.156736041756268,-0.6024910417562666,276615.0,666705.0,Indanan
31.037458,31.41228841889587,-0.37483041889586843,276915.0,666705.0,Indanan
30.383038,31.854217298498234,-1.4711792984982353,277215.0,666705.0,Indanan
32.54569,35.48369170609791,-2.938001706097907,277515.0,666705.0,Indanan
30.986246,32.15613500919442,-1.1698890091944207,277815.0,666705.0,Indanan
31.681803,33.29925564119026,-1.6174526411902583,278115.0,666705.0,Indanan
31.167711,30.717482358096554,0.4502286419034469,278415.0,666705.0,Indanan
30.979855,32.525347716280216,-1.545492716280215,278715.0,666705.0,Patikul
30.394669,32.888103767871506,-2.4934347678715056,279015.0,666705.0,Patikul
29.587282,32.569960674853625,-2.982678674853627,279315.0,666705.0,Patikul
30.489225,33.2460134955209,-2.7567884955208974,279615.0,666705.0,Patikul
32.07279,32.14873344660223,-0.07594344660223129,279915.0,666705.0,Patikul
31.236223,31.46936828637262,-0.233145286372622,280215.0,666705.0,Patikul
29.528505,30.634617388058796,-1.106112388058797,280515.0,666705.0,Patikul
30.02773,30.867924613751278,-0.8401946137512795,280815.0,666705.0,Patikul
29.64649,30.552716809062872,-0.906226809062872,281115.0,666705.0,Patikul
29.512632,29.800475881185996,-0.2878438811859958,281415.0,666705.0,Patikul
28.745762,30.015074727892706,-1.2693127278927072,281715.0,666705.0,Patikul
29.897547,29.495751463955735,0.4017955360442649,282015.0,666705.0,Patikul
28.279152,28.819775814602608,-0.5406238146026077,282615.0,666705.0,Patikul
29.036299,29.724164407723602,-0.6878654077236028,282915.0,666705.0,Patikul
30.217781,29.466714047563432,0.7510669524365667,283215.0,666705.0,Patikul
30.140709,29.686637887060815,0.4540711129391859,283515.0,666705.0,Patikul
29.14731,29.164789020701914,-0.017479020701912873,283815.0,666705.0,Patikul
29.60846,30.20691356373718,-0.5984535637371806,284115.0,666705.0,Patikul
28.904324,28.478362310739893,0.4259616892601059,284415.0,666705.0,Patikul
29.816414,28.99691812960535,0.8194958703946504,284715.0,666705.0,Patikul
30.688871,28.963330890787994,1.7255401092120053,285015.0,666705.0,Patikul
30.678862,28.82828789294437,1.8505741070556283,285315.0,666705.0,Patikul
30.352192,30.40988947420793,-0.05769747420793081,285615.0,666705.0,Patikul
28.650982,28.899523850665258,-0.24854185066525858,285915.0,666705.0,Patikul
28.694725,28.9774248319544,-0.2826998319544032,286215.0,666705.0,Patikul
27.458525,28.469633030815093,-1.011108030815091,286515.0,666705.0,Patikul
27.446194,28.416936350547612,-0.9707423505476136,286815.0,666705.0,Patikul
27.705986,30.27441502307774,-2.5684290230777407,287115.0,666705.0,Patikul
27.2703,28.571199780078025,-1.3008997800780264,287415.0,666705.0,Patikul
26.617327,27.79104922422249,-1.173722224222491,287715.0,666705.0,Patikul
26.476118,27.46783159402172,-0.9917135940217214,288915.0,666705.0,Patikul
26.299896,27.534467467764,-1.234571467763999,289215.0,666705.0,Patikul
28.30658,28.278413373430336,0.028166626569664288,289515.0,666705.0,Patikul
27.634607,27.476275357466957,0.15833164253304233,289815.0,666705.0,Patikul
28.288069,29.07964893224963,-0.7915799322496291,290115.0,666705.0,Patikul
27.1389,28.818425213096155,-1.6795252130961558,290415.0,666705.0,Patikul
27.43288,27.752542835513772,-0.31966283551377117,290715.0,666705.0,Patikul
28.05634,27.147457083598017,0.908882916401982,291015.0,666705.0,Patikul
27.821312,27.035966552008166,0.7853454479918334,291315.0,666705.0,Patikul
27.728334,27.234023934045535,0.49431006595446547,291615.0,666705.0,Patikul
28.436886,27.478248934014573,0.9586370659854282,291915.0,666705.0,Patikul
27.438692,28.267791985712286,-0.8290999857122863,292215.0,666705.0,Patikul
27.35249,27.733443620896693,-0.38095362089669393,292515.0,666705.0,Patikul
27.393604,27.60069230338296,-0.20708830338296025,292815.0,666705.0,Patikul
27.653162,27.8768686350149,-0.22370663501490284,293115.0,666705.0,Patikul
25.638222,26.870923776219122,-1.2327017762191232,293415.0,666705.0,Patikul
26.735075,26.752694271132086,-0.017619271132087277,293715.0,666705.0,Patikul
24.997637,26.64961468359394,-1.6519776835939375,294015.0,666705.0,Patikul
26.88307,28.399726961890675,-1.516656961890675,294315.0,666705.0,Patikul
27.49043,29.272842382018514,-1.7824123820185136,294615.0,666705.0,Patikul
29.493895,29.79922700223801,-0.3053320022380106,294915.0,666705.0,Patikul
30.313118,29.201066625929467,1.112051374070532,295215.0,666705.0,Patikul
30.32728,31.819523302488246,-1.492243302488248,295515.0,666705.0,Patikul
29.735544,30.310080588733296,-0.5745365887332952,295815.0,666705.0,Patikul
32.38763,32.34941621811107,0.03821378188893476,296115.0,666705.0,Patikul
33.178104,31.578026822093886,1.6000771779061118,296415.0,666705.0,Patikul
34.455997,32.58239689096865,1.8736001090313508,296715.0,666705.0,Patikul
35.091915,33.12306517059835,1.9688498294016483,297015.0,666705.0,Patikul
35.339844,33.8406772284536,1.499166771546399,297315.0,666705.0,Patikul
34.850044,33.15787914340758,1.69216485659242,297615.0,666705.0,Patikul
35.424362,34.415334931421,1.0090270685790017,297915.0,666705.0,Patikul
36.009186,34.840126949417645,1.169059050582355,298215.0,666705.0,Patikul
36.723675,35.457275505923015,1.2663994940769854,298515.0,666705.0,Patikul
36.625443,34.307987805199126,2.3174551948008713,298815.0,666705.0,Patikul
32.880558,33.94955129609332,-1.0689932960933177,269715.0,666405.0,Indanan
31.548977,33.07211638667001,-1.5231393866700103,270015.0,666405.0,Indanan
30.973886,30.60266571720388,0.37122028279611996,270315.0,666405.0,Indanan
30.86436,31.879674240846395,-1.0153142408463935,270615.0,666405.0,Indanan
30.973389,32.75117418799223,-1.777785187992226,270915.0,666405.0,Indanan
31.974096,34.017855867506015,-2.043759867506015,271215.0,666405.0,Indanan
31.07881,32.81713755026318,-1.7383275502631825,271515.0,666405.0,Indanan
31.512938,34.30188407203879,-2.78894607203879,271815.0,666405.0,Indanan
30.510622,32.57162809974434,-2.0610060997443362,272115.0,666405.0,Indanan
30.68106,33.06052905652358,-2.379469056523579,272415.0,666405.0,Indanan
30.087397,30.569376526190805,-0.48197952619080553,272715.0,666405.0,Indanan
30.633352,31.02083102130422,-0.3874790213042232,273015.0,666405.0,Indanan
30.168262,33.06146814390037,-2.893206143900372,273315.0,666405.0,Indanan
29.799236,30.971383508573453,-1.1721475085734525,273615.0,666405.0,Indanan
29.761127,31.02654878357276,-1.2654217835727621,273915.0,666405.0,Indanan
30.089298,31.900919392158233,-1.8116213921582336,274215.0,666405.0,Indanan
30.831636,30.541996159961695,0.2896398400383049,274515.0,666405.0,Indanan
30.81436,30.726594760167277,0.08776523983272355,274815.0,666405.0,Indanan
30.500519,30.125768919024377,0.37475008097562323,275115.0,666405.0,Indanan
30.949774,31.531946015624786,-0.5821720156247849,275415.0,666405.0,Indanan
30.3845,31.50941931790144,-1.1249193179014405,275715.0,666405.0,Indanan
30.07153,31.143518852909096,-1.0719888529090973,276015.0,666405.0,Indanan
29.629921,31.773938888056946,-2.144017888056947,276315.0,666405.0,Indanan
30.196272,31.958206396202815,-1.7619343962028147,276615.0,666405.0,Indanan
30.576,31.90756790482898,-1.3315679048289795,276915.0,666405.0,Indanan
30.292036,32.38771753349692,-2.0956815334969185,277215.0,666405.0,Indanan
31.262827,31.700138069913983,-0.4373110699139815,277515.0,666405.0,Indanan
31.81412,33.503061366275745,-1.6889413662757455,277815.0,666405.0,Indanan
28.673618,30.71815235450876,-2.044534354508759,278115.0,666405.0,Indanan
29.753468,30.377273940869003,-0.6238059408690013,278415.0,666405.0,Indanan
30.246618,30.841921284259275,-0.5953032842592734,278715.0,666405.0,Patikul
30.031723,32.333816896523814,-2.3020938965238145,279015.0,666405.0,Patikul
28.946232,30.42557856118727,-1.4793465611872705,279315.0,666405.0,Patikul
30.280714,31.167250078083097,-0.8865360780830969,279615.0,666405.0,Patikul
32.963547,32.04175920261466,0.9217877973853419,279915.0,666405.0,Patikul
29.53719,30.598612271264095,-1.061422271264096,280215.0,666405.0,Patikul
30.178041,30.830502663114427,-0.6524616631144262,280515.0,666405.0,Patikul
30.012182,30.998699719108373,-0.9865177191083738,280815.0,666405.0,Patikul
30.321512,29.668165035656756,0.6533469643432426,281415.0,666405.0,Patikul
30.103025,30.370331760816043,-0.26730676081604443,281715.0,666405.0,Patikul
30.88616,30.318245969907217,0.5679140300927834,282015.0,666405.0,Patikul
28.693745,29.417898266594193,-0.7241532665941932,283215.0,666405.0,Patikul
29.094849,29.26965106045607,-0.17480206045607005,283515.0,666405.0,Patikul
30.187668,29.026353827414823,1.1613141725851754,283815.0,666405.0,Patikul
28.312729,28.77638893663748,-0.4636599366374803,284115.0,666405.0,Patikul
30.308104,29.025509286588633,1.2825947134113669,284415.0,666405.0,Patikul
29.56285,28.768380497589327,0.7944695024106743,284715.0,666405.0,Patikul
30.098558,28.957222636996825,1.1413353630031757,285015.0,666405.0,Patikul
29.19648,28.71050523153573,0.48597476846427057,285315.0,666405.0,Patikul
28.627493,28.853627502251797,-0.22613450225179577,285615.0,666405.0,Patikul
28.25563,28.790532556274183,-0.5349025562741829,285915.0,666405.0,Patikul
29.297089,28.664187352562468,0.6329016474375315,286215.0,666405.0,Patikul
28.094463,29.259387427720284,-1.1649244277202833,286515.0,666405.0,Patikul
28.940456,28.085438897918966,0.8550171020810353,286815.0,666405.0,Patikul
27.232498,29.442046714250527,-2.209548714250527,287115.0,666405.0,Patikul
27.492733,28.460540277547853,-0.9678072775478519,287415.0,666405.0,Patikul
28.953959,28.760590813534627,0.19336818646537424,287715.0,666405.0,Patikul
28.0656,27.90226741664785,0.16333258335215106,288015.0,666405.0,Patikul
28.837847,28.154294920357923,0.6835520796420766,288915.0,666405.0,Patikul
27.898031,27.39429444829583,0.5037365517041685,289215.0,666405.0,Patikul
28.07541,27.551563218665155,0.5238467813348464,289515.0,666405.0,Patikul
28.235897,27.84429699338851,0.3916000066114904,289815.0,666405.0,Patikul
29.19235,28.20537562127619,0.9869743787238114,290115.0,666405.0,Patikul
28.058115,27.92994100141621,0.1281739985837902,290415.0,666405.0,Patikul
27.605717,27.860775188493527,-0.25505818849352835,290715.0,666405.0,Patikul
27.060282,27.74045812300535,-0.6801761230053494,291015.0,666405.0,Patikul
28.699476,27.92484182221664,0.7746341777833621,291315.0,666405.0,Patikul
27.43645,28.585544595994566,-1.1490945959945655,291615.0,666405.0,Patikul
26.601282,27.284177779154522,-0.6828957791545207,291915.0,666405.0,Patikul
26.866215,28.35780465158948,-1.4915896515894786,292215.0,666405.0,Patikul
25.076727,26.94515588901179,-1.8684288890117884,292515.0,666405.0,Patikul
28.035425,28.433173627431714,-0.3977486274317137,292815.0,666405.0,Patikul
28.109795,27.741830060691335,0.3679649393086635,293115.0,666405.0,Patikul
26.34116,28.196456948876673,-1.8552969488766742,293415.0,666405.0,Patikul
26.268967,27.325449397923812,-1.056482397923812,293715.0,666405.0,Patikul
28.198755,27.192151335466143,1.0066036645338556,294015.0,666405.0,Patikul
27.903332,28.343127697104798,-0.43979569710479893,294315.0,666405.0,Patikul
29.6761,30.548715997168042,-0.8726159971680403,294915.0,666405.0,Patikul
29.88641,29.80092077583346,0.08548922416654037,295215.0,666405.0,Patikul
30.719233,30.045321763512334,0.6739112364876654,295815.0,666405.0,Patikul
31.016468,30.937857403778303,0.0786105962216972,296115.0,666405.0,Patikul
32.768494,32.70457589016569,0.06391810983430446,296415.0,666405.0,Patikul
34.272102,32.206557305356775,2.065544694643222,296715.0,666405.0,Patikul
34.945965,33.85162426870044,1.0943407312995603,297015.0,666405.0,Patikul
34.701412,34.53808523422319,0.1633267657768087,297315.0,666405.0,Patikul
35.70031,34.5002224823811,1.200087517618904,297615.0,666405.0,Patikul
35.502853,34.8112586034099,0.691594396590105,297915.0,666405.0,Patikul
34.959526,35.040974439132846,-0.08144843913284916,298215.0,666405.0,Patikul
35.46759,34.86622702098914,0.6013629790108581,298515.0,666405.0,Patikul
37.420845,36.40798277198149,1.0128622280185127,298815.0,666405.0,Patikul
31.20901,32.99774152140799,-1.788731521407989,269715.0,666105.0,Indanan
31.602077,33.49186432975404,-1.8897873297540357,270015.0,666105.0,Indanan
30.019398,32.927169590134035,-2.907771590134036,270315.0,666105.0,Indanan
29.639961,31.217746818784832,-1.5777858187848324,270615.0,666105.0,Indanan
30.243994,31.344086086667488,-1.1000920866674875,270915.0,666105.0,Indanan
31.020971,31.96624863214507,-0.9452776321450713,271215.0,666105.0,Indanan
29.982553,32.32696716399513,-2.344414163995129,271515.0,666105.0,Indanan
30.699253,32.150713894404426,-1.451460894404427,271815.0,666105.0,Indanan
29.622189,30.493240178027765,-0.8710511780277663,272115.0,666105.0,Indanan
29.843485,30.698306276368562,-0.8548212763685612,272415.0,666105.0,Indanan
30.313078,33.58938856130807,-3.276310561308069,272715.0,666105.0,Indanan
30.05216,31.283312903401196,-1.2311529034011954,273015.0,666105.0,Indanan
29.638275,32.364601797601175,-2.7263267976011747,273315.0,666105.0,Indanan
29.148289,30.849268072025243,-1.7009790720252447,273615.0,666105.0,Indanan
29.590605,30.803853734419043,-1.213248734419043,273915.0,666105.0,Indanan
30.457502,31.83212336969808,-1.3746213696980796,274215.0,666105.0,Indanan
30.252216,30.631346395006062,-0.3791303950060616,274515.0,666105.0,Indanan
29.702847,30.22778075489218,-0.5249337548921815,274815.0,666105.0,Indanan
31.464436,32.16142674793745,-0.6969907479374484,275115.0,666105.0,Indanan
30.074203,30.458445935067825,-0.3842429350678245,275415.0,666105.0,Indanan
30.268517,31.492014317352872,-1.223497317352873,275715.0,666105.0,Indanan
29.972776,30.59411595872974,-0.6213399587297417,276015.0,666105.0,Indanan
30.499249,31.490472392958726,-0.9912233929587266,276315.0,666105.0,Indanan
30.690279,31.281866448976615,-0.5915874489766146,276615.0,666105.0,Indanan
30.459185,31.453034148232828,-0.993849148232826,276915.0,666105.0,Indanan
31.043152,31.663998609441798,-0.6208466094417986,277215.0,666105.0,Indanan
30.979858,31.46584514104889,-0.4859871410488914,277515.0,666105.0,Indanan
32.86586,33.27210176042642,-0.40624176042642546,277815.0,666105.0,Indanan
29.284346,30.17646528898858,-0.8921192889885816,278115.0,666105.0,Indanan
29.537365,29.265833916009978,0.27153108399002335,278415.0,666105.0,Indanan
29.217628,30.368598049947735,-1.150970049947734,278715.0,666105.0,Patikul
29.990631,30.780718406768482,-0.7900874067684818,279015.0,666105.0,Patikul
29.532671,30.03835472289761,-0.5056837228976079,279315.0,666105.0,Patikul
29.85867,30.887638572169585,-1.0289685721695854,279615.0,666105.0,Patikul
31.284428,31.57797692570255,-0.2935489257025523,279915.0,666105.0,Patikul
30.69372,30.947563277438476,-0.25384327743847734,280215.0,666105.0,Patikul
30.81547,30.93581197924092,-0.12034197924091927,280515.0,666105.0,Patikul
30.876406,30.799874304367577,0.07653169563242201,280815.0,666105.0,Patikul
29.894114,29.76232842080197,0.13178557919802714,281715.0,666105.0,Patikul
31.689438,29.928453596740844,1.7609844032591546,282015.0,666105.0,Patikul
28.462952,29.873390745524375,-1.4104387455243739,283215.0,666105.0,Patikul
28.26711,29.03272123399475,-0.7656112339947505,283515.0,666105.0,Patikul
27.931366,28.738591931569225,-0.8072259315692243,283815.0,666105.0,Patikul
28.68709,28.175746607467126,0.5113433925328756,284115.0,666105.0,Patikul
28.984406,28.65801033479201,0.3263956652079898,284415.0,666105.0,Patikul
28.898218,28.911554154552572,-0.01333615455257231,284715.0,666105.0,Patikul
28.197287,28.50643290022533,-0.3091459002253316,285015.0,666105.0,Patikul
27.654575,28.247043672997215,-0.5924686729972137,285315.0,666105.0,Patikul
27.82355,28.760491284708454,-0.9369412847084533,285615.0,666105.0,Patikul
27.773388,28.710226728144914,-0.9368387281449131,285915.0,666105.0,Patikul
27.30285,28.904115535992407,-1.6012655359924075,286215.0,666105.0,Patikul
27.884802,28.42650731391805,-0.541705313918051,286515.0,666105.0,Patikul
28.337389,28.11501452632655,0.22237447367345098,286815.0,666105.0,Patikul
28.401712,29.993808976613213,-1.5920969766132131,287115.0,666105.0,Patikul
28.93965,28.839911068349135,0.09973893165086523,287415.0,666105.0,Patikul
28.909077,28.56281905533267,0.34625794466732884,287715.0,666105.0,Patikul
28.319698,28.71120662405832,-0.39150862405832143,288015.0,666105.0,Patikul
27.730196,28.35973639950754,-0.6295403995075404,288315.0,666105.0,Patikul
27.612232,28.06055684922223,-0.4483248492222316,288915.0,666105.0,Patikul
28.380657,29.700122904270707,-1.3194659042707073,289215.0,666105.0,Patikul
28.440178,27.797280666213993,0.6428973337860064,289515.0,666105.0,Patikul
29.102415,29.123632969137184,-0.02121796913718299,289815.0,666105.0,Patikul
29.122288,27.855023643079935,1.267264356920066,290115.0,666105.0,Patikul
27.584858,28.595854826369393,-1.010996826369393,290415.0,666105.0,Patikul
27.274033,27.96658695982882,-0.6925539598288211,290715.0,666105.0,Patikul
27.278875,28.609095960767217,-1.3302209607672175,291015.0,666105.0,Patikul
27.788004,27.605968834894902,0.18203516510509843,291315.0,666105.0,Patikul
28.798504,28.072139016538117,0.7263649834618846,291615.0,666105.0,Patikul
27.604153,29.134189126618917,-1.530036126618917,291915.0,666105.0,Patikul
27.030382,28.266188096769014,-1.2358060967690143,292215.0,666105.0,Patikul
25.082989,27.3503000629114,-2.2673110629114,292515.0,666105.0,Patikul
27.12584,28.76369507101848,-1.6378550710184783,292815.0,666105.0,Patikul
27.603556,28.894190950430108,-1.290634950430107,293115.0,666105.0,Patikul
28.100925,29.195404346113396,-1.0944793461133955,293415.0,666105.0,Patikul
27.280376,28.266297646123974,-0.9859216461239733,293715.0,666105.0,Patikul
28.476765,27.91120689772643,0.5655581022735703,294015.0,666105.0,Patikul
28.97395,28.996378149142288,-0.0224281491422893,294315.0,666105.0,Patikul
29.283842,30.801662620863873,-1.5178206208638727,294615.0,666105.0,Patikul
29.872744,30.440677127792622,-0.567933127792621,294915.0,666105.0,Patikul
30.679209,30.85484973159761,-0.1756407315976105,295215.0,666105.0,Patikul
30.656775,30.006911310798348,0.649863689201652,295515.0,666105.0,Patikul
30.968819,31.077829288264578,-0.10901028826457804,295815.0,666105.0,Patikul
30.594473,31.4465909172714,-0.8521179172714,296115.0,666105.0,Patikul
32.04714,31.777663751644372,0.2694762483556268,296415.0,666105.0,Patikul
33.036514,31.5617124967861,1.4748015032138966,296715.0,666105.0,Patikul
33.929466,32.58193711144981,1.3475288885501868,297015.0,666105.0,Patikul
34.987118,34.27450104927005,0.7126169507299522,297315.0,666105.0,Patikul
35.736977,34.60281422001245,1.1341627799875553,297615.0,666105.0,Patikul
35.4696,34.4654989249252,1.0041010750748,297915.0,666105.0,Patikul
35.553596,34.3338758289143,1.2197201710856973,298215.0,666105.0,Patikul
36.252693,34.63745740852368,1.6152355914763206,298515.0,666105.0,Patikul
36.6475,35.27165853883457,1.3758414611654288,298815.0,666105.0,Patikul
32.607796,34.719402201804776,-2.1116062018047757,269415.0,665805.0,Indanan
31.742285,35.47027407348638,-3.7279890734863805,269715.0,665805.0,Indanan
30.701517,33.19615927978043,-2.4946422797804324,270015.0,665805.0,Indanan
30.510548,33.160413140871746,-2.6498651408717464,270315.0,665805.0,Indanan
30.743313,31.853296047470362,-1.1099830474703616,270615.0,665805.0,Indanan
30.549469,31.320089063522175,-0.7706200635221769,270915.0,665805.0,Indanan
30.454784,31.325209444912378,-0.870425444912378,271215.0,665805.0,Indanan
28.764088,31.007332008904857,-2.243244008904856,271515.0,665805.0,Indanan
29.226143,30.754558751900355,-1.5284157519003543,271815.0,665805.0,Indanan
29.432922,30.950745783641818,-1.5178237836418162,272115.0,665805.0,Indanan
29.226336,29.870336443928824,-0.6440004439288245,272415.0,665805.0,Indanan
29.615429,31.552748631656776,-1.9373196316567771,272715.0,665805.0,Indanan
30.55534,32.04487429989436,-1.489534299894359,273015.0,665805.0,Indanan
29.720226,31.518956267535348,-1.7987302675353476,273315.0,665805.0,Indanan
29.782356,29.104471359770994,0.6778846402290064,273615.0,665805.0,Indanan
30.204931,31.38433677501919,-1.179405775019191,273915.0,665805.0,Indanan
30.209812,30.792772719473813,-0.5829607194738138,274215.0,665805.0,Indanan
29.523058,31.030642202361836,-1.507584202361837,274515.0,665805.0,Indanan
30.17553,31.610857848784676,-1.4353278487846772,274815.0,665805.0,Indanan
29.724792,30.879357284787798,-1.1545652847877967,275115.0,665805.0,Indanan
31.020689,31.52883240805264,-0.5081434080526392,275415.0,665805.0,Indanan
29.906143,30.29522010286173,-0.38907710286173014,275715.0,665805.0,Indanan
28.696955,30.629341830579406,-1.9323868305794072,276015.0,665805.0,Indanan
30.455376,31.141228595803558,-0.6858525958035564,276315.0,665805.0,Indanan
29.694887,30.884706232437274,-1.189819232437273,276615.0,665805.0,Indanan
30.328169,31.293549853520666,-0.9653808535206672,276915.0,665805.0,Indanan
30.38728,30.878828374706895,-0.4915483747068947,277215.0,665805.0,Indanan
31.744576,31.446959442647074,0.29761655735292436,277515.0,665805.0,Indanan
34.12583,35.047388393501556,-0.9215583935015559,277815.0,665805.0,Indanan
30.547895,30.95659059426544,-0.40869559426543844,278115.0,665805.0,Indanan
30.175158,30.22587874805707,-0.05072074805707061,278415.0,665805.0,Indanan
31.343678,32.05707134594412,-0.713393345944116,278715.0,665805.0,Patikul
30.327564,30.804496189715387,-0.476932189715388,279015.0,665805.0,Patikul
28.669992,29.429478817629512,-0.7594868176295115,279315.0,665805.0,Patikul
30.009197,29.507257589956694,0.5019394100433061,279615.0,665805.0,Patikul
30.82018,31.34727029409046,-0.5270902940904598,279915.0,665805.0,Patikul
30.58481,29.816118719305788,0.7686912806942132,280215.0,665805.0,Patikul
29.441826,29.72814966203384,-0.2863236620338405,280515.0,665805.0,Patikul
30.035852,31.65923396729997,-1.62338196729997,280815.0,665805.0,Patikul
30.928179,30.00008851427893,0.9280904857210714,281415.0,665805.0,Patikul
30.053877,29.368635172669258,0.6852418273307421,281715.0,665805.0,Patikul
29.13919,30.025745337760434,-0.8865553377604343,282015.0,665805.0,Patikul
28.026115,29.2837888008054,-1.2576738008053994,282315.0,665805.0,Patikul
29.406822,29.205669144398584,0.20115285560141416,282915.0,665805.0,Patikul
28.97917,28.95426085740084,0.024909142599160106,283215.0,665805.0,Patikul
28.162912,29.333405765231575,-1.1704937652315763,283515.0,665805.0,Patikul
27.758118,28.93226048492339,-1.1741424849233901,283815.0,665805.0,Patikul
27.481316,28.942838898549795,-1.461522898549795,284115.0,665805.0,Patikul
29.447023,28.912279038165615,0.534743961834387,284415.0,665805.0,Patikul
29.309322,27.940684066912187,1.3686379330878147,284715.0,665805.0,Patikul
26.456112,27.667516249400833,-1.2114042494008324,285015.0,665805.0,Patikul
27.634317,28.11308330377721,-0.47876630377720986,285315.0,665805.0,Patikul
28.811417,28.872952511767917,-0.06153551176791794,285615.0,665805.0,Patikul
27.243177,28.09913639992869,-0.8559593999286896,285915.0,665805.0,Patikul
27.84635,29.56505592519593,-1.7187059251959305,286215.0,665805.0,Patikul
27.635664,28.328023666713666,-0.6923596667136671,286515.0,665805.0,Patikul
28.38458,27.976169066030053,0.40841093396994665,286815.0,665805.0,Patikul
28.632116,28.108449179257505,0.5236668207424948,287115.0,665805.0,Patikul
29.878046,28.433536013810727,1.4445099861892743,287415.0,665805.0,Patikul
28.057508,28.190621078362593,-0.13311307836259445,287715.0,665805.0,Patikul
28.485382,27.45238281573181,1.032999184268192,288015.0,665805.0,Patikul
28.800295,28.420797958876264,0.3794970411237344,288315.0,665805.0,Patikul
26.885738,28.192478669586507,-1.3067406695865067,288615.0,665805.0,Patikul
27.844402,28.1574284004143,-0.3130264004143015,288915.0,665805.0,Patikul
29.050856,28.314363790543368,0.7364922094566317,289215.0,665805.0,Patikul
30.755558,29.120225885981984,1.6353321140180164,289515.0,665805.0,Patikul
30.150276,28.248343668963916,1.901932331036086,289815.0,665805.0,Patikul
29.979837,29.009213104082157,0.9706238959178428,290115.0,665805.0,Patikul
26.945875,29.640927950280457,-2.6950529502804557,290415.0,665805.0,Patikul
27.649368,28.90957148001273,-1.2602034800127306,290715.0,665805.0,Patikul
26.9986,27.784410041499026,-0.7858100414990261,291015.0,665805.0,Patikul
28.294664,28.43098963629145,-0.13632563629144911,291315.0,665805.0,Patikul
28.52154,28.75778587670874,-0.23624587670873964,291615.0,665805.0,Patikul
28.61759,28.5869860174317,0.030603982568301547,291915.0,665805.0,Patikul
26.638012,28.08194091399255,-1.4439289139925506,292215.0,665805.0,Patikul
26.059626,28.922204727456744,-2.862578727456743,292515.0,665805.0,Patikul
26.860275,28.64055580676538,-1.7802808067653793,292815.0,665805.0,Patikul
29.052628,28.387774628132686,0.6648533718673129,293115.0,665805.0,Patikul
28.41037,27.88716084074393,0.5232091592560693,293415.0,665805.0,Patikul
28.854265,28.73640234839999,0.11786265160001008,293715.0,665805.0,Patikul
28.66043,29.200283342489627,-0.539853342489625,294015.0,665805.0,Patikul
29.346252,28.953923315831027,0.39232868416897304,294315.0,665805.0,Patikul
30.084236,29.781379731640687,0.3028562683593137,294615.0,665805.0,Patikul
30.49526,31.064405215749805,-0.5691452157498063,294915.0,665805.0,Patikul
30.622305,31.022991259381925,-0.40068625938192426,295215.0,665805.0,Patikul
31.01147,30.92803691120115,0.08343308879884859,295515.0,665805.0,Patikul
32.024765,31.59662753937476,0.4281374606252406,295815.0,665805.0,Patikul
32.23746,31.168575857295266,1.0688841427047322,296115.0,665805.0,Patikul
31.872988,31.437387942804943,0.4356000571950567,296415.0,665805.0,Patikul
34.1796,32.877345632746774,1.3022543672532265,296715.0,665805.0,Patikul
35.972095,33.13018627665049,2.841908723349512,297015.0,665805.0,Patikul
35.90324,34.444627993819005,1.4586120061809922,297315.0,665805.0,Patikul
35.363758,34.63621399207545,0.7275440079245499,297615.0,665805.0,Patikul
35.836205,37.43542500457472,-1.5992200045747182,297915.0,665805.0,Old Panamao
34.838203,33.85872248167953,0.9794805183204716,298215.0,665805.0,Old Panamao
36.107536,35.58680116920142,0.5207348307985811,298515.0,665805.0,Old Panamao
35.361847,35.03374383392435,0.3281031660756497,298815.0,665805.0,Old Panamao
35.372204,34.449185323994364,0.9230186760056398,299115.0,665805.0,Old Panamao
32.916183,35.50944378607697,-2.593260786076975,269115.0,665505.0,Indanan
30.527884,33.18794355715507,-2.6600595571550727,269415.0,665505.0,Indanan
30.3531,33.035895848805445,-2.682795848805444,269715.0,665505.0,Indanan
29.654665,31.849177054065542,-2.194512054065541,270015.0,665505.0,Indanan
29.231504,31.725068392046747,-2.4935643920467463,270315.0,665505.0,Indanan
30.247366,30.241936924021307,0.005429075978693021,270615.0,665505.0,Indanan
30.526152,31.4778729302265,-0.9517209302265002,270915.0,665505.0,Indanan
30.931322,31.484468232925703,-0.5531462329257018,271215.0,665505.0,Indanan
30.281958,32.09850378672362,-1.8165457867236192,271515.0,665505.0,Indanan
29.583088,30.8537081433544,-1.2706201433543995,271815.0,665505.0,Indanan
30.995573,29.772434763899895,1.2231382361001053,272115.0,665505.0,Indanan
29.643198,29.274531554146936,0.36866644585306574,272415.0,665505.0,Indanan
30.31679,31.642459935168635,-1.3256699351686336,272715.0,665505.0,Indanan
30.683155,32.62465045902814,-1.9414954590281397,273015.0,665505.0,Indanan
29.649158,29.143292754347904,0.505865245652096,273315.0,665505.0,Indanan
28.798944,30.343281423031417,-1.5443374230314184,273615.0,665505.0,Indanan
30.212051,31.460506140952255,-1.248455140952256,273915.0,665505.0,Indanan
29.873196,30.853139390609925,-0.9799433906099253,274215.0,665505.0,Indanan
29.69898,31.04755158422383,-1.34857158422383,274515.0,665505.0,Indanan
29.216146,30.27362281784567,-1.0574768178456715,274815.0,665505.0,Indanan
29.147667,30.568694675330192,-1.421027675330194,275115.0,665505.0,Indanan
29.908342,30.590338546928464,-0.6819965469284632,275415.0,665505.0,Indanan
30.802485,30.730428045975533,0.07205695402446821,275715.0,665505.0,Indanan
29.705061,30.776312876817883,-1.0712518768178825,276015.0,665505.0,Indanan
29.569124,31.352484243365353,-1.7833602433653546,276315.0,665505.0,Indanan
29.887976,30.502523878403956,-0.6145478784039575,276615.0,665505.0,Indanan
29.74326,30.18084323124728,-0.43758323124728093,276915.0,665505.0,Indanan
30.002718,30.91325984087209,-0.9105418408720887,277215.0,665505.0,Indanan
30.491758,31.22981113640393,-0.7380531364039307,277515.0,665505.0,Indanan
32.94118,32.63995278405465,0.30122721594535307,277815.0,665505.0,Indanan
30.965311,31.020355879595922,-0.05504487959592197,278115.0,665505.0,Indanan
32.068462,31.238122434543065,0.8303395654569314,278415.0,665505.0,Indanan
31.920177,31.265508784934266,0.6546682150657332,278715.0,665505.0,Indanan
31.491556,31.58158132969906,-0.09002532969905985,279015.0,665505.0,Patikul
29.787941,30.047743925578054,-0.25980292557805384,279315.0,665505.0,Patikul
30.980387,29.49464149833125,1.4857455016687489,279615.0,665505.0,Patikul
31.503372,30.794604596063547,0.7087674039364522,279915.0,665505.0,Patikul
30.005552,29.505983145986324,0.49956885401367757,280215.0,665505.0,Patikul
29.952532,29.777089389148344,0.17544261085165758,280515.0,665505.0,Patikul
30.847633,30.101314815903667,0.7463181840963315,280815.0,665505.0,Patikul
32.792343,32.15301615052739,0.6393268494726101,281115.0,665505.0,Patikul
32.652115,31.562448338820143,1.0896666611798587,281415.0,665505.0,Patikul
29.386751,29.521693526290253,-0.13494252629025283,281715.0,665505.0,Patikul
29.627594,29.838927608657666,-0.21133360865766804,282015.0,665505.0,Patikul
30.147318,29.002859866230228,1.1444581337697706,282315.0,665505.0,Patikul
30.451824,29.94126722420418,0.5105567757958198,282615.0,665505.0,Patikul
29.848574,29.64431105791405,0.20426294208595053,282915.0,665505.0,Patikul
28.90657,29.289776545072787,-0.3832065450727882,283215.0,665505.0,Patikul
28.107775,29.417450824953615,-1.3096758249536151,283515.0,665505.0,Patikul
27.431526,28.925997955811177,-1.494471955811175,283815.0,665505.0,Patikul
27.037554,29.152012289430857,-2.114458289430857,284115.0,665505.0,Patikul
28.120098,28.680781870638945,-0.5606838706389468,284415.0,665505.0,Patikul
28.75237,27.780541287537684,0.9718287124623153,284715.0,665505.0,Patikul
26.283283,27.94244756347075,-1.6591645634707497,285015.0,665505.0,Patikul
27.352692,28.286799429576625,-0.9341074295766241,285315.0,665505.0,Patikul
27.234203,28.32740537986232,-1.0932023798623192,285615.0,665505.0,Patikul
27.640034,28.722088640705547,-1.0820546407055467,285915.0,665505.0,Patikul
27.709257,29.084281183194268,-1.3750241831942667,286215.0,665505.0,Patikul
27.149405,28.353913107821015,-1.2045081078210131,286515.0,665505.0,Patikul
28.41531,29.401808053724512,-0.9864980537245103,286815.0,665505.0,Patikul
28.366583,28.535474949920435,-0.168891949920436,287115.0,665505.0,Patikul
29.749037,29.330165265776564,0.41887173422343693,287415.0,665505.0,Patikul
27.431824,28.403907897913374,-0.9720838979133752,287715.0,665505.0,Patikul
28.567194,28.321031947758133,0.2461620522418677,288015.0,665505.0,Patikul
30.201834,28.726575146529044,1.475258853470958,288315.0,665505.0,Patikul
29.46719,28.08975556586865,1.3774344341313487,288615.0,665505.0,Patikul
29.415869,28.164197524214757,1.251671475785244,288915.0,665505.0,Patikul
29.871038,29.291643522751883,0.5793944772481154,289215.0,665505.0,Patikul
30.768906,29.284293006423972,1.4846129935760288,289515.0,665505.0,Patikul
30.697618,28.694013358111874,2.003604641888124,289815.0,665505.0,Patikul
29.889635,27.925166115037594,1.964468884962404,290115.0,665505.0,Patikul
29.59041,28.52616778088296,1.0642422191170375,290415.0,665505.0,Patikul
29.18853,28.185743094149327,1.002786905850673,290715.0,665505.0,Patikul
27.495855,28.342797228480443,-0.8469422284804438,291015.0,665505.0,Patikul
27.69881,28.11723539201551,-0.4184253920155072,291315.0,665505.0,Patikul
29.595692,28.612860919941387,0.9828310800586131,291615.0,665505.0,Patikul
29.57927,29.30842108066601,0.27084891933398936,291915.0,665505.0,Patikul
28.369617,28.712050871983717,-0.3424338719837152,292215.0,665505.0,Patikul
27.986837,30.557484977558733,-2.570647977558732,292515.0,665505.0,Patikul
27.283548,28.645251290537846,-1.3617032905378466,292815.0,665505.0,Patikul
29.915289,29.104064933339966,0.811224066660035,293115.0,665505.0,Patikul
27.892488,29.553646692053793,-1.6611586920537924,293415.0,665505.0,Patikul
28.625235,28.666073423666944,-0.040838423666944124,293715.0,665505.0,Patikul
28.998226,29.23725248301805,-0.2390264830180513,294015.0,665505.0,Patikul
29.46306,29.53487001829846,-0.07181001829846068,294315.0,665505.0,Patikul
30.921015,31.15638683227741,-0.23537183227740854,294615.0,665505.0,Patikul
30.843729,31.118671922157862,-0.2749429221578623,294915.0,665505.0,Patikul
30.538958,30.499856161843905,0.039101838156096136,295215.0,665505.0,Patikul
31.317825,31.808251437503085,-0.49042643750308557,295515.0,665505.0,Patikul
32.170906,31.625293322811267,0.5456126771887355,295815.0,665505.0,Patikul
31.940931,31.50435662610332,0.4365743738966792,296115.0,665505.0,Patikul
32.24729,31.913005191727205,0.3342848082727947,296415.0,665505.0,Patikul
33.43842,32.4869417876261,0.9514782123738996,296715.0,665505.0,Patikul
33.890453,32.81573814639576,1.0747148536042417,297015.0,665505.0,Old Panamao
33.810215,32.392219155686725,1.4179958443132747,297315.0,665505.0,Old Panamao
34.81243,35.257698718903534,-0.4452687189035345,297615.0,665505.0,Old Panamao
34.434307,33.58901904121987,0.8452879587801263,297915.0,665505.0,Old Panamao
34.880405,34.256875232915654,0.6235297670843494,298215.0,665505.0,Old Panamao
35.492607,35.03071222407223,0.4618947759277674,298515.0,665505.0,Old Panamao
35.76537,33.405475203033355,2.3598947969666426,298815.0,665505.0,Old Panamao
37.28476,36.178830028038256,1.1059299719617428,299115.0,665505.0,Old Panamao
34.63714,36.77097567949248,-2.1338356794924778,299415.0,665505.0,Old Panamao
34.219116,33.64720108952618,0.5719149104738221,309315.0,665505.0,Luuk
35.13068,34.71983856903148,0.41084143096851733,309615.0,665505.0,Luuk
31.047884,33.60487013025186,-2.556986130251861,268815.0,665205.0,Indanan
31.287067,33.858241162296224,-2.5711741622962236,269115.0,665205.0,Indanan
30.749664,32.856866793132376,-2.1072027931323767,269415.0,665205.0,Indanan
31.350075,32.345418722618334,-0.9953437226183333,269715.0,665205.0,Indanan
30.078962,31.05676679997589,-0.977804799975889,270015.0,665205.0,Indanan
29.793938,30.788235938696463,-0.9942979386964623,270315.0,665205.0,Indanan
29.391241,30.294977011465118,-0.9037360114651172,270615.0,665205.0,Indanan
30.651052,32.79955524405077,-2.1485032440507723,270915.0,665205.0,Indanan
29.53526,30.700442520439154,-1.1651825204391528,271215.0,665205.0,Indanan
30.245705,30.94462348760116,-0.6989184876011585,271515.0,665205.0,Indanan
30.69344,30.214496893633537,0.47894310636646154,271815.0,665205.0,Indanan
29.512276,31.7120743687138,-2.1997983687138003,272115.0,665205.0,Indanan
30.33496,29.89154345591036,0.44341654408964004,272415.0,665205.0,Indanan
31.68296,31.44349635193924,0.23946364806076303,272715.0,665205.0,Indanan
31.297836,31.72183663290546,-0.42400063290546086,273015.0,665205.0,Indanan
30.184387,29.049503147094885,1.1348838529051157,273315.0,665205.0,Indanan
29.926304,30.665036134835685,-0.7387321348356863,273615.0,665205.0,Indanan
30.215744,29.72243718866555,0.49330681133445253,273915.0,665205.0,Indanan
29.290527,28.66869976321038,0.6218272367896205,274215.0,665205.0,Indanan
30.034737,29.574844833760608,0.459892166239392,274515.0,665205.0,Indanan
29.360346,29.30167299814707,0.058673001852930895,274815.0,665205.0,Indanan
29.751484,28.867961647625247,0.8835223523747544,275115.0,665205.0,Indanan
30.764952,30.717470091191473,0.04748190880852832,275415.0,665205.0,Indanan
30.032255,28.882808326576036,1.149446673423963,275715.0,665205.0,Indanan
29.776993,29.413817710532765,0.363175289467236,276015.0,665205.0,Indanan
30.068012,30.03653791641864,0.03147408358135806,276315.0,665205.0,Indanan
28.82886,30.295401818781496,-1.4665418187814971,276615.0,665205.0,Indanan
29.052914,29.705572277755884,-0.6526582777558829,276915.0,665205.0,Indanan
30.453543,31.007915377137046,-0.5543723771370459,277215.0,665205.0,Indanan
31.050571,31.21652935921092,-0.16595835921091862,277515.0,665205.0,Indanan
32.954643,31.4747042264646,1.4799387735353982,277815.0,665205.0,Indanan
31.522562,31.026682160609134,0.49587983939086655,278115.0,665205.0,Indanan
31.73483,30.743998325495966,0.9908316745040331,278415.0,665205.0,Indanan
32.104267,31.33468961393297,0.7695773860670307,278715.0,665205.0,Indanan
31.98074,31.878452618078093,0.1022873819219079,279015.0,665205.0,Patikul
30.545546,30.517623316490873,0.027922683509128632,279315.0,665205.0,Patikul
30.673676,30.84997430543523,-0.1762983054352283,279615.0,665205.0,Patikul
31.274765,31.568954289736084,-0.29418928973608516,279915.0,665205.0,Patikul
29.234285,30.048945722957377,-0.8146607229573775,280215.0,665205.0,Patikul
30.217606,29.826612334190752,0.39099366580924766,280515.0,665205.0,Patikul
30.983908,30.57504506678036,0.4088629332196412,280815.0,665205.0,Patikul
31.914265,31.77458383512595,0.1396811648740517,281115.0,665205.0,Patikul
30.03732,31.132250275005838,-1.0949302750058365,281415.0,665205.0,Patikul
28.460089,30.460571678049607,-2.0004826780496074,281715.0,665205.0,Patikul
30.305748,30.111626742968493,0.19412125703150807,282015.0,665205.0,Talipao
29.85588,29.43486806797211,0.4210119320278878,282315.0,665205.0,Talipao
31.091738,28.812381774378082,2.2793562256219175,282615.0,665205.0,Talipao
29.722342,29.411531454386985,0.31081054561301613,282915.0,665205.0,Talipao
28.580717,29.74876640603935,-1.1680494060393514,283215.0,665205.0,Talipao
27.667927,29.573065618998037,-1.9051386189980377,283515.0,665205.0,Talipao
27.468256,28.984539689255662,-1.516283689255662,283815.0,665205.0,Talipao
28.259754,28.442506872872485,-0.18275287287248432,284115.0,665205.0,Talipao
26.494247,27.74214831374121,-1.2479013137412096,284415.0,665205.0,Talipao
25.758713,26.15787087525113,-0.3991578752511309,284715.0,665205.0,Talipao
27.406258,26.84203102846448,0.5642269715355219,285015.0,665205.0,Talipao
29.502565,27.78953359432327,1.7130314056767304,285315.0,665205.0,Talipao
27.91427,28.838115732517295,-0.9238457325172966,285615.0,665205.0,Talipao
28.30666,29.518570235754368,-1.2119102357543667,285915.0,665205.0,Talipao
28.176018,28.35108800081266,-0.17507000081266,286215.0,665205.0,Talipao
28.234898,28.589098092178318,-0.35420009217831705,286515.0,665205.0,Talipao
29.052086,28.864817992303706,0.18726800769629293,286815.0,665205.0,Talipao
27.048206,27.85271461796897,-0.8045086179689704,287115.0,665205.0,Talipao
27.519043,28.370635655450425,-0.8515926554504247,287415.0,665205.0,Talipao
29.931892,30.197064058421148,-0.2651720584211468,287715.0,665205.0,Talipao
29.651127,28.585804104275258,1.0653228957247407,288015.0,665205.0,Talipao
29.18374,28.66570220255536,0.5180377974446415,288315.0,665205.0,Talipao
29.99713,29.67628461897655,0.3208453810234495,288615.0,665205.0,Talipao
30.821646,29.340918879077982,1.480727120922019,288915.0,665205.0,Talipao
30.927795,30.055792646679723,0.8720023533202763,289215.0,665205.0,Talipao
29.639551,28.99276451249347,0.6467864875065317,289515.0,665205.0,Talipao
29.706633,29.411159022355477,0.295473977644523,289815.0,665205.0,Talipao
29.193583,28.87357850169886,0.32000449830114164,290115.0,665205.0,Talipao
29.643543,29.47878982182102,0.16475317817898016,290415.0,665205.0,Talipao
29.236933,29.431485889744643,-0.19455288974464224,290715.0,665205.0,Talipao
27.892492,29.067923727983512,-1.1754317279835114,291015.0,665205.0,Talipao
28.90651,28.51312145795382,0.393388542046182,291315.0,665205.0,Talipao
30.165625,28.933504232464966,1.232120767535033,291615.0,665205.0,Talipao
28.911673,29.196705955138224,-0.2850329551382238,291915.0,665205.0,Talipao
28.122084,29.209385328053827,-1.087301328053826,292215.0,665205.0,Talipao
30.00126,29.202404302232928,0.7988556977670704,292515.0,665205.0,Talipao
28.392727,29.080826264964877,-0.6880992649648761,292815.0,665205.0,Talipao
28.872139,29.82394798419526,-0.9518089841952602,293115.0,665205.0,Talipao
30.397684,29.84999202206407,0.5476919779359299,293415.0,665205.0,Talipao
29.839037,29.554291017136105,0.2847459828638961,293715.0,665205.0,Talipao
30.06887,29.756924428363117,0.3119455716368833,294015.0,665205.0,Talipao
29.731968,29.591228898034576,0.14073910196542272,294315.0,665205.0,Talipao
30.350307,30.677736819745075,-0.327429819745074,294615.0,665205.0,Talipao
30.161385,30.461197665233517,-0.29981266523351735,294915.0,665205.0,Talipao
30.352882,30.710192528909932,-0.357310528909931,295215.0,665205.0,Talipao
30.349478,29.916009242061786,0.4334687579382148,295515.0,665205.0,Talipao
30.999949,30.71677971618444,0.2831692838155604,295815.0,665205.0,Talipao
31.999817,31.698966242997816,0.3008507570021841,296115.0,665205.0,Talipao
33.1678,31.498528531368116,1.6692714686318837,296415.0,665205.0,Old Panamao
33.046272,31.8964570867867,1.1498149132133015,296715.0,665205.0,Old Panamao
33.949116,32.671882047416155,1.2772339525838419,297015.0,665205.0,Old Panamao
34.666416,34.181730886899985,0.4846851131000136,297315.0,665205.0,Old Panamao
35.47976,34.39984873310475,1.0799112668952517,297615.0,665205.0,Old Panamao
33.923584,33.73184333404119,0.191740665958811,297915.0,665205.0,Old Panamao
33.940674,34.58324038842301,-0.6425663884230062,298215.0,665205.0,Old Panamao
35.46081,35.123423876145985,0.33738612385401723,298515.0,665205.0,Old Panamao
35.405254,35.041541807566034,0.36371219243396524,298815.0,665205.0,Old Panamao
36.266876,36.28283773409705,-0.015961734097047042,299115.0,665205.0,Old Panamao
35.002285,34.0151398712029,0.9871451287971027,299415.0,665205.0,Old Panamao
36.3614,36.34691617276459,0.014483827235416413,308415.0,665205.0,Old Panamao
34.627087,34.78570516533879,-0.1586181653387868,308715.0,665205.0,Old Panamao
34.374344,35.095219619864544,-0.7208756198645432,309015.0,665205.0,Old Panamao
33.540115,33.76846874280662,-0.22835374280661824,309315.0,665205.0,Luuk
34.233246,34.0493529667854,0.18389303321460204,309615.0,665205.0,Luuk
34.15371,34.08436643476484,0.06934356523515817,309915.0,665205.0,Luuk
34.12923,32.7443220826527,1.3849079173472987,310215.0,665205.0,Luuk
34.509113,32.77595637746277,1.73315662253723,310515.0,665205.0,Luuk
34.968037,33.385343560505774,1.5826934394942285,310815.0,665205.0,Luuk
31.550806,32.17144325848942,-0.6206372584894169,311415.0,665205.0,
32.106213,32.3684826384861,-0.26226963848610296,311715.0,665205.0,Luuk
31.398794,34.35095932120509,-2.95216532120509,268815.0,664905.0,Indanan
33.120438,34.14186631452723,-1.0214283145272276,269115.0,664905.0,Indanan
31.718382,33.34165519651985,-1.623273196519854,269415.0,664905.0,Indanan
31.119495,32.436917793023326,-1.3174227930233258,269715.0,664905.0,Indanan
30.898533,32.967055963152156,-2.068522963152155,270015.0,664905.0,Indanan
29.072231,30.577432934086332,-1.5052019340863332,270315.0,664905.0,Indanan
29.03589,30.560366879166022,-1.5244768791660235,270615.0,664905.0,Indanan
28.875801,30.830662687965233,-1.9548616879652343,270915.0,664905.0,Indanan
29.512161,31.36092360549839,-1.8487626054983899,271215.0,664905.0,Indanan
32.51367,33.166442041883684,-0.6527720418836864,271515.0,664905.0,Indanan
31.005045,31.042406931029575,-0.03736193102957586,271815.0,664905.0,Indanan
31.183971,31.158811166631804,0.02515983336819616,272115.0,664905.0,Indanan
29.919567,29.759245956798964,0.16032104320103713,272415.0,664905.0,Indanan
31.043547,30.22609341954957,0.8174535804504295,272715.0,664905.0,Indanan
31.55561,29.838677368053478,1.7169326319465235,273015.0,664905.0,Indanan
29.53378,31.040245856593877,-1.506465856593877,273315.0,664905.0,Indanan
29.732052,29.633367203662793,0.09868479633720639,273615.0,664905.0,Indanan
29.92016,29.3944077245197,0.5257522754803006,273915.0,664905.0,Indanan
30.026812,28.872876209785407,1.153935790214593,274215.0,664905.0,Indanan
29.067894,28.978737491400423,0.0891565085995758,274515.0,664905.0,Indanan
28.881618,28.784888677204595,0.09672932279540447,274815.0,664905.0,Indanan
27.560118,29.259550586661348,-1.6994325866613487,275115.0,664905.0,Indanan
28.029875,29.221166697872402,-1.1912916978724013,275415.0,664905.0,Indanan
29.02494,28.383528632761198,0.6414113672388027,275715.0,664905.0,Indanan
29.594198,29.034662589532125,0.5595354104678734,276015.0,664905.0,Indanan
29.379068,29.992461139125755,-0.6133931391257548,276315.0,664905.0,Indanan
29.206419,30.1770396003384,-0.9706206003383997,276615.0,664905.0,Indanan
28.531391,29.651025758869178,-1.1196347588691786,276915.0,664905.0,Indanan
30.476768,30.972051049246243,-0.4952830492462432,277215.0,664905.0,Indanan
31.966228,30.96506560425873,1.0011623957412716,277515.0,664905.0,Indanan
31.075983,31.22785082180256,-0.15186782180255776,277815.0,664905.0,Indanan
30.507822,30.663839431483137,-0.15601743148313574,278115.0,664905.0,Indanan
29.641573,29.233068673673483,0.40850432632651845,278415.0,664905.0,Indanan
31.341785,29.983381905645082,1.3584030943549195,278715.0,664905.0,Indanan
31.772413,31.32624576077213,0.4461672392278686,279015.0,664905.0,Patikul
31.048529,30.39820651572167,0.6503224842783268,279315.0,664905.0,Patikul
30.26436,31.11443670092425,-0.8500767009242516,279615.0,664905.0,Patikul
30.42519,30.39163373573843,0.03355626426156988,279915.0,664905.0,Patikul
30.372,31.056697816737927,-0.684697816737927,280215.0,664905.0,Patikul
30.040756,30.366492183785994,-0.32573618378599534,281415.0,664905.0,Patikul
30.541327,30.5113676551483,0.029959344851697267,281715.0,664905.0,Patikul
31.165407,29.64710671618862,1.518300283811378,282015.0,664905.0,Talipao
31.789236,30.058286272794835,1.7309497272051644,282315.0,664905.0,Talipao
32.067154,29.65325942347036,2.4138945765296427,282615.0,664905.0,Talipao
29.966976,29.456732977681895,0.5102430223181038,282915.0,664905.0,Talipao
29.106947,29.923359448710173,-0.8164124487101709,283215.0,664905.0,Talipao
28.864315,29.48877034626992,-0.6244553462699187,283515.0,664905.0,Talipao
28.573866,29.952148512746557,-1.3782825127465586,283815.0,664905.0,Talipao
28.165255,28.506749553401345,-0.34149455340134693,284115.0,664905.0,Talipao
26.9485,27.38690410107602,-0.4384041010760207,284415.0,664905.0,Talipao
27.219976,27.142785349274693,0.0771906507253064,284715.0,664905.0,Talipao
27.741056,26.505687913297812,1.235368086702188,285015.0,664905.0,Talipao
28.879253,27.82542624562613,1.053826754373869,285315.0,664905.0,Talipao
28.60081,28.391764539689742,0.20904546031025717,285615.0,664905.0,Talipao
27.76396,29.599839947216562,-1.8358799472165614,285915.0,664905.0,Talipao
28.448988,28.336608040179378,0.11237995982062188,286215.0,664905.0,Talipao
27.611856,29.65430061873389,-2.0424446187338887,286515.0,664905.0,Talipao
28.652994,29.46252991223527,-0.809535912235269,286815.0,664905.0,Talipao
27.348183,28.652356374759805,-1.3041733747598059,287115.0,664905.0,Talipao
28.62759,28.65988038853179,-0.032290388531787784,287415.0,664905.0,Talipao
28.033012,29.662027993460462,-1.629015993460463,287715.0,664905.0,Talipao
30.699667,29.22026974406201,1.479397255937993,288015.0,664905.0,Talipao
29.310684,29.610373792382738,-0.29968979238273974,288315.0,664905.0,Talipao
30.001823,29.760154015534596,0.24166898446540586,288615.0,664905.0,Talipao
29.652662,29.156384082320482,0.49627791767951734,288915.0,664905.0,Talipao
30.74256,29.711463659747853,1.031096340252148,289215.0,664905.0,Talipao
29.878988,29.24653437684611,0.6324536231538893,289515.0,664905.0,Talipao
29.028034,28.36527334642606,0.6627606535739403,289815.0,664905.0,Talipao
29.30518,29.564009090770718,-0.2588290907707176,290115.0,664905.0,Talipao
28.725359,28.77920358577407,-0.05384458577406903,290415.0,664905.0,Talipao
28.966696,29.750530633803045,-0.7838346338030462,290715.0,664905.0,Talipao
29.45789,29.50442285682111,-0.046532856821112745,291015.0,664905.0,Talipao
30.634464,29.707605111606906,0.9268588883930953,291315.0,664905.0,Talipao
30.303095,29.632700076192233,0.6703949238077662,291615.0,664905.0,Talipao
30.648397,29.708949706337574,0.9394472936624254,291915.0,664905.0,Talipao
30.510778,29.563823123960397,0.9469548760396016,292215.0,664905.0,Talipao
30.604742,29.62075621432373,0.9839857856762713,292515.0,664905.0,Talipao
30.462706,30.995008902954968,-0.5323029029549673,292815.0,664905.0,Talipao
29.715513,30.757987174002373,-1.042474174002372,293115.0,664905.0,Talipao
30.259113,29.877091276207597,0.38202172379240196,293415.0,664905.0,Talipao
31.195868,30.80139703756537,0.39447096243463164,293715.0,664905.0,Talipao
30.733402,29.769789809905014,0.9636121900949881,294015.0,664905.0,Talipao
30.249199,30.74882226842545,-0.4996232684254487,294315.0,664905.0,Talipao
30.67086,29.714536788814232,0.9563232111857687,294615.0,664905.0,Talipao
29.623106,30.321851156083014,-0.6987451560830138,294915.0,664905.0,Talipao
30.637777,30.679808510929053,-0.04203151092905344,295215.0,664905.0,Talipao
31.129332,31.831003626144227,-0.7016716261442255,295515.0,664905.0,Talipao
32.04662,31.050336938183257,0.9962830618167402,295815.0,664905.0,Talipao
31.28022,30.96940616777421,0.31081383222579007,296115.0,664905.0,Old Panamao
31.69704,31.962015525775193,-0.264975525775192,296415.0,664905.0,Old Panamao
33.007965,31.825090079647065,1.1828749203529334,296715.0,664905.0,Old Panamao
34.33003,32.918293771566425,1.4117362284335755,297015.0,664905.0,Old Panamao
34.00565,33.0665033406646,0.9391466593353996,297315.0,664905.0,Old Panamao
33.66967,34.20463885858191,-0.5349688585819052,297615.0,664905.0,Old Panamao
33.42025,33.45096124081414,-0.03071124081413501,297915.0,664905.0,Old Panamao
34.172623,35.14033892440716,-0.9677159244071589,298215.0,664905.0,Old Panamao
34.142494,33.213157640199846,0.9293363598001534,298515.0,664905.0,Old Panamao
34.77326,34.775573988962236,-0.002313988962235669,298815.0,664905.0,Old Panamao
35.678936,35.83987954420854,-0.16094354420854273,299115.0,664905.0,Old Panamao
34.068085,34.62926017871588,-0.5611751787158781,299415.0,664905.0,Old Panamao
34.450924,34.72364005795432,-0.2727160579543195,299715.0,664905.0,Old Panamao
29.815992,31.348118008185573,-1.5321260081855712,305715.0,664905.0,Old Panamao
32.502823,33.15924189750088,-0.6564188975008776,306015.0,664905.0,Old Panamao
33.985313,35.43647338118341,-1.4511603811834135,306315.0,664905.0,Old Panamao
33.66343,34.1634001930677,-0.4999701930677034,306615.0,664905.0,Old Panamao
33.12053,33.16258138849204,-0.04205138849204104,306915.0,664905.0,Old Panamao
33.6122,32.56484765742501,1.0473523425749889,307215.0,664905.0,Old Panamao
33.200108,33.37018395315655,-0.1700759531565481,307515.0,664905.0,Old Panamao
33.316277,32.625560513103956,0.6907164868960436,307815.0,664905.0,Old Panamao
33.664745,34.315227262602,-0.6504822626019973,308115.0,664905.0,Old Panamao
35.75966,33.36269825424571,2.3969617457542896,308415.0,664905.0,Old Panamao
34.069145,33.27432498750625,0.7948200124937514,308715.0,664905.0,Old Panamao
33.882168,34.37292733532609,-0.4907593353260893,309015.0,664905.0,Luuk
34.417492,34.35884343625671,0.05864856374329008,309315.0,664905.0,Luuk
34.87054,33.9647088448304,0.9058311551696008,309615.0,664905.0,Luuk
33.9597,33.30208692186553,0.6576130781344673,309915.0,664905.0,Luuk
33.809147,34.247010991691866,-0.43786399169186296,310215.0,664905.0,Luuk
34.863075,32.998864855621235,1.8642101443787666,310515.0,664905.0,Luuk
34.15472,33.48718370310091,0.6675362968990868,310815.0,664905.0,Luuk
35.58577,35.445428509775624,0.14034149022437248,311115.0,664905.0,Luuk
36.551426,34.78603799716818,1.7653880028318198,311415.0,664905.0,Luuk
34.150215,31.353645200381308,2.7965697996186947,311715.0,664905.0,Luuk
33.32427,31.528772603502006,1.7954973964979928,312015.0,664905.0,Luuk
30.063318,31.47827291980264,-1.4149549198026428,268215.0,664605.0,Indanan
32.198616,33.53080603060366,-1.3321900306036554,268515.0,664605.0,Indanan
32.455482,33.701178221129815,-1.245696221129812,268815.0,664605.0,Indanan
31.922329,33.43788782783899,-1.5155588278389907,269115.0,664605.0,Indanan
31.765507,33.192918364365006,-1.4274113643650068,269415.0,664605.0,Indanan
31.12554,33.64524831332553,-2.5197083133255305,269715.0,664605.0,Indanan
30.864117,32.48393892342682,-1.6198219234268194,270015.0,664605.0,Indanan
29.560673,30.24348714391745,-0.6828141439174473,270315.0,664605.0,Indanan
29.098898,30.67534031298989,-1.5764423129898901,270615.0,664605.0,Indanan
29.006216,30.26049587265298,-1.2542798726529831,270915.0,664605.0,Indanan
29.036793,31.338689874489315,-2.301896874489316,271215.0,664605.0,Indanan
30.590805,30.18675670126533,0.4040482987346685,271515.0,664605.0,Indanan
30.380869,30.847522158399332,-0.46665315839933186,271815.0,664605.0,Indanan
30.674038,29.843892926117437,0.8301450738825622,272115.0,664605.0,Indanan
30.138773,30.496146333195348,-0.3573733331953477,272415.0,664605.0,Indanan
31.17835,30.46411504609422,0.7142349539057768,272715.0,664605.0,Indanan
30.5507,29.180409159620776,1.3702908403792229,273015.0,664605.0,Indanan
29.465456,30.16199954589306,-0.6965435458930607,273315.0,664605.0,Indanan
28.978811,29.426452292040157,-0.44764129204015646,273615.0,664605.0,Indanan
29.073336,28.1665851803275,0.9067508196725029,273915.0,664605.0,Indanan
28.713846,28.07987924483594,0.6339667551640602,274215.0,664605.0,Indanan
29.554455,27.927232002293298,1.6272229977067028,274515.0,664605.0,Indanan
29.344648,28.794308131500745,0.550339868499254,274815.0,664605.0,Indanan
29.661207,28.681470874405075,0.9797361255949255,275115.0,664605.0,Indanan
29.002472,29.228102122780946,-0.22563012278094519,275415.0,664605.0,Indanan
28.897865,29.2596352249787,-0.36177022497870226,275715.0,664605.0,Indanan
28.111946,28.260692329081817,-0.14874632908181695,276015.0,664605.0,Indanan
28.92491,28.336448731496017,0.5884612685039841,276315.0,664605.0,Indanan
30.381784,29.14638899987435,1.2353950001256493,276915.0,664605.0,Indanan
30.694078,31.000758025466506,-0.3066800254665054,277215.0,664605.0,Indanan
30.23961,30.38668107093079,-0.1470710709307923,277515.0,664605.0,Indanan
30.752823,30.756615087549633,-0.0037920875496340045,277815.0,664605.0,Indanan
30.933733,30.390042048296664,0.5436909517033364,278115.0,664605.0,Indanan
29.899052,30.06462685458885,-0.16557485458885068,278415.0,664605.0,Indanan
30.820034,29.981942696137928,0.8380913038620719,278715.0,664605.0,Indanan
31.895905,30.866848831046582,1.0290561689534172,279015.0,664605.0,Indanan
31.05042,31.4328171732077,-0.38239717320769984,279315.0,664605.0,Indanan
30.960155,30.984756903872135,-0.02460190387213501,279615.0,664605.0,Indanan
30.571348,30.28969626329046,0.28165173670954147,279915.0,664605.0,Indanan
31.408905,30.826668254888812,0.5822367451111887,280215.0,664605.0,Indanan
31.029186,30.741489502679055,0.28769649732094393,280515.0,664605.0,Indanan
32.295372,30.5906535956038,1.7047184043961998,280815.0,664605.0,Indanan
31.045982,30.61760893683472,0.428373063165278,281115.0,664605.0,Indanan
30.927803,31.545846809756263,-0.6180438097562622,281415.0,664605.0,Indanan
29.589691,30.479180689065974,-0.8894896890659751,281715.0,664605.0,Talipao
31.044771,30.2933558412954,0.7514151587045994,282015.0,664605.0,Talipao
30.077902,29.51069043293012,0.567211567069883,282315.0,664605.0,Talipao
30.214602,29.887189569127173,0.3274124308728261,282615.0,664605.0,Talipao
30.891602,29.617326182182413,1.2742758178175855,282915.0,664605.0,Talipao
29.658989,29.47175346331851,0.18723553668148796,283215.0,664605.0,Talipao
31.425676,29.684408904628484,1.7412670953715157,283515.0,664605.0,Talipao
29.68855,29.59424725182694,0.09430274817306028,283815.0,664605.0,Talipao
28.603018,29.044655850200574,-0.4416378502005749,284115.0,664605.0,Talipao
28.410019,28.314626468056677,0.09539253194332176,284415.0,664605.0,Talipao
27.991104,27.11278129693119,0.878322703068811,284715.0,664605.0,Talipao
27.762648,27.820565166075674,-0.05791716607567565,285015.0,664605.0,Talipao
28.076061,28.583801592399507,-0.5077405923995073,285315.0,664605.0,Talipao
28.16984,29.289142301458906,-1.1193023014589052,285615.0,664605.0,Talipao
28.719442,29.006270566600662,-0.28682856660066136,285915.0,664605.0,Talipao
28.990927,29.76237179449815,-0.7714447944981515,286215.0,664605.0,Talipao
29.236834,29.549883776620476,-0.31304977662047406,286515.0,664605.0,Talipao
30.127716,29.886663752909183,0.24105224709081696,286815.0,664605.0,Talipao
28.282667,29.805680303371194,-1.5230133033711937,287115.0,664605.0,Talipao
28.711409,28.98652278885599,-0.2751137888559896,287415.0,664605.0,Talipao
28.474298,29.09620238777085,-0.6219043877708508,287715.0,664605.0,Talipao
28.850296,29.486381576294985,-0.6360855762949846,288015.0,664605.0,Talipao
29.330566,28.924530576374746,0.406035423625255,288315.0,664605.0,Talipao
29.962112,29.304943880494147,0.6571681195058545,288615.0,664605.0,Talipao
29.690758,29.722654058316138,-0.031896058316139175,288915.0,664605.0,Talipao
29.914337,29.443139405885038,0.47119759411496176,289215.0,664605.0,Talipao
30.416565,29.123346509788963,1.2932184902110357,289515.0,664605.0,Talipao
29.633734,29.003787085016675,0.629946914983325,289815.0,664605.0,Talipao
29.779585,30.491293390147614,-0.7117083901476136,290115.0,664605.0,Talipao
29.416445,29.02305230772364,0.3933926922763611,290415.0,664605.0,Talipao
29.326015,29.16380902134857,0.16220597865143205,290715.0,664605.0,Talipao
28.717188,29.010131539309356,-0.29294353930935557,291015.0,664605.0,Talipao
29.292982,29.26883757354879,0.02414442645120829,291315.0,664605.0,Talipao
31.633467,29.68008793226692,1.9533790677330778,291615.0,664605.0,Talipao
31.750868,30.44393828773371,1.3069297122662888,291915.0,664605.0,Talipao
32.25455,31.280848777369812,0.97370122263019,292215.0,664605.0,Talipao
31.816511,31.41615346536297,0.4003575346370276,292515.0,664605.0,Talipao
30.409931,30.412508494788014,-0.0025774947880137233,292815.0,664605.0,Talipao
30.90837,30.70097389325396,0.20739610674604236,293115.0,664605.0,Talipao
32.3491,30.92795421779468,1.4211457822053184,293415.0,664605.0,Talipao
31.426989,30.18104753399721,1.2459414660027903,293715.0,664605.0,Talipao
31.022518,30.379105720781048,0.6434122792189534,294015.0,664605.0,Talipao
30.03871,30.269062527155228,-0.23035252715522958,294315.0,664605.0,Talipao
29.718174,29.613930983909285,0.10424301609071662,294615.0,664605.0,Talipao
30.405193,29.750352074808223,0.6548409251917775,294915.0,664605.0,Talipao
30.718082,31.164054665390626,-0.4459726653906273,295215.0,664605.0,Talipao
31.41973,30.900557727289947,0.5191722727100547,295515.0,664605.0,Talipao
31.508648,30.97540940422818,0.5332385957718202,295815.0,664605.0,Talipao
31.68494,31.38835854186019,0.29658145813981207,296115.0,664605.0,Panglima Estino
32.018566,32.5864547348576,-0.5678887348575969,296415.0,664605.0,Old Panamao
31.882622,32.62422887634309,-0.7416068763430879,296715.0,664605.0,Old Panamao
33.597725,33.5854482471761,0.012276752823893844,297015.0,664605.0,Old Panamao
33.007328,33.994666607426296,-0.9873386074262953,297315.0,664605.0,Old Panamao
33.332882,33.13811979862031,0.1947622013796888,297615.0,664605.0,Old Panamao
32.829113,33.216094041154484,-0.38698104115448473,297915.0,664605.0,Old Panamao
33.640057,33.45164564785355,0.18841135214644567,298215.0,664605.0,Old Panamao
35.1618,34.309882000165494,0.8519179998345052,298515.0,664605.0,Old Panamao
34.99668,34.81165916165889,0.18502083834111005,298815.0,664605.0,Old Panamao
34.368004,36.18974099379371,-1.8217369937937136,299115.0,664605.0,Old Panamao
33.901894,34.10621813985718,-0.204324139857178,299415.0,664605.0,Old Panamao
34.165867,35.12520728771598,-0.9593402877159818,299715.0,664605.0,Old Panamao
34.198368,34.97503789677402,-0.7766698967740169,300015.0,664605.0,Old Panamao
32.667374,31.614211158683343,1.0531628413166594,305415.0,664605.0,Old Panamao
35.754436,31.983518364384572,3.770917635615426,305715.0,664605.0,Old Panamao
34.929474,33.80497512264918,1.1244988773508169,306015.0,664605.0,Old Panamao
35.12703,34.918787578694385,0.20824242130561288,306315.0,664605.0,Old Panamao
33.742954,32.069208227298866,1.6737457727011318,306615.0,664605.0,Old Panamao
33.79453,33.87906557091344,-0.08453557091343811,306915.0,664605.0,Old Panamao
34.66713,35.28247141434377,-0.6153414143437672,307215.0,664605.0,Old Panamao
33.93048,34.88505972086241,-0.9545797208624052,307515.0,664605.0,Old Panamao
33.79324,34.31317693637699,-0.5199369363769932,307815.0,664605.0,Old Panamao
33.799183,32.79419499226159,1.0049880077384117,308115.0,664605.0,Old Panamao
34.3836,33.95337988915021,0.4302201108497883,308415.0,664605.0,Old Panamao
33.747326,33.43508023499767,0.3122457650023307,308715.0,664605.0,Old Panamao
33.530537,33.216040249191025,0.31449675080897777,309015.0,664605.0,Luuk
34.45639,35.275758695645784,-0.8193686956457853,309315.0,664605.0,Luuk
33.83316,32.97182202697327,0.8613379730267283,309615.0,664605.0,Luuk
34.005375,33.3686545868592,0.6367204131408002,309915.0,664605.0,Luuk
33.58497,32.631514975532795,0.9534550244672033,310215.0,664605.0,Luuk
34.56107,33.7741163783649,0.7869536216350994,310515.0,664605.0,Luuk
34.31207,34.328080633597686,-0.01601063359768773,310815.0,664605.0,Luuk
35.053295,35.457541766815446,-0.40424676681544724,311115.0,664605.0,Luuk
35.84203,33.1966015518778,2.6454284481222032,311415.0,664605.0,Luuk
35.79601,34.908717323983936,0.8872926760160667,311715.0,664605.0,Luuk
32.981228,31.2485970595271,1.7326309404729017,312015.0,664605.0,Luuk
33.30495,31.601462910133673,1.703487089866325,312315.0,664605.0,Luuk
37.981243,35.59839811670079,2.3828448832992066,312615.0,664605.0,Luuk
36.445847,34.49185173855586,1.9539952614441418,322215.0,664605.0,Omar
31.359879,32.33068418704901,-0.9708051870490095,267915.0,664305.0,Indanan
31.906603,34.24270710646446,-2.3361041064644574,268215.0,664305.0,Indanan
31.703875,31.66044129959077,0.043433700409231335,268515.0,664305.0,Indanan
31.947683,33.32280168086125,-1.3751186808612452,268815.0,664305.0,Indanan
31.90052,33.967811409994916,-2.0672914099949153,269115.0,664305.0,Indanan
31.157824,32.99327201000973,-1.8354480100097312,269415.0,664305.0,Indanan
30.462265,31.7510462266799,-1.2887812266799017,269715.0,664305.0,Indanan
30.017448,32.65686579117431,-2.63941779117431,270015.0,664305.0,Indanan
29.918964,30.45837141326024,-0.5394074132602427,270315.0,664305.0,Indanan
28.419552,29.84987829746469,-1.430326297464692,270615.0,664305.0,Indanan
28.397102,29.847321439621457,-1.4502194396214563,270915.0,664305.0,Indanan
28.768372,30.31737235670895,-1.5490003567089516,271215.0,664305.0,Indanan
31.755363,29.974616344192345,1.7807466558076541,271515.0,664305.0,Indanan
31.476465,29.775049610910322,1.7014153890896786,271815.0,664305.0,Indanan
30.886234,30.0249691372796,0.8612648627204003,272115.0,664305.0,Indanan
31.854267,30.501591164896787,1.3526758351032129,272415.0,664305.0,Indanan
32.183125,29.686428841831024,2.496696158168973,272715.0,664305.0,Indanan
32.03118,30.49407791285453,1.5371020871454704,273015.0,664305.0,Indanan
29.152916,28.249623843141137,0.9032921568588641,273315.0,664305.0,Indanan
29.250711,28.06368612594046,1.1870248740595386,273615.0,664305.0,Indanan
29.457624,27.504746980858073,1.9528770191419262,273915.0,664305.0,Indanan
28.5316,27.702450611393836,0.8291493886061652,274215.0,664305.0,Indanan
29.51604,27.455698846272437,2.0603411537275633,274515.0,664305.0,Indanan
29.542963,27.814042978989214,1.7289200210107865,274815.0,664305.0,Indanan
29.1613,28.498761677514313,0.6625383224856876,275115.0,664305.0,Indanan
29.565487,28.02919893402605,1.5362880659739524,275415.0,664305.0,Indanan
28.575945,27.81176418773142,0.7641808122685809,275715.0,664305.0,Indanan
27.958681,28.882859895994475,-0.9241788959944763,276015.0,664305.0,Indanan
28.733149,28.507579088339714,0.22556991166028695,276315.0,664305.0,Indanan
29.11054,27.84533084749201,1.265209152507989,276615.0,664305.0,Indanan
29.424227,29.48829580655961,-0.06406880655961089,276915.0,664305.0,Indanan
29.851017,30.616011302053657,-0.7649943020536583,277215.0,664305.0,Indanan
30.352255,30.59020827607021,-0.23795327607021122,277515.0,664305.0,Indanan
31.517664,30.595029340898197,0.9226346591018029,277815.0,664305.0,Indanan
32.63662,30.179624661358798,2.456995338641203,278115.0,664305.0,Indanan
31.346714,30.422303855592798,0.9244101444072008,278415.0,664305.0,Indanan
31.199368,32.32493205119251,-1.1255640511925122,278715.0,664305.0,Indanan
31.714434,31.745697056001507,-0.031263056001506584,279015.0,664305.0,Indanan
31.980711,31.509993866837664,0.470717133162335,279315.0,664305.0,Indanan
30.406965,31.20558683781081,-0.7986218378108099,279615.0,664305.0,Indanan
30.988035,31.268667487682915,-0.28063248768291515,279915.0,664305.0,Indanan
31.299438,31.259654068953466,0.03978393104653222,280215.0,664305.0,Indanan
31.302567,32.587964987958166,-1.2853979879581665,280515.0,664305.0,Indanan
31.322767,31.02877330553778,0.2939936944622197,280815.0,664305.0,Indanan
31.363617,30.705477440609197,0.6581395593908042,281115.0,664305.0,Indanan
31.166937,30.73708693202983,0.4298500679701718,281415.0,664305.0,Indanan
30.575586,31.18966155569707,-0.6140755556970703,281715.0,664305.0,Talipao
29.950842,30.745614240521785,-0.7947722405217839,282015.0,664305.0,Talipao
31.90704,31.16054030832698,0.7464996916730193,282315.0,664305.0,Talipao
29.028772,30.012529265899037,-0.9837572658990368,282615.0,664305.0,Talipao
30.55792,29.86764203880459,0.6902779611954095,282915.0,664305.0,Talipao
30.053576,29.280064351776968,0.7735116482230318,283215.0,664305.0,Talipao
29.856306,29.1200897932458,0.7362162067542002,283515.0,664305.0,Talipao
28.627523,29.189471786685925,-0.5619487866859245,283815.0,664305.0,Talipao
27.949455,28.93577998996436,-0.9863249899643591,284115.0,664305.0,Talipao
28.369661,29.011159803642105,-0.6414988036421043,284415.0,664305.0,Talipao
28.880085,29.420228748139575,-0.5401437481395739,284715.0,664305.0,Talipao
28.725325,29.353033318250098,-0.6277083182500967,285015.0,664305.0,Talipao
28.411251,29.140633478860096,-0.7293824788600958,285315.0,664305.0,Talipao
29.525866,30.060848184692716,-0.5349821846927156,285615.0,664305.0,Talipao
29.343466,29.828068082033003,-0.48460208203300326,285915.0,664305.0,Talipao
29.295351,29.86239067385715,-0.567039673857149,286215.0,664305.0,Talipao
29.061783,29.950127586837613,-0.888344586837615,286515.0,664305.0,Talipao
30.036043,29.871554937837487,0.164488062162512,286815.0,664305.0,Talipao
28.517406,28.95164390406837,-0.43423790406836815,287115.0,664305.0,Talipao
28.406588,29.828964165879974,-1.4223761658799745,287415.0,664305.0,Talipao
27.952328,29.748534172023152,-1.796206172023151,287715.0,664305.0,Talipao
29.502039,29.60221724942928,-0.10017824942928044,288015.0,664305.0,Talipao
29.216644,30.04072180070092,-0.8240778007009197,288315.0,664305.0,Talipao
30.76514,29.795362003421463,0.9697779965785358,288615.0,664305.0,Talipao
29.650686,29.31132361775699,0.3393623822430101,288915.0,664305.0,Talipao
28.665026,30.250655903507248,-1.5856299035072468,289215.0,664305.0,Talipao
29.748255,30.423340932533957,-0.6750859325339569,289515.0,664305.0,Talipao
29.943695,29.689574768620737,0.25412023137926454,289815.0,664305.0,Talipao
29.314014,29.296228593081597,0.017785406918402913,290115.0,664305.0,Talipao
29.75864,28.81134206446653,0.9472979355334701,290415.0,664305.0,Talipao
30.18095,30.015339739750264,0.16561026024973557,290715.0,664305.0,Talipao
30.893316,30.506154732738757,0.38716126726124145,291015.0,664305.0,Talipao
30.093525,29.92434712390729,0.16917787609271073,291315.0,664305.0,Talipao
31.453346,29.645863311065906,1.807482688934094,291615.0,664305.0,Talipao
32.294407,29.9860534252311,2.3083535747689012,291915.0,664305.0,Talipao
32.180218,30.466207139554584,1.7140108604454198,292215.0,664305.0,Talipao
31.614346,30.555633579597274,1.0587124204027276,292515.0,664305.0,Talipao
32.02279,30.14253648081501,1.8802535191849898,292815.0,664305.0,Talipao
30.846338,30.229908660710695,0.6164293392893043,293115.0,664305.0,Talipao
31.39513,30.82520789640664,0.5699221035933633,293415.0,664305.0,Talipao
31.233076,30.84446390534602,0.38861209465397906,293715.0,664305.0,Talipao
30.43352,30.199162096732806,0.2343579032671954,294015.0,664305.0,Talipao
30.00743,31.130944503918037,-1.123514503918038,294315.0,664305.0,Talipao
31.377922,31.452799721848645,-0.07487772184864383,294615.0,664305.0,Talipao
29.504763,30.678661723396285,-1.1738987233962845,294915.0,664305.0,Talipao
30.013466,30.794552784119585,-0.7810867841195837,295215.0,664305.0,Talipao
32.882393,31.721192147815085,1.1612008521849155,295515.0,664305.0,Talipao
30.148756,31.406500544326413,-1.257744544326414,295815.0,664305.0,Talipao
31.499153,31.18741947263976,0.3117335273602393,296115.0,664305.0,Panglima Estino
31.241076,32.36755618364032,-1.126480183640318,296415.0,664305.0,Panglima Estino
31.760147,32.40241976538624,-0.6422727653862417,296715.0,664305.0,Old Panamao
33.477512,32.2709827268715,1.2065292731284956,297015.0,664305.0,Old Panamao
31.601074,32.57030665827985,-0.9692326582798465,297315.0,664305.0,Old Panamao
32.64986,33.33214850989939,-0.6822885098993936,297615.0,664305.0,Old Panamao
32.864246,33.980518900382755,-1.1162729003827536,297915.0,664305.0,Old Panamao
34.530907,33.158556872481675,1.3723501275183239,298215.0,664305.0,Old Panamao
35.353394,34.86267259626913,0.49072140373087336,298515.0,664305.0,Old Panamao
33.33768,31.966896704265608,1.370783295734391,298815.0,664305.0,Old Panamao
35.132732,34.59628109833047,0.5364509016695251,299115.0,664305.0,Old Panamao
33.794186,34.981274612564484,-1.1870886125644802,299415.0,664305.0,Old Panamao
34.9189,33.96638118489449,0.9525188151055133,299715.0,664305.0,Old Panamao
34.81226,36.303616395245804,-1.491356395245802,300015.0,664305.0,Old Panamao
34.484676,34.88328865113945,-0.39861265113945166,300315.0,664305.0,
33.79389,31.74293947907046,2.0509505209295362,304215.0,664305.0,Old Panamao
32.28587,30.99906782964115,1.286802170358854,304515.0,664305.0,Old Panamao
32.570557,31.91313647834619,0.6574205216538118,304815.0,664305.0,Old Panamao
32.953186,34.93534260052646,-1.9821566005264586,305115.0,664305.0,Old Panamao
32.18974,32.212164616944825,-0.022424616944825004,305415.0,664305.0,Old Panamao
32.761173,33.064335428217525,-0.3031624282175258,305715.0,664305.0,Old Panamao
33.66214,33.75302152197196,-0.09088152197195853,306015.0,664305.0,Old Panamao
33.571022,32.746032128223966,0.8249898717760331,306315.0,664305.0,Old Panamao
32.85417,32.6934164277283,0.16075357227170173,306615.0,664305.0,Old Panamao
32.62465,32.5346390816937,0.09001091830630514,306915.0,664305.0,Old Panamao
33.299877,33.61074207638226,-0.3108650763822567,307215.0,664305.0,Old Panamao
33.96436,34.40036329212039,-0.4360032921203896,307515.0,664305.0,Old Panamao
34.03051,34.43057541143673,-0.4000654114367279,307815.0,664305.0,Old Panamao
33.947414,34.70069180599667,-0.7532778059966674,308115.0,664305.0,Old Panamao
34.061104,33.558896388688595,0.5022076113114053,308415.0,664305.0,Old Panamao
34.07526,34.09477729805852,-0.019517298058516985,308715.0,664305.0,Old Panamao
33.29465,31.984319338870396,1.3103306611296013,309015.0,664305.0,Luuk
33.47788,34.55943270679704,-1.0815527067970407,309315.0,664305.0,Luuk
33.43808,32.634026078835895,0.8040539211641047,309615.0,664305.0,Luuk
33.925438,32.9585360531147,0.9669019468853008,309915.0,664305.0,Luuk
33.687347,32.885848739836,0.8014982601640028,310215.0,664305.0,Luuk
34.31723,34.14698856089243,0.1702414391075706,310515.0,664305.0,Luuk
34.522034,34.159798995502214,0.36223500449778356,310815.0,664305.0,Luuk
35.37057,35.346427149548994,0.024142850451006836,311115.0,664305.0,Luuk
35.57173,34.608542070616835,0.9631879293831673,311415.0,664305.0,Luuk
35.61477,34.19305081891702,1.4217191810829775,311715.0,664305.0,Luuk
34.270176,32.15295490792888,2.1172210920711194,312015.0,664305.0,Luuk
36.43382,35.4311533659009,1.0026666340991,312315.0,664305.0,Luuk
38.468987,36.64833112800155,1.8206558719984471,312615.0,664305.0,Luuk
31.96684,31.497702509373855,0.46913749062614585,316215.0,664305.0,Luuk
31.614971,30.992472678341517,0.6224983216584832,316515.0,664305.0,Luuk
32.841026,31.106743056123076,1.7342829438769236,316815.0,664305.0,Luuk
33.42304,31.962105809557144,1.460934190442856,317115.0,664305.0,Luuk
33.40536,36.05216790675599,-2.6468079067559884,317415.0,664305.0,Luuk
37.38719,34.12205190224056,3.26513809775944,320715.0,664305.0,Omar
36.259426,34.24014389058091,2.0192821094190876,321015.0,664305.0,Omar
35.969448,33.100010037095686,2.869437962904314,321315.0,664305.0,Omar
36.912773,36.312587571367,0.6001854286330044,321615.0,664305.0,Omar
34.039513,33.217485893542296,0.8220271064577034,321915.0,664305.0,Omar
37.150948,37.46110282928202,-0.31015482928201976,322215.0,664305.0,Omar
32.09395,34.33478849818623,-2.2408384981862284,267615.0,664005.0,Parang
30.324516,33.06135096607456,-2.7368349660745643,267915.0,664005.0,Indanan
31.347925,33.021233239942106,-1.6733082399421058,268215.0,664005.0,Indanan
31.815554,33.16594902085021,-1.3503950208502147,268515.0,664005.0,Indanan
31.37774,32.278204205775545,-0.9004642057755454,268815.0,664005.0,Indanan
30.978088,33.22052707201101,-2.2424390720110097,269115.0,664005.0,Indanan
30.899921,32.617777272223286,-1.7178562722232869,269415.0,664005.0,Indanan
29.86602,32.592785951871704,-2.7267659518717053,269715.0,664005.0,Indanan
31.202522,32.1129070708667,-0.910385070866699,270015.0,664005.0,Indanan
30.200459,30.852064606602074,-0.6516056066020752,270315.0,664005.0,Indanan
28.581373,30.27804676889231,-1.6966737688923104,270615.0,664005.0,Indanan
28.556982,29.640746149131186,-1.0837641491311842,270915.0,664005.0,Indanan
28.979694,30.875561846376392,-1.8958678463763938,271215.0,664005.0,Indanan
28.688587,29.661822247437215,-0.9732352474372163,271515.0,664005.0,Indanan
31.691408,28.78928163963778,2.9021263603622174,271815.0,664005.0,Indanan
30.750341,29.575027943278492,1.1753130567215067,272115.0,664005.0,Indanan
31.793179,29.620269637009432,2.1729093629905663,272415.0,664005.0,Indanan
30.931017,29.38057539494496,1.5504416050550418,272715.0,664005.0,Indanan
30.50317,29.4799930057654,1.0231769942345998,273015.0,664005.0,Indanan
27.9269,29.158275042838582,-1.2313750428385823,273315.0,664005.0,Indanan
28.348478,28.01823386175571,0.33024413824428933,273615.0,664005.0,Indanan
28.34165,28.12264774102527,0.2190022589747329,273915.0,664005.0,Indanan
28.569752,27.190488663177813,1.3792633368221878,274215.0,664005.0,Indanan
29.027527,28.20525424806871,0.8222727519312905,274815.0,664005.0,Indanan
27.586636,27.51310484546723,0.0735311545327697,275115.0,664005.0,Indanan
29.809134,28.066700086224703,1.7424339137752973,275415.0,664005.0,Indanan
28.528847,27.722262622095013,0.8065843779049864,275715.0,664005.0,Indanan
28.970781,28.70523257435568,0.2655484256443188,276015.0,664005.0,Indanan
29.66043,26.924377579317614,2.7360524206823875,276315.0,664005.0,Indanan
29.830526,27.746643692863135,2.0838823071368644,276615.0,664005.0,Indanan
29.95749,28.746185723298,1.2113042767019984,276915.0,664005.0,Indanan
30.560503,29.982883306900213,0.5776196930997877,277215.0,664005.0,Indanan
30.45195,30.301162308789788,0.15078769121021196,277515.0,664005.0,Indanan
31.7039,31.15544551775737,0.5484544822426294,277815.0,664005.0,Indanan
34.76372,34.79143588304848,-0.027715883048479384,278115.0,664005.0,Indanan
31.001677,31.144131232128224,-0.14245423212822317,278415.0,664005.0,Indanan
31.353214,30.515097659743383,0.8381163402566187,278715.0,664005.0,Indanan
31.113272,30.526780634003977,0.5864913659960216,279015.0,664005.0,Indanan
31.42028,30.845835374279627,0.5744446257203748,279315.0,664005.0,Indanan
31.719564,30.896806402481623,0.8227575975183754,279615.0,664005.0,Indanan
30.806293,31.177534965402835,-0.3712419654028345,279915.0,664005.0,Indanan
29.51397,31.006346076102474,-1.4923760761024738,280215.0,664005.0,Indanan
30.143919,32.28429237269642,-2.14037337269642,280515.0,664005.0,Indanan
31.380148,31.066991057921964,0.31315694207803446,280815.0,664005.0,Indanan
31.473042,32.538376286359636,-1.0653342863596365,281115.0,664005.0,Indanan
29.79307,31.052337837122263,-1.2592678371222625,281415.0,664005.0,Indanan
29.645418,31.378323927318466,-1.7329059273184662,281715.0,664005.0,Talipao
29.00972,29.97963288729592,-0.9699128872959193,282015.0,664005.0,Talipao
28.504087,31.011430198937376,-2.5073431989373773,282315.0,664005.0,Talipao
29.201572,30.462758852697995,-1.2611868526979961,282615.0,664005.0,Talipao
30.348219,30.34969459273669,-0.0014755927366891797,282915.0,664005.0,Talipao
31.318075,30.675506001788722,0.6425689982112779,283215.0,664005.0,Talipao
30.57091,29.466239498034753,1.1046705019652485,283515.0,664005.0,Talipao
30.09132,29.955145888267428,0.1361741117325721,283815.0,664005.0,Talipao
30.157291,29.866939516810785,0.290351483189216,284115.0,664005.0,Talipao
28.709866,29.433936499127014,-0.7240704991270128,284415.0,664005.0,Talipao
29.295397,29.735703907863893,-0.44030690786389215,284715.0,664005.0,Talipao
29.942854,29.147324504111378,0.7955294958886228,285015.0,664005.0,Talipao
29.977127,30.029485659590897,-0.05235865959089736,285315.0,664005.0,Talipao
29.088476,29.678010156079406,-0.5895341560794058,285615.0,664005.0,Talipao
29.800386,29.884667972424413,-0.08428197242441371,285915.0,664005.0,Talipao
29.358372,29.48290724353567,-0.12453524353567147,286215.0,664005.0,Talipao
30.255856,29.35077591912131,0.9050800808786903,286515.0,664005.0,Talipao
30.515589,29.754637557988058,0.7609514420119403,286815.0,664005.0,Talipao
29.479624,29.581622110543652,-0.10199811054365071,287115.0,664005.0,Talipao
30.15532,29.87311841003057,0.28220158996942857,287415.0,664005.0,Talipao
29.748213,29.166627885999244,0.581585114000756,287715.0,664005.0,Talipao
29.723438,29.979422033350318,-0.25598403335031605,288015.0,664005.0,Talipao
29.278393,30.118319807749312,-0.8399268077493112,288315.0,664005.0,Talipao
30.060617,29.83876504629346,0.22185195370654043,288615.0,664005.0,Talipao
30.158474,30.874690679115197,-0.7162166791151989,288915.0,664005.0,Talipao
30.496466,30.808470914952967,-0.3120049149529649,289215.0,664005.0,Talipao
29.773695,31.52671055280234,-1.7530155528023386,289515.0,664005.0,Talipao
30.785643,31.039399548216604,-0.25375654821660376,289815.0,664005.0,Talipao
29.864798,29.4994326619298,0.3653653380702018,290115.0,664005.0,Talipao
29.030472,29.881525690333195,-0.8510536903331953,290415.0,664005.0,Talipao
30.689816,30.17854394475739,0.5112720552426104,290715.0,664005.0,Talipao
29.89189,30.26315370621845,-0.37126370621844984,291015.0,664005.0,Talipao
29.017105,30.148326346416205,-1.1312213464162042,291315.0,664005.0,Talipao
31.064516,30.53866696357901,0.5258490364209898,291615.0,664005.0,Talipao
31.64884,29.553027769815806,2.095812230184194,291915.0,664005.0,Talipao
32.021816,29.631527972415164,2.3902880275848375,292215.0,664005.0,Talipao
31.95074,31.002905215141865,0.9478347848581343,292515.0,664005.0,Talipao
31.58721,30.945289065632835,0.6419209343671639,292815.0,664005.0,Talipao
31.00935,31.059038178766986,-0.04968817876698495,293115.0,664005.0,Talipao
31.193083,30.77819855479082,0.4148844452091822,293415.0,664005.0,Talipao
30.787636,30.865555885424655,-0.07791988542465589,293715.0,664005.0,Talipao
30.743574,30.872798539272747,-0.12922453927274802,294015.0,664005.0,Talipao
31.456226,31.099305244096605,0.35692075590339556,294315.0,664005.0,Talipao
31.895384,31.36313209416275,0.5322519058372492,294615.0,664005.0,Talipao
30.972897,30.924630739444616,0.04826626055538341,294915.0,664005.0,Talipao
31.284468,32.48583533932866,-1.2013673393286588,295215.0,664005.0,Talipao
32.926632,31.33846662251967,1.5881653774803262,295515.0,664005.0,Talipao
32.14857,33.19767886120807,-1.0491088612080688,295815.0,664005.0,Talipao
30.811935,32.60080369116845,-1.788868691168453,296115.0,664005.0,Panglima Estino
31.327515,31.813665442159966,-0.4861504421599676,296415.0,664005.0,Panglima Estino
32.08733,31.148996894444128,0.9383331055558735,296715.0,664005.0,Panglima Estino
32.38594,32.01742006112919,0.36851993887081136,297015.0,664005.0,Old Panamao
32.017555,32.6620243677542,-0.6444693677541977,297315.0,664005.0,Old Panamao
32.98898,32.83582356575571,0.1531564342442877,297615.0,664005.0,Old Panamao
33.491703,35.31707112391041,-1.8253681239104083,297915.0,664005.0,Old Panamao
32.73827,33.04982933776236,-0.3115593377623611,298215.0,664005.0,Old Panamao
33.137074,34.410155571097924,-1.2730815710979257,298515.0,664005.0,Old Panamao
34.03258,34.811468765075205,-0.7788887650752017,298815.0,664005.0,Old Panamao
31.71832,33.64059768055827,-1.922277680558274,299115.0,664005.0,Old Panamao
32.45811,33.03438452281973,-0.5762745228197304,299415.0,664005.0,Old Panamao
34.27064,34.75168976151274,-0.48104976151274315,299715.0,664005.0,Old Panamao
33.563343,34.06294302681829,-0.4996000268182854,300015.0,664005.0,Old Panamao
36.49846,34.98475415138002,1.5137058486199848,300315.0,664005.0,Old Panamao
34.473698,34.22353515818138,0.2501628418186215,300615.0,664005.0,Old Panamao
33.948368,34.51642263134214,-0.568054631342136,304515.0,664005.0,Old Panamao
34.399788,34.23433277113676,0.16545522886323738,304815.0,664005.0,Old Panamao
33.390312,33.50176915889745,-0.11145715889745134,305115.0,664005.0,Old Panamao
33.18411,32.27021489619961,0.9138951038003853,305415.0,664005.0,Old Panamao
33.56276,32.38979256113898,1.172967438861015,305715.0,664005.0,Old Panamao
32.930325,31.202441905686644,1.7278830943133592,306015.0,664005.0,Old Panamao
32.511425,33.47485261907851,-0.9634276190785087,306315.0,664005.0,Old Panamao
32.774254,33.00436707458536,-0.23011307458536123,306615.0,664005.0,Old Panamao
34.188885,33.792102347369706,0.3967826526302929,306915.0,664005.0,Old Panamao
33.705135,34.641055450647706,-0.935920450647707,307215.0,664005.0,Old Panamao
32.244144,33.230153539687436,-0.9860095396874371,307515.0,664005.0,Old Panamao
33.34608,34.273606708977795,-0.9275267089777941,307815.0,664005.0,Old Panamao
32.370712,32.02071745903466,0.34999454096534066,309615.0,664005.0,Luuk
34.198338,33.27535907033688,0.9229789296631168,309915.0,664005.0,Luuk
34.613922,33.42851519530467,1.185406804695333,310215.0,664005.0,Luuk
33.804165,32.79980203540322,1.0043629645967798,310515.0,664005.0,Luuk
33.6104,33.198955598294546,0.4114444017054524,310815.0,664005.0,Luuk
34.71073,33.99957180997077,0.7111581900292308,311115.0,664005.0,Luuk
34.606316,33.59489252624429,1.0114234737557126,311415.0,664005.0,Luuk
34.67995,33.11395282129461,1.5659971787053877,311715.0,664005.0,Luuk
36.82447,36.935647584692525,-0.11117758469252692,312015.0,664005.0,Luuk
36.984154,34.025129308206786,2.9590246917932106,312315.0,664005.0,Luuk
38.635563,35.31565356165165,3.319909438348347,312615.0,664005.0,Luuk
32.24048,31.49121805310958,0.7492619468904174,315615.0,664005.0,Luuk
32.153732,31.169112964613674,0.9846190353863236,316215.0,664005.0,Luuk
31.637838,31.852859822815265,-0.21502182281526672,316515.0,664005.0,Luuk
31.664778,31.724223132369627,-0.05944513236962834,316815.0,664005.0,Luuk
33.089115,32.32453531680873,0.7645796831912719,317115.0,664005.0,Luuk
32.043095,31.746195558752664,0.29689944124733714,317415.0,664005.0,Luuk
34.672764,32.67578179121145,1.9969822087885518,317715.0,664005.0,Luuk
33.475266,32.27487131613771,1.2003946838622852,318615.0,664005.0,Luuk
29.810806,30.5200409965693,-0.7092349965693003,319515.0,664005.0,Omar
30.219954,32.292071812499735,-2.0721178124997337,319815.0,664005.0,Omar
32.63326,31.34477078856868,1.288489211431319,320115.0,664005.0,Omar
36.89781,35.64091355890775,1.2568964410922518,320715.0,664005.0,Omar
38.114365,32.45499642059878,5.659368579401217,321015.0,664005.0,Omar
34.441315,32.594237424634834,1.8470775753651694,321315.0,664005.0,Omar
34.743576,34.262758382922335,0.4808176170776619,321615.0,664005.0,Omar
34.897865,34.12547371123909,0.7723912887609146,321915.0,664005.0,Omar
34.243137,35.0500408650403,-0.8069038650403044,322215.0,664005.0,Omar
35.6696,35.23609314938669,0.4335068506133126,322515.0,664005.0,Omar
34.818314,33.166445772855354,1.6518682271446465,322815.0,664005.0,Omar
31.325329,32.25376086512133,-0.928431865121329,267315.0,663705.0,Parang
30.761465,33.43707483395559,-2.6756098339555905,267615.0,663705.0,Parang
30.861324,32.077199036479094,-1.215875036479094,267915.0,663705.0,Parang
31.853455,34.08551904899333,-2.232064048993333,268215.0,663705.0,Indanan
31.434353,32.518694577640304,-1.084341577640302,268515.0,663705.0,Indanan
31.171246,31.702887607634405,-0.5316416076344055,268815.0,663705.0,Indanan
31.73281,32.44552498893329,-0.7127149889332927,269115.0,663705.0,Indanan
31.44969,33.276393865332025,-1.826703865332025,269415.0,663705.0,Indanan
30.990181,32.46009547059431,-1.4699144705943112,269715.0,663705.0,Indanan
29.702417,31.417598113384994,-1.7151811133849932,270015.0,663705.0,Indanan
31.040382,32.120888546223505,-1.0805065462235035,270315.0,663705.0,Indanan
29.54925,30.89368842944907,-1.3444384294490703,270615.0,663705.0,Indanan
28.757086,29.977073975946976,-1.2199879759469745,270915.0,663705.0,Indanan
30.200586,30.997156493597455,-0.7965704935974536,271215.0,663705.0,Indanan
30.3668,30.046819328969942,0.3199806710300592,271515.0,663705.0,Indanan
32.746346,30.47175154042356,2.2745944595764414,271815.0,663705.0,Indanan
31.961014,30.061796502588734,1.8992174974112643,272115.0,663705.0,Indanan
30.561956,28.59964978451909,1.9623062154809077,272415.0,663705.0,Indanan
29.07777,29.707161545445743,-0.6293915454457419,272715.0,663705.0,Indanan
27.040047,27.890300216423594,-0.8502532164235923,273015.0,663705.0,Indanan
29.145367,28.011121882970553,1.1342451170294474,273315.0,663705.0,Indanan
29.572617,27.995311582976836,1.5773054170231653,273615.0,663705.0,Indanan
28.64981,27.648811672835368,1.0009983271646306,273915.0,663705.0,Indanan
27.958826,27.403704534797836,0.5551214652021628,274215.0,663705.0,Indanan
27.821472,27.180482721558548,0.6409892784414524,275415.0,663705.0,Indanan
28.06542,28.218411157182526,-0.15299115718252665,275715.0,663705.0,Indanan
28.415464,27.851168419240686,0.564295580759314,276015.0,663705.0,Indanan
30.315647,29.15746944353865,1.1581775564613501,276315.0,663705.0,Indanan
31.230305,28.27487590844666,2.9554290915533414,276615.0,663705.0,Indanan
30.101112,29.982921419515122,0.11819058048487818,276915.0,663705.0,Indanan
31.838596,30.42187738511946,1.4167186148805406,277215.0,663705.0,Indanan
31.763039,30.22604457037332,1.5369944296266809,277515.0,663705.0,Indanan
31.269054,30.570849910462062,0.6982040895379384,277815.0,663705.0,Indanan
31.684832,31.002282710065753,0.6825492899342471,278115.0,663705.0,Indanan
32.560154,31.24889461976494,1.3112593802350574,278415.0,663705.0,Indanan
31.129692,30.902232889096542,0.22745911090345672,278715.0,663705.0,Indanan
32.676388,32.68144714703452,-0.005059147034515377,279015.0,663705.0,Indanan
31.871737,30.699136975325246,1.1726000246747539,279315.0,663705.0,Indanan
31.802475,31.708935331014676,0.09353966898532562,279615.0,663705.0,Indanan
30.27402,31.44543961054345,-1.171419610543449,279915.0,663705.0,Indanan
31.225178,31.567133550772382,-0.3419555507723828,280215.0,663705.0,Indanan
30.103807,30.919091624942837,-0.8152846249428372,280515.0,663705.0,Indanan
31.849451,31.67578918473495,0.1736618152650493,280815.0,663705.0,Indanan
30.379126,30.903753730947642,-0.5246277309476426,281115.0,663705.0,Indanan
29.720226,30.984609196192594,-1.2643831961925933,281415.0,663705.0,Indanan
30.057766,30.58546080061618,-0.5276948006161781,281715.0,663705.0,Talipao
29.292458,30.981579235644634,-1.6891212356446346,282015.0,663705.0,Talipao
29.20967,31.031098170597886,-1.821428170597887,282315.0,663705.0,Talipao
29.578213,30.076733281279992,-0.4985202812799905,282615.0,663705.0,Talipao
30.372385,30.348236230339836,0.024148769660165215,282915.0,663705.0,Talipao
29.63269,29.484852616539552,0.14783738346044828,283215.0,663705.0,Talipao
30.626034,30.215310371317795,0.4107236286822058,283515.0,663705.0,Talipao
29.823336,29.91892004073258,-0.09558404073257876,283815.0,663705.0,Talipao
30.300531,30.116338975160122,0.18419202483987718,284115.0,663705.0,Talipao
29.650978,29.6893902923155,-0.03841229231550258,284415.0,663705.0,Talipao
29.7656,29.777374038814532,-0.011774038814532872,284715.0,663705.0,Talipao
30.548351,29.276522187397074,1.2718288126029265,285015.0,663705.0,Talipao
29.845142,29.69046916582443,0.15467283417556743,285315.0,663705.0,Talipao
30.209652,30.192573866832962,0.017078133167036214,285615.0,663705.0,Talipao
29.206993,29.919638437889912,-0.7126454378899112,285915.0,663705.0,Talipao
30.608498,29.52203905128828,1.0864589487117193,286215.0,663705.0,Talipao
29.714949,30.180393468428623,-0.46544446842862186,286515.0,663705.0,Talipao
29.375149,29.17745195859583,0.19769704140416877,286815.0,663705.0,Talipao
30.67542,29.618860818281995,1.0565591817180042,287115.0,663705.0,Talipao
30.294867,29.608160942149148,0.6867060578508521,287415.0,663705.0,Talipao
30.622679,30.03875924588134,0.5839197541186607,287715.0,663705.0,Talipao
29.281706,30.458722959922646,-1.1770169599226463,288015.0,663705.0,Talipao
29.45703,28.827273221492838,0.6297567785071614,288315.0,663705.0,Talipao
29.145475,29.455113401165402,-0.309638401165401,288615.0,663705.0,Talipao
29.710402,30.83395662190048,-1.1235546219004817,288915.0,663705.0,Talipao
30.569775,30.947751122955246,-0.3779761229552463,289815.0,663705.0,Talipao
30.662611,30.65502355747847,0.007587442521529653,290115.0,663705.0,Talipao
29.776731,30.24115991787629,-0.4644289178762868,290415.0,663705.0,Talipao
29.345936,30.59599051801612,-1.250054518016121,290715.0,663705.0,Talipao
30.200035,30.299080071340175,-0.09904507134017493,291015.0,663705.0,Talipao
30.626133,30.25499824591727,0.37113475408272834,291315.0,663705.0,Talipao
31.856188,29.31821476474519,2.5379732352548103,291615.0,663705.0,Talipao
31.543592,29.60673635668698,1.9368556433130202,291915.0,663705.0,Talipao
32.258236,32.08430806078209,0.17392793921790428,292215.0,663705.0,Talipao
31.601494,30.859722301829,0.7417716981710001,292515.0,663705.0,Talipao
31.65134,30.856840009822243,0.7944999901777585,292815.0,663705.0,Talipao
32.49125,30.773341724562396,1.7179082754376047,293115.0,663705.0,Talipao
30.847141,30.919933723489446,-0.07279272348944588,293415.0,663705.0,Talipao
31.419735,30.984175503914106,0.4355594960858937,293715.0,663705.0,Talipao
31.5491,30.67562834767248,0.8734716523275203,294015.0,663705.0,Talipao
31.35886,30.66829432539169,0.6905656746083082,294315.0,663705.0,Talipao
31.30386,31.152678634196704,0.15118136580329633,294615.0,663705.0,Talipao
30.83609,31.47237015787305,-0.6362801578730526,294915.0,663705.0,Talipao
32.04827,31.20951694772106,0.8387530522789426,295215.0,663705.0,Talipao
32.14346,31.422632346145104,0.7208276538548937,295515.0,663705.0,Talipao
31.690046,31.547008101075463,0.14303789892453622,295815.0,663705.0,Talipao
31.340334,31.847080236314767,-0.5067462363147683,296115.0,663705.0,Panglima Estino
32.246986,32.42795710697951,-0.1809711069795128,296415.0,663705.0,Panglima Estino
32.492294,32.46100519819178,0.031288801808223354,296715.0,663705.0,Panglima Estino
33.624786,33.846500468708264,-0.22171446870826372,297015.0,663705.0,Panglima Estino
32.337067,32.092849618817475,0.24421738118252279,297315.0,663705.0,Old Panamao
31.76813,31.9270057030901,-0.15887570309010002,297615.0,663705.0,Old Panamao
33.382156,34.344097414307214,-0.961941414307212,297915.0,663705.0,Old Panamao
32.677666,32.76781375429895,-0.09014775429894684,298215.0,663705.0,Old Panamao
31.498991,32.67861503353683,-1.1796240335368289,298515.0,663705.0,Old Panamao
34.672115,35.18263677981431,-0.5105217798143116,298815.0,663705.0,Old Panamao
33.18279,33.0965323252756,0.0862576747244006,299115.0,663705.0,Old Panamao
33.370956,34.60926498606572,-1.238308986065718,299415.0,663705.0,Old Panamao
33.82516,33.64258995833046,0.1825700416695355,299715.0,663705.0,Old Panamao
35.103344,35.90936674084911,-0.8060227408491087,300015.0,663705.0,Old Panamao
35.595512,34.407880709543036,1.187631290456963,300315.0,663705.0,Old Panamao
35.245598,33.91582099935285,1.329777000647148,300615.0,663705.0,Old Panamao
33.757202,34.20130456013522,-0.44410256013522087,304215.0,663705.0,Old Panamao
33.850754,34.11797012023497,-0.2672161202349699,304515.0,663705.0,Old Panamao
33.39154,32.620987001920795,0.7705529980792036,304815.0,663705.0,Old Panamao
33.226192,31.820142116189015,1.406049883810983,305115.0,663705.0,Old Panamao
33.41052,33.23204835126306,0.178471648736938,305415.0,663705.0,Old Panamao
33.3289,31.631590376344345,1.6973096236556522,305715.0,663705.0,Old Panamao
33.090206,34.990725767598335,-1.9005197675983325,306015.0,663705.0,Old Panamao
32.322712,32.67093254268546,-0.34822054268546054,306315.0,663705.0,Old Panamao
31.880697,32.464661128634425,-0.5839641286344239,306615.0,663705.0,Old Panamao
32.961544,33.89244338518736,-0.9308993851873595,306915.0,663705.0,Old Panamao
32.606956,33.17033098942425,-0.5633749894242541,307215.0,663705.0,Old Panamao
32.68725,32.07740045278703,0.609849547212967,307515.0,663705.0,Old Panamao
32.846764,33.49310167355431,-0.6463376735543065,307815.0,663705.0,Old Panamao
33.535206,32.637663545602194,0.8975424543978079,309615.0,663705.0,Luuk
33.5588,33.15795848920374,0.40084151079625485,309915.0,663705.0,Luuk
33.653454,33.237784033290794,0.41566996670920986,310215.0,663705.0,Luuk
33.529827,33.183273541302434,0.3465534586975636,310515.0,663705.0,Luuk
35.015232,34.99583043203651,0.019401567963484467,310815.0,663705.0,Luuk
34.273956,33.88384355921147,0.3901124407885277,311115.0,663705.0,Luuk
34.500572,32.46588514366309,2.0346868563369114,311415.0,663705.0,Luuk
35.351963,33.66663440872407,1.6853285912759262,311715.0,663705.0,Luuk
34.76972,34.10878571819305,0.6609342818069521,312015.0,663705.0,Luuk
34.377235,33.251555627471625,1.1256793725283742,312315.0,663705.0,Luuk
40.640366,39.207726797565456,1.4326392024345438,312615.0,663705.0,Luuk
35.340183,35.62584556786932,-0.2856625678693163,312915.0,663705.0,Luuk
34.604996,33.6396810533672,0.9653149466328017,313515.0,663705.0,Luuk
34.68829,35.150783235053645,-0.4624932350536426,314415.0,663705.0,Luuk
31.686045,30.9190686582116,0.7669763417883999,315615.0,663705.0,Luuk
31.87904,31.414071658294656,0.46496834170534385,316515.0,663705.0,Luuk
31.768576,32.11309806172298,-0.34452206172298006,316815.0,663705.0,Luuk
32.27639,31.984259151785697,0.2921308482143026,317115.0,663705.0,Luuk
31.71636,31.718290897665604,-0.0019308976656020604,317415.0,663705.0,Luuk
31.779512,31.135800230214276,0.6437117697857246,317715.0,663705.0,Luuk
31.741495,31.590057881886686,0.15143711811331428,318015.0,663705.0,Luuk
31.200783,31.76706969501899,-0.566286695018988,318315.0,663705.0,Luuk
31.39807,31.13136922455952,0.26670077544048,318615.0,663705.0,Luuk
32.292767,31.37056981439817,0.9221971856018278,320115.0,663705.0,Omar
36.80653,35.88681104692134,0.9197189530786645,320415.0,663705.0,Omar
35.161545,34.55812742314499,0.6034175768550085,320715.0,663705.0,Omar
34.20359,32.45353931213091,1.7500506878690913,321015.0,663705.0,Omar
34.56259,33.880897475515695,0.6816925244843048,321315.0,663705.0,Omar
36.740944,34.02566532507758,2.7152786749224163,321615.0,663705.0,Omar
35.595898,33.78148927406081,1.8144087259391881,321915.0,663705.0,Omar
35.70079,34.18387483761038,1.5169151623896155,322215.0,663705.0,Omar
33.8357,33.71954861363481,0.11615138636519617,322515.0,663705.0,Omar
37.772896,33.86479022057351,3.908105779426492,322815.0,663705.0,Omar
35.093754,34.958625999266516,0.13512800073348075,323115.0,663705.0,Omar
32.20525,31.12895706407264,1.0762929359273592,323415.0,663705.0,Omar
32.87192,33.965954061845935,-1.0940340618459317,267015.0,663405.0,Parang
31.912792,34.71134154019045,-2.7985495401904537,267315.0,663405.0,Parang
30.558474,33.57617740334519,-3.017703403345191,267615.0,663405.0,Parang
31.698475,32.90441183226449,-1.205936832264495,267915.0,663405.0,Parang
30.404942,32.376109507174625,-1.971167507174627,268215.0,663405.0,Indanan
30.08792,31.952604340587204,-1.8646843405872033,268515.0,663405.0,Indanan
29.718977,31.87847369894222,-2.1594966989422204,268815.0,663405.0,Indanan
31.117712,32.598014443736304,-1.4803024437363028,269115.0,663405.0,Indanan
30.965563,31.971167543590138,-1.0056045435901382,269415.0,663405.0,Indanan
32.692345,34.583426492355485,-1.8910814923554824,269715.0,663405.0,Indanan
31.68375,32.116317939378895,-0.43256793937889526,270015.0,663405.0,Indanan
31.299385,31.851562492966824,-0.5521774929668233,270315.0,663405.0,Indanan
30.192528,30.67157536832421,-0.4790473683242098,270615.0,663405.0,Indanan
29.369608,30.91998108921713,-1.550373089217132,270915.0,663405.0,Indanan
29.685358,30.944902840202058,-1.2595448402020573,271215.0,663405.0,Indanan
31.570274,30.130348917505653,1.439925082494348,271515.0,663405.0,Indanan
32.543846,31.40831037005217,1.1355356299478316,271815.0,663405.0,Indanan
32.376133,29.35914862759064,3.0169843724093646,272115.0,663405.0,Indanan
30.432983,28.71028799890345,1.7226950010965503,272415.0,663405.0,Indanan
30.183834,28.897878005035253,1.2859559949647483,272715.0,663405.0,Indanan
29.246273,28.191263724039576,1.0550092759604226,273015.0,663405.0,Indanan
28.411062,28.66275591947036,-0.2516939194703589,273315.0,663405.0,Indanan
28.526367,27.78218363783265,0.7441833621673517,273615.0,663405.0,Indanan
28.483274,27.014598868964747,1.4686751310352548,273915.0,663405.0,Indanan
26.42446,27.326485489809073,-0.9020254898090734,274215.0,663405.0,Indanan
27.975517,27.655856805950183,0.31966019404981694,275415.0,663405.0,Indanan
28.028137,28.169845573769962,-0.14170857376996082,275715.0,663405.0,Indanan
28.263521,28.136801406653298,0.1267195933467029,276015.0,663405.0,Indanan
28.797142,28.192206067107332,0.6049359328926691,276315.0,663405.0,Indanan
30.205894,29.80351863085941,0.40237536914058936,276615.0,663405.0,Indanan
30.959267,30.001376767904773,0.9578902320952274,276915.0,663405.0,Indanan
30.923422,29.51981439420968,1.4036076057903202,277215.0,663405.0,Indanan
31.556482,30.561825273110482,0.9946567268895166,277515.0,663405.0,Indanan
31.222311,30.973760170987262,0.24855082901273917,277815.0,663405.0,Indanan
32.23579,31.391348667124362,0.8444413328756397,278115.0,663405.0,Indanan
33.651295,32.773888392665356,0.8774066073346418,278415.0,663405.0,Indanan
33.384983,32.01939060347117,1.3655923965288252,278715.0,663405.0,Indanan
32.14124,31.904375551034338,0.23686444896566528,279015.0,663405.0,Indanan
32.549778,31.43386540652588,1.1159125934741247,279315.0,663405.0,Indanan
33.61155,32.05956079704448,1.551989202955518,279615.0,663405.0,Indanan
32.13012,31.630052951074205,0.5000670489257928,279915.0,663405.0,Indanan
31.341139,31.108629712420584,0.2325092875794148,280215.0,663405.0,Indanan
30.585762,31.04692509923121,-0.4611630992312108,280515.0,663405.0,Indanan
30.607037,31.437401689001028,-0.8303646890010299,280815.0,663405.0,Indanan
30.40327,31.45738061061645,-1.0541106106164513,281115.0,663405.0,Indanan
29.659273,31.178557964662797,-1.5192849646627984,281415.0,663405.0,Indanan
29.522432,30.575896478746223,-1.0534644787462248,281715.0,663405.0,Talipao
29.639248,30.83698956227375,-1.1977415622737517,282015.0,663405.0,Talipao
30.088612,31.626162548981448,-1.5375505489814465,282315.0,663405.0,Talipao
29.007217,31.30395515993272,-2.296738159932719,282615.0,663405.0,Talipao
29.29153,30.664673332515058,-1.3731433325150562,282915.0,663405.0,Talipao
29.433073,29.82226430050051,-0.3891913005005101,283215.0,663405.0,Talipao
30.936243,30.286595740432535,0.649647259567466,283515.0,663405.0,Talipao
30.57155,29.96057746452606,0.6109725354739375,283815.0,663405.0,Talipao
30.655836,30.064816012963007,0.5910199870369937,284115.0,663405.0,Talipao
30.622156,30.348083314344006,0.2740726856559945,284415.0,663405.0,Talipao
31.509115,29.96521642455446,1.5438985754455423,284715.0,663405.0,Talipao
31.182154,30.608394662533367,0.5737593374666332,285015.0,663405.0,Talipao
30.375744,30.327653988839206,0.04809001116079514,285315.0,663405.0,Talipao
30.716682,29.988662352560144,0.7280196474398544,285615.0,663405.0,Talipao
31.122173,30.029366263103892,1.092806736896108,285915.0,663405.0,Talipao
29.710821,30.478421165345683,-0.7676001653456836,286215.0,663405.0,Talipao
29.74525,29.44766328106177,0.2975867189382271,286515.0,663405.0,Talipao
29.775724,29.51328618688741,0.26243781311259085,286815.0,663405.0,Talipao
30.124453,29.632017930019753,0.492435069980246,287115.0,663405.0,Talipao
30.038645,30.29852435253679,-0.2598793525367924,287415.0,663405.0,Talipao
30.391468,30.472960977402984,-0.08149297740298422,287715.0,663405.0,Talipao
31.159231,30.752595168724902,0.4066358312750964,288015.0,663405.0,Talipao
29.34281,28.764103588525916,0.5787064114740836,288315.0,663405.0,Talipao
29.986238,30.523040034532823,-0.5368020345328226,288615.0,663405.0,Talipao
31.093943,30.703245304745757,0.3906976952542429,288915.0,663405.0,Talipao
30.126553,30.938059300329726,-0.8115063003297251,289815.0,663405.0,Talipao
30.350868,31.014960467748203,-0.6640924677482047,290115.0,663405.0,Talipao
30.209423,30.74504021760462,-0.5356172176046172,290415.0,663405.0,Talipao
30.288403,31.318000599376685,-1.029597599376686,291315.0,663405.0,Talipao
30.476252,30.010695122058234,0.4655568779417649,291615.0,663405.0,Talipao
32.1262,32.53642396801345,-0.4102239680134545,291915.0,663405.0,Talipao
31.501602,31.393242366852068,0.10835963314793062,292215.0,663405.0,Talipao
32.171528,31.59971205936242,0.5718159406375811,292515.0,663405.0,Talipao
30.919624,30.356183273508705,0.5634407264912937,292815.0,663405.0,Talipao
31.151789,30.60884460368616,0.5429443963138425,293115.0,663405.0,Talipao
31.507242,31.23667278465202,0.27056921534798306,293415.0,663405.0,Talipao
31.305069,30.82393300132825,0.48113599867174983,293715.0,663405.0,Talipao
30.497427,30.407669327513865,0.08975767248613309,294015.0,663405.0,Talipao
31.063938,30.613258322512976,0.45067967748702387,294315.0,663405.0,Talipao
30.482315,31.600175039384816,-1.1178600393848157,294615.0,663405.0,Talipao
31.882046,31.55234126045403,0.3297047395459707,294915.0,663405.0,Talipao
30.449347,31.071555968480155,-0.6222089684801553,295215.0,663405.0,Talipao
32.573063,33.03999075672703,-0.46692775672703135,295515.0,663405.0,Talipao
33.813255,32.49799930460468,1.3152556953953152,295815.0,663405.0,Talipao
32.68797,32.088279385278,0.5996906147220002,296115.0,663405.0,Panglima Estino
31.560333,32.35478261566044,-0.7944496156604401,296415.0,663405.0,Panglima Estino
33.87439,32.72652820012591,1.1478617998740859,296715.0,663405.0,Panglima Estino
33.569008,33.19621949485218,0.3727885051478168,297015.0,663405.0,Panglima Estino
32.51953,33.0989106063402,-0.5793806063401945,297315.0,663405.0,Panglima Estino
32.011993,32.172042156360575,-0.1600491563605786,297615.0,663405.0,Old Panamao
31.62977,32.43000843635331,-0.800238436353311,297915.0,663405.0,Old Panamao
31.801567,32.31984467118561,-0.518277671185615,298215.0,663405.0,Old Panamao
32.089317,34.058677617948085,-1.9693606179480838,298515.0,663405.0,Old Panamao
32.76273,34.360035821948685,-1.5973058219486873,298815.0,663405.0,Old Panamao
33.259644,32.79071587524274,0.4689281247572623,299115.0,663405.0,Old Panamao
34.169987,33.59974784495031,0.5702391550496912,299415.0,663405.0,Old Panamao
36.22511,33.51352229493201,2.7115877050679913,299715.0,663405.0,Old Panamao
35.58026,35.71442202180141,-0.13416202180140857,300015.0,663405.0,Old Panamao
35.275986,33.488367627372035,1.7876183726279677,300315.0,663405.0,Old Panamao
36.27907,36.562620611172754,-0.2835506111727568,300615.0,663405.0,Old Panamao
35.54662,34.78050967304451,0.7661103269554843,300915.0,663405.0,Old Panamao
34.03421,33.01863498834493,1.0155750116550735,303615.0,663405.0,Old Panamao
33.80976,32.75023276817957,1.0595272318204252,303915.0,663405.0,Old Panamao
33.70584,32.256022935328104,1.4498170646718975,304215.0,663405.0,Old Panamao
34.18844,33.94079425644616,0.24764574355383928,304515.0,663405.0,Old Panamao
33.844303,33.2304879165583,0.6138150834416933,304815.0,663405.0,Old Panamao
33.627113,32.54795541611354,1.079157583886463,305115.0,663405.0,Old Panamao
34.124397,33.24043985987624,0.883957140123762,305415.0,663405.0,Old Panamao
33.615105,33.889446809383436,-0.27434180938343644,305715.0,663405.0,Old Panamao
33.150967,33.22427647486534,-0.07330947486534001,306015.0,663405.0,Old Panamao
32.788044,32.294037759957554,0.4940062400424452,306315.0,663405.0,Old Panamao
32.522205,32.31595779361231,0.2062472063876868,306615.0,663405.0,Old Panamao
32.17359,31.848356903766252,0.3252330962337453,306915.0,663405.0,Old Panamao
32.810024,32.67642149269477,0.13360250730522694,307215.0,663405.0,Old Panamao
32.746513,33.383748355859055,-0.6372353558590547,307515.0,663405.0,Old Panamao
33.01161,32.12543912276166,0.8861708772383352,307815.0,663405.0,Old Panamao
34.675655,31.71952774412453,2.9561272558754688,309315.0,663405.0,Luuk
32.913376,32.269680848506795,0.6436951514932048,309615.0,663405.0,Luuk
33.355305,33.15381564902781,0.20148935097218867,309915.0,663405.0,Luuk
33.574963,34.32285030824786,-0.7478873082478614,310515.0,663405.0,Luuk
34.342278,33.437811220903285,0.9044667790967154,310815.0,663405.0,Luuk
33.77928,32.642764030096444,1.1365159699035559,311115.0,663405.0,Luuk
35.176186,34.55573995881301,0.6204460411869945,311415.0,663405.0,Luuk
34.295372,32.62050300466049,1.6748689953395086,311715.0,663405.0,Luuk
35.208202,34.13500604561102,1.0731959543889786,312015.0,663405.0,Luuk
34.8679,32.95393027503602,1.9139697249639767,312315.0,663405.0,Luuk
38.17601,39.425981120023096,-1.2499711200230976,312615.0,663405.0,Luuk
37.962914,35.34532269018122,2.6175913098187777,312915.0,663405.0,Luuk
33.56867,31.807590481255705,1.7610795187442925,313815.0,663405.0,Luuk
32.148037,31.958341857777526,0.18969514222247597,314115.0,663405.0,Luuk
31.782965,31.60588271437723,0.17708228562277029,314415.0,663405.0,Luuk
31.673784,31.440454756783218,0.23332924321678306,315015.0,663405.0,Luuk
31.349436,31.48267943041746,-0.13324343041745834,315315.0,663405.0,Luuk
31.930328,30.69647550030211,1.233852499697889,315615.0,663405.0,Luuk
31.086824,33.03350165601271,-1.9466776560127101,315915.0,663405.0,Luuk
31.283983,31.481355138367704,-0.1973721383677045,317115.0,663405.0,Luuk
31.612371,31.765566229683596,-0.15319522968359678,317415.0,663405.0,Luuk
31.423529,31.993628212579,-0.5700992125790023,317715.0,663405.0,Luuk
31.235495,31.2409109091046,-0.005415909104598882,318015.0,663405.0,Luuk
31.63256,31.4731838284293,0.1593761715707025,318315.0,663405.0,Luuk
31.666758,31.781498463980334,-0.11474046398033266,318615.0,663405.0,Luuk
32.55906,31.452241468077002,1.1068185319230004,319515.0,663405.0,Omar
33.270775,32.151246244657834,1.1195287553421664,319815.0,663405.0,Omar
35.167007,34.83348537769465,0.3335216223053479,320115.0,663405.0,Omar
36.11132,34.18001543551565,1.9313045644843498,320415.0,663405.0,Omar
34.48877,33.25454273317479,1.234227266825215,321315.0,663405.0,Omar
36.779842,35.201970534026785,1.5778714659732174,321615.0,663405.0,Omar
33.533127,32.95595542421224,0.5771715757877587,321915.0,663405.0,Omar
33.770683,32.73103291079838,1.039650089201615,322215.0,663405.0,Omar
36.59085,34.61632540783525,1.9745245921647552,322515.0,663405.0,Omar
40.33918,35.936376419708296,4.402803580291703,322815.0,663405.0,Omar
36.20623,33.3718087428702,2.8344212571297973,323115.0,663405.0,Omar
41.14252,35.095669268590925,6.046850731409073,323415.0,663405.0,Omar
33.59116,31.225492339284475,2.365667660715527,323715.0,663405.0,Omar
32.39427,31.428510477778214,0.9657595222217843,324015.0,663405.0,Omar
32.0282,33.524255694329476,-1.4960556943294776,267015.0,663105.0,Parang
30.776989,32.691123547493866,-1.914134547493866,267315.0,663105.0,Parang
29.845303,32.00382741831596,-2.158524418315956,267615.0,663105.0,Parang
31.122883,33.26472551542083,-2.1418425154208265,267915.0,663105.0,Parang
30.474861,32.32788626413594,-1.8530252641359404,268215.0,663105.0,Indanan
30.268003,32.48856707119341,-2.220564071193408,268515.0,663105.0,Indanan
31.451109,32.69682194321406,-1.2457129432140626,268815.0,663105.0,Indanan
30.041574,32.17927147775545,-2.1376974777554487,269115.0,663105.0,Indanan
30.696314,32.390120645076266,-1.6938066450762648,269415.0,663105.0,Indanan
31.434559,32.11071703519334,-0.676158035193339,269715.0,663105.0,Indanan
31.448334,31.9527509110684,-0.5044169110684003,270015.0,663105.0,Indanan
31.021759,31.157732508508552,-0.1359735085085525,270315.0,663105.0,Indanan
30.482918,30.774640244851142,-0.2917222448511403,270615.0,663105.0,Indanan
29.25944,31.023208268617356,-1.7637682686173548,270915.0,663105.0,Indanan
30.688257,30.6750940943884,0.013162905611601161,271215.0,663105.0,Indanan
31.03712,30.81031150736115,0.2268084926388525,271515.0,663105.0,Indanan
31.581089,30.54585286303112,1.03523613696888,271815.0,663105.0,Indanan
32.535084,29.972283305427652,2.5628006945723456,272115.0,663105.0,Indanan
30.816786,28.679458118173137,2.137327881826863,272415.0,663105.0,Indanan
30.185677,29.74486466534012,0.4408123346598778,272715.0,663105.0,Indanan
30.67806,28.22331502902544,2.4547449709745592,273015.0,663105.0,Indanan
29.656929,28.214518317152947,1.4424106828470542,273315.0,663105.0,Indanan
28.51117,27.792399426712525,0.7187705732874754,273615.0,663105.0,Indanan
27.866863,27.517098121522782,0.3497648784772167,273915.0,663105.0,Indanan
28.105127,27.494796037584788,0.6103309624152118,275115.0,663105.0,Indanan
29.296804,27.444628532639253,1.8521754673607482,275415.0,663105.0,Indanan
28.789124,28.192571013259005,0.5965529867409956,275715.0,663105.0,Indanan
29.591427,28.207581077578336,1.3838459224216635,276015.0,663105.0,Indanan
30.42931,28.871681197563216,1.5576288024367848,276315.0,663105.0,Indanan
30.349884,29.25602646589897,1.09385753410103,276615.0,663105.0,Indanan
30.356377,30.15245970080621,0.20391729919378676,276915.0,663105.0,Indanan
30.645014,30.74504057953146,-0.10002657953145899,277215.0,663105.0,Indanan
31.647131,30.987494116609472,0.6596368833905295,277515.0,663105.0,Indanan
31.751719,30.9345089632266,0.8172100367733997,277815.0,663105.0,Indanan
32.53235,32.07061964758045,0.4617303524195506,278115.0,663105.0,Indanan
33.16902,32.10122448775313,1.0677955122468745,278415.0,663105.0,Indanan
34.046978,32.408016857046476,1.6389611429535265,278715.0,663105.0,Indanan
32.53785,32.76512988872959,-0.2272798887295906,279015.0,663105.0,Indanan
33.74007,32.578381031568874,1.161688968431129,279315.0,663105.0,Indanan
33.477116,31.997897328459715,1.4792186715402877,279615.0,663105.0,Indanan
32.76736,32.59466876811112,0.17269123188887647,279915.0,663105.0,Indanan
31.69568,31.934037965060377,-0.2383579650603771,280215.0,663105.0,Indanan
30.140913,31.234641449719454,-1.0937284497194533,280515.0,663105.0,Indanan
30.27088,31.121642712179565,-0.8507627121795664,280815.0,663105.0,Indanan
32.296406,32.089065188110474,0.20734081188952302,281115.0,663105.0,Indanan
31.257212,32.76030385333507,-1.503091853335068,281415.0,663105.0,Indanan
30.447023,31.379162135908246,-0.932139135908244,281715.0,663105.0,Talipao
30.865696,31.57691868717061,-0.7112226871706113,282015.0,663105.0,Talipao
30.746344,31.03679949343645,-0.2904554934364505,282315.0,663105.0,Talipao
30.078384,31.40359825745268,-1.3252142574526786,282615.0,663105.0,Talipao
29.112118,29.471657218682008,-0.3595392186820092,282915.0,663105.0,Talipao
28.967812,30.25972416216067,-1.2919121621606706,283215.0,663105.0,Talipao
30.529608,31.226777221067106,-0.6971692210671065,283515.0,663105.0,Talipao
30.379372,29.704659142787236,0.6747128572127643,283815.0,663105.0,Talipao
29.981007,30.378418798632048,-0.3974117986320458,284115.0,663105.0,Talipao
30.042866,30.190082803562262,-0.1472168035622623,284415.0,663105.0,Talipao
29.069986,30.07200238214308,-1.0020163821430792,284715.0,663105.0,Talipao
28.387087,30.550611897305973,-2.1635248973059724,285015.0,663105.0,Talipao
31.368698,30.403458011002648,0.9652399889973502,285315.0,663105.0,Talipao
30.161617,30.29844697930683,-0.13682997930683172,285615.0,663105.0,Talipao
29.757607,30.38089241508752,-0.6232854150875191,285915.0,663105.0,Talipao
30.93023,30.961673310108992,-0.031443310108990374,286215.0,663105.0,Talipao
29.990696,29.987238868085758,0.0034571319142422396,286515.0,663105.0,Talipao
30.778421,30.36229402242066,0.41612697757934214,286815.0,663105.0,Talipao
31.022554,30.407274384298077,0.6152796157019225,287115.0,663105.0,Talipao
31.14883,30.70601990738072,0.44281009261927906,287415.0,663105.0,Talipao
30.721848,31.125176104875283,-0.4033281048752819,287715.0,663105.0,Talipao
30.756834,30.441291154694166,0.3155428453058349,288015.0,663105.0,Talipao
30.921822,31.004150935999146,-0.08232893599914703,288315.0,663105.0,Talipao
30.846552,31.024545807709924,-0.17799380770992457,288615.0,663105.0,Talipao
30.07658,30.51256642281668,-0.4359864228166792,288915.0,663105.0,Talipao
30.083012,30.95605272255807,-0.8730407225580699,289215.0,663105.0,Talipao
30.648012,30.47153938793481,0.17647261206519005,289515.0,663105.0,Talipao
31.159395,31.10823603482217,0.05115896517783014,289815.0,663105.0,Talipao
31.195642,31.775559337206385,-0.5799173372063855,290115.0,663105.0,Talipao
31.569674,31.610874906624513,-0.04120090662451403,291615.0,663105.0,Talipao
31.425928,30.847836380960665,0.5780916190393341,291915.0,663105.0,Talipao
32.30751,31.77638983012468,0.5311201698753223,292215.0,663105.0,Talipao
34.523216,32.81164936210407,1.7115666378959276,292515.0,663105.0,Talipao
31.606928,31.194774315175042,0.4121536848249576,292815.0,663105.0,Talipao
30.533356,30.893803025354245,-0.3604470253542438,293115.0,663105.0,Talipao
31.386917,31.191311612616175,0.19560538738382505,293415.0,663105.0,Talipao
30.282679,30.734140128879233,-0.45146112887923096,293715.0,663105.0,Talipao
30.601511,31.0680969425257,-0.4665859425257004,294015.0,663105.0,Talipao
31.586061,32.031111423944076,-0.4450504239440747,294315.0,663105.0,Talipao
32.01962,32.283380045887256,-0.26376004588725266,294615.0,663105.0,Talipao
32.050392,31.315188336601096,0.7352036633989059,294915.0,663105.0,Talipao
31.464762,31.43802931540661,0.026732684593390843,295215.0,663105.0,Talipao
31.934704,31.63286287696927,0.3018411230307301,295515.0,663105.0,Talipao
32.922134,34.48504959173337,-1.562915591733372,295815.0,663105.0,Talipao
33.70792,33.31572339364596,0.39219660635404097,296115.0,663105.0,Panglima Estino
32.589214,34.36927293820237,-1.780058938202373,296415.0,663105.0,Panglima Estino
33.904247,33.21226471443158,0.6919822855684146,296715.0,663105.0,Panglima Estino
35.502125,36.89590697316379,-1.3937819731637902,297015.0,663105.0,Panglima Estino
32.881584,33.388502432734164,-0.5069184327341674,297315.0,663105.0,Panglima Estino
33.11131,32.60432370069096,0.506986299309041,297615.0,663105.0,Panglima Estino
32.2187,32.35651273280842,-0.13781273280842044,297915.0,663105.0,Panglima Estino
32.435654,32.023873223160585,0.4117807768394144,298215.0,663105.0,Panglima Estino
32.97746,33.408431826008375,-0.43097182600837414,298515.0,663105.0,Old Panamao
34.02926,32.94776383150552,1.081496168494482,298815.0,663105.0,Old Panamao
34.716194,34.50230229407509,0.21389170592490814,299115.0,663105.0,Old Panamao
34.218662,34.463194988993166,-0.24453298899316422,299415.0,663105.0,Old Panamao
34.045296,33.60497127259439,0.4403247274056099,299715.0,663105.0,Old Panamao
34.21953,33.66039676059439,0.559133239405611,300015.0,663105.0,Old Panamao
35.517784,35.244526993219225,0.27325700678077425,300315.0,663105.0,Old Panamao
36.04512,34.17940728376055,1.8657127162394502,300615.0,663105.0,Old Panamao
37.397007,34.660290399609934,2.736716600390068,300915.0,663105.0,Old Panamao
34.687733,33.75688183155987,0.9308511684401282,301215.0,663105.0,Old Panamao
35.109966,33.08219674291927,2.0277692570807275,303015.0,663105.0,
34.06979,34.53282603606794,-0.4630360360679404,303315.0,663105.0,Old Panamao
33.135,32.77182537786167,0.36317462213833096,303615.0,663105.0,Old Panamao
34.04152,32.04822899321196,1.9932910067880414,303915.0,663105.0,Old Panamao
34.347622,34.043746909737145,0.3038750902628564,304215.0,663105.0,Old Panamao
33.821182,34.281333333406636,-0.4601513334066354,304515.0,663105.0,Old Panamao
33.74476,32.79397648461086,0.9507835153891406,304815.0,663105.0,Old Panamao
33.35017,32.56512903392937,0.7850409660706319,305115.0,663105.0,Old Panamao
33.442623,32.36836953082652,1.0742534691734775,305415.0,663105.0,Old Panamao
33.242996,31.928549697478115,1.3144463025218833,305715.0,663105.0,Old Panamao
33.109406,31.804115136960736,1.3052908630392643,306015.0,663105.0,Old Panamao
32.800694,31.226376281472604,1.5743177185273964,306315.0,663105.0,Old Panamao
32.598476,33.23765849167372,-0.6391824916737221,306615.0,663105.0,Old Panamao
31.812849,31.847064721344147,-0.03421572134414674,306915.0,663105.0,Old Panamao
32.431965,31.865931675501393,0.5660333244986049,307215.0,663105.0,Old Panamao
32.993317,33.440342235117484,-0.4470252351174864,307515.0,663105.0,Old Panamao
33.050987,32.27563080523532,0.7753561947646759,307815.0,663105.0,Old Panamao
33.42523,32.350524044664525,1.0747059553354745,309015.0,663105.0,Luuk
33.45941,33.17576084359489,0.28364915640511157,309315.0,663105.0,Luuk
33.562374,33.48387040775729,0.0785035922427113,309615.0,663105.0,Luuk
33.34966,31.889548046777943,1.4601119532220572,309915.0,663105.0,Luuk
34.732536,33.70397106647429,1.0285649335257148,310815.0,663105.0,Luuk
34.599335,33.97027621042494,0.6290587895750619,311115.0,663105.0,Luuk
34.171955,33.13762909931528,1.0343259006847205,311415.0,663105.0,Luuk
35.35105,33.8714519876312,1.479598012368804,311715.0,663105.0,Luuk
35.697647,33.96871812495103,1.7289288750489717,312015.0,663105.0,Luuk
35.26991,34.834791754857974,0.43511824514202857,312315.0,663105.0,Luuk
38.023834,38.24994415157017,-0.22611015157016823,312615.0,663105.0,Luuk
38.231853,37.00932195972492,1.2225310402750793,312915.0,663105.0,Luuk
35.524395,34.44360566374836,1.080789336251641,313215.0,663105.0,Luuk
34.667423,33.8404156092682,0.8270073907318007,313515.0,663105.0,Luuk
34.805622,33.65406798511049,1.1515540148895127,313815.0,663105.0,Luuk
34.750935,32.51769785271693,2.23323714728307,314115.0,663105.0,Luuk
32.958366,31.92189812891725,1.036467871082749,315315.0,663105.0,Luuk
32.34534,31.95611276247209,0.38922723752790844,315615.0,663105.0,Luuk
31.310358,32.124312692335394,-0.8139546923353933,316815.0,663105.0,Luuk
32.494335,31.408749397256045,1.0855856027439543,317115.0,663105.0,Luuk
31.02399,31.614069667520738,-0.5900796675207367,317415.0,663105.0,Luuk
31.428524,31.298743575161563,0.12978042483843666,317715.0,663105.0,Luuk
30.713177,32.63664293320613,-1.9234659332061312,318015.0,663105.0,Luuk
31.297874,31.57233833405519,-0.2744643340551889,318315.0,663105.0,Luuk
30.788649,31.411857068309057,-0.623208068309058,319515.0,663105.0,Omar
34.151157,31.634178766134795,2.5169782338652027,319815.0,663105.0,Omar
35.96868,34.56794329516418,1.400736704835822,320115.0,663105.0,Omar
38.39932,34.30018935327103,4.099130646728973,320415.0,663105.0,Omar
33.151352,31.828593575731407,1.3227584242685957,321315.0,663105.0,Omar
37.264675,33.3511804375424,3.9134945624575934,321615.0,663105.0,Omar
33.542973,32.88919890567922,0.6537740943207808,321915.0,663105.0,Omar
34.022907,33.64215783641506,0.3807491635849374,322215.0,663105.0,Omar
35.66892,34.49299370355402,1.1759262964459793,322515.0,663105.0,Omar
35.00457,33.23451498540918,1.7700550145908238,322815.0,663105.0,Omar
35.023502,32.997800400310986,2.0257015996890146,323115.0,663105.0,Omar
35.071796,33.99219505232703,1.0796009476729722,323415.0,663105.0,Omar
36.77646,34.64845095853631,2.1280090414636916,323715.0,663105.0,Omar
37.664913,34.68909047403828,2.9758225259617177,324015.0,663105.0,Omar
38.206272,37.00357630324929,1.202695696750709,324315.0,663105.0,Omar
31.785137,32.58302042282092,-0.7978834228209237,266715.0,662805.0,Parang
30.556713,31.831209442790964,-1.2744964427909657,267015.0,662805.0,Parang
30.158987,33.56434768665826,-3.405360686658259,267315.0,662805.0,Parang
29.852621,32.3079064765949,-2.455285476594902,267615.0,662805.0,Parang
30.560865,32.57018896676674,-2.0093239667667433,267915.0,662805.0,Parang
30.504688,32.1401368336743,-1.635448833674296,268215.0,662805.0,Parang
31.193539,32.82360525805799,-1.6300662580579868,268515.0,662805.0,Indanan
31.117039,32.011213122354185,-0.8941741223541868,268815.0,662805.0,Indanan
31.916283,31.985333087358306,-0.0690500873583062,269115.0,662805.0,Indanan
32.541195,33.14280397735833,-0.6016089773583246,269415.0,662805.0,Indanan
31.213001,32.290206073289006,-1.077205073289008,269715.0,662805.0,Indanan
30.858023,31.874182988553688,-1.0161599885536887,270015.0,662805.0,Indanan
30.322107,30.985925581749083,-0.6638185817490836,270315.0,662805.0,Indanan
31.101488,30.24746764511712,0.8540203548828806,270615.0,662805.0,Indanan
30.917828,29.485308854532626,1.4325191454673742,270915.0,662805.0,Indanan
31.302055,30.871440392321308,0.43061460767869164,271215.0,662805.0,Indanan
31.488003,30.67448523691161,0.8135177630883881,271515.0,662805.0,Indanan
30.865265,30.042980426757357,0.8222845732426443,271815.0,662805.0,Indanan
31.494518,30.640732694652193,0.853785305347806,272115.0,662805.0,Indanan
30.413511,29.149376321889505,1.2641346781104943,272415.0,662805.0,Indanan
30.340586,29.686278216633024,0.6543077833669741,272715.0,662805.0,Indanan
30.629313,28.810265112377248,1.8190478876227516,273015.0,662805.0,Indanan
29.213198,27.988651233527566,1.2245467664724323,273315.0,662805.0,Indanan
29.063822,28.275628757554156,0.7881932424458427,273615.0,662805.0,Indanan
28.43977,26.294157273059813,2.145612726940186,273915.0,662805.0,Indanan
27.669807,26.545898800425153,1.1239081995748457,274215.0,662805.0,Indanan
26.164711,25.97848366849347,0.18622733150652948,274515.0,662805.0,Indanan
29.332434,26.454078365668444,2.8783556343315553,274815.0,662805.0,Indanan
28.932428,27.378973850476406,1.5534541495235956,275115.0,662805.0,Indanan
29.321398,28.274780842780327,1.0466171572196714,275415.0,662805.0,Indanan
29.803606,27.453454946315208,2.3501510536847903,275715.0,662805.0,Indanan
29.237375,28.5036299228317,0.733745077168301,276015.0,662805.0,Indanan
29.45747,28.999958974653058,0.45751102534694255,276315.0,662805.0,Indanan
30.721462,28.824996678665006,1.8964653213349933,276615.0,662805.0,Indanan
29.807152,29.599694240703325,0.20745775929667332,276915.0,662805.0,Indanan
30.529491,30.449080634674484,0.08041036532551615,277215.0,662805.0,Indanan
31.14917,31.01072975051272,0.13844024948728162,277515.0,662805.0,Indanan
31.221945,30.723537276431898,0.4984077235681035,277815.0,662805.0,Indanan
31.223394,30.76593504052033,0.45745895947966986,278115.0,662805.0,Indanan
33.67061,31.229112521913304,2.441497478086699,278415.0,662805.0,Indanan
33.209164,33.16336960821469,0.0457943917853143,278715.0,662805.0,Indanan
33.846313,32.178519790224236,1.6677932097757662,279015.0,662805.0,Indanan
32.41934,31.302198329425888,1.1171416705741102,279315.0,662805.0,Indanan
33.15332,32.3578926723782,0.7954273276218018,279615.0,662805.0,Indanan
32.291744,31.71644041426843,0.5753035857315716,279915.0,662805.0,Indanan
32.75949,31.714750125409545,1.044739874590455,280215.0,662805.0,Indanan
34.107773,32.3358464622028,1.7719265377971993,280515.0,662805.0,Indanan
32.308212,32.974348438431335,-0.6661364384313373,280815.0,662805.0,Indanan
29.68815,33.06965279724144,-3.3815027972414384,281115.0,662805.0,Indanan
30.235157,31.221062922229148,-0.9859059222291471,281415.0,662805.0,Indanan
30.028515,31.761519226283124,-1.733004226283125,281715.0,662805.0,Talipao
30.169785,31.26637397125723,-1.0965889712572299,282015.0,662805.0,Talipao
29.27253,29.852258441316035,-0.5797284413160355,282315.0,662805.0,Talipao
29.97762,30.4879999814389,-0.5103799814388985,282615.0,662805.0,Talipao
29.995909,29.245192752228093,0.7507162477719085,282915.0,662805.0,Talipao
30.586437,31.466162368757843,-0.8797253687578426,283215.0,662805.0,Talipao
31.070719,30.429266805100692,0.6414521948993084,283515.0,662805.0,Talipao
30.672882,30.94579035258906,-0.27290835258905943,283815.0,662805.0,Talipao
31.371218,30.872545651367947,0.4986723486320521,284115.0,662805.0,Talipao
30.463665,30.424921263455918,0.03874373654408103,284415.0,662805.0,Talipao
29.376629,31.390983745483926,-2.0143547454839243,284715.0,662805.0,Talipao
29.244741,30.937167548816905,-1.6924265488169041,285015.0,662805.0,Talipao
29.739517,31.05409461948953,-1.3145776194895298,285315.0,662805.0,Talipao
29.018448,30.287542759919393,-1.269094759919394,285615.0,662805.0,Talipao
28.44377,29.50437576621643,-1.0606057662164297,285915.0,662805.0,Talipao
30.905935,30.382211638255896,0.5237233617441035,286215.0,662805.0,Talipao
31.057858,30.666184166460422,0.39167383353957774,286515.0,662805.0,Talipao
30.691828,30.69068343581284,0.0011445641871610235,286815.0,662805.0,Talipao
31.834702,30.41491157268388,1.4197904273161193,287115.0,662805.0,Talipao
30.530941,31.224991808859023,-0.6940508088590249,287415.0,662805.0,Talipao
31.752563,31.155026219020797,0.5975367809792012,287715.0,662805.0,Talipao
32.12554,31.93530287689398,0.19023712310601937,288015.0,662805.0,Talipao
31.671291,30.569188968338725,1.1021020316612749,288315.0,662805.0,Talipao
32.353943,31.23020231435624,1.1237406856437602,288615.0,662805.0,Talipao
31.731997,30.93744327031693,0.79455372968307,288915.0,662805.0,Talipao
32.01222,31.1963048870644,0.815915112935599,289215.0,662805.0,Talipao
31.361774,31.038472558133716,0.32330144186628473,289515.0,662805.0,Talipao
30.858994,30.484655260186116,0.3743387398138829,289815.0,662805.0,Talipao
32.529816,30.798271099371387,1.7315449006286094,290115.0,662805.0,Talipao
31.8444,32.03381878868687,-0.18941878868687212,291315.0,662805.0,Talipao
32.588352,32.086725973717975,0.5016260262820254,291615.0,662805.0,Talipao
32.33061,32.087296209170255,0.24331379082974536,291915.0,662805.0,Talipao
32.387592,30.353649347261886,2.033942652738112,292215.0,662805.0,Talipao
33.97126,33.00314392366871,0.9681160763312917,292515.0,662805.0,Talipao
32.569748,31.797586937878496,0.7721610621215014,292815.0,662805.0,Talipao
31.472862,30.634225356081195,0.8386366439188038,293115.0,662805.0,Talipao
30.62642,30.902890355644733,-0.276470355644733,293415.0,662805.0,Talipao
30.03257,31.400935714127638,-1.3683657141276377,293715.0,662805.0,Talipao
30.343737,31.604007437303764,-1.2602704373037632,294015.0,662805.0,Talipao
31.207544,31.293502014078392,-0.08595801407839332,294315.0,662805.0,Talipao
28.95686,31.468948021384826,-2.5120880213848267,294615.0,662805.0,Talipao
31.062462,32.540184192978536,-1.4777221929785362,294915.0,662805.0,Talipao
31.429052,31.67306263633236,-0.2440106363323622,295215.0,662805.0,Talipao
31.677952,32.910569718810464,-1.232617718810463,295515.0,662805.0,Talipao
32.380325,33.22034759017406,-0.8400225901740583,295815.0,662805.0,Talipao
31.994736,32.496959342619995,-0.5022233426199953,296115.0,662805.0,Panglima Estino
32.333584,33.18660454253536,-0.8530205425353614,296415.0,662805.0,Panglima Estino
32.542965,31.526057693971968,1.0169073060280347,296715.0,662805.0,Panglima Estino
32.509686,32.75956364816627,-0.24987764816626878,297015.0,662805.0,Panglima Estino
33.523457,33.420104325910195,0.10335267408980542,297315.0,662805.0,Panglima Estino
32.41402,32.422541366338095,-0.008521366338094083,297615.0,662805.0,Panglima Estino
32.03906,31.857891845453782,0.18116815454621715,297915.0,662805.0,Panglima Estino
32.19465,32.225517678265014,-0.030867678265011023,298215.0,662805.0,Panglima Estino
32.335472,31.874784160740365,0.46068783925963785,298515.0,662805.0,Panglima Estino
35.570004,33.71679270482681,1.853211295173189,298815.0,662805.0,Panglima Estino
34.576233,33.76857269818659,0.8076603018134136,299115.0,662805.0,Old Panamao
35.763012,34.29283767083239,1.4701743291676124,299415.0,662805.0,Old Panamao
34.335407,32.69747472315781,1.6379322768421858,299715.0,662805.0,Old Panamao
36.59945,34.60784461815273,1.9916053818472648,300015.0,662805.0,Old Panamao
36.058422,32.906311834776645,3.1521101652233554,300315.0,662805.0,Old Panamao
34.530743,34.11061230951165,0.4201306904883495,300615.0,662805.0,Old Panamao
34.37571,32.77398208222483,1.6017279177751647,300915.0,662805.0,Old Panamao
36.209694,35.29921564482749,0.9104783551725077,301215.0,662805.0,Old Panamao
33.411407,32.435667998218236,0.9757390017817613,301515.0,662805.0,Old Panamao
34.459026,33.930641638756796,0.5283843612432051,301815.0,662805.0,Old Panamao
35.815765,36.465696761379824,-0.6499317613798254,302115.0,662805.0,Old Panamao
35.00002,34.78889669723334,0.21112330276665858,302415.0,662805.0,Old Panamao
36.012123,36.14822613362862,-0.13610313362861604,302715.0,662805.0,Old Panamao
34.38148,32.78672932728927,1.594750672710731,303015.0,662805.0,Old Panamao
34.75136,34.39122314091396,0.3601368590860403,303315.0,662805.0,Old Panamao
33.23106,32.6209029765802,0.6101570234198022,303615.0,662805.0,Old Panamao
33.091534,32.29441899835755,0.7971150016424531,303915.0,662805.0,Old Panamao
34.26212,34.55922037578198,-0.2971003757819801,304215.0,662805.0,Old Panamao
35.562096,33.69781490789176,1.8642810921082358,304515.0,662805.0,Old Panamao
33.836834,32.21339724021123,1.623436759788774,304815.0,662805.0,Old Panamao
34.178234,33.356695080742405,0.8215389192575984,305115.0,662805.0,Old Panamao
33.114193,32.089190262941045,1.025002737058955,305415.0,662805.0,Old Panamao
32.897503,32.40079250377342,0.4967104962265836,305715.0,662805.0,Old Panamao
32.6822,32.140313200265595,0.5418867997344066,306015.0,662805.0,Old Panamao
32.56456,31.221804515551895,1.342755484448105,306315.0,662805.0,Old Panamao
32.948917,32.64347974415218,0.30543725584782067,306615.0,662805.0,Old Panamao
30.778965,31.062308018508908,-0.28334301850890853,306915.0,662805.0,Old Panamao
31.402254,31.598650357797823,-0.19639635779782338,307215.0,662805.0,Old Panamao
32.37396,32.89827878427851,-0.5243187842785133,307515.0,662805.0,Old Panamao
32.560722,33.525104354932516,-0.9643823549325177,307815.0,662805.0,Old Panamao
33.211105,32.25720837354762,0.9538966264523836,308115.0,662805.0,Old Panamao
32.363914,31.598317356674567,0.7655966433254342,308415.0,662805.0,Old Panamao
33.127846,31.56753101177774,1.5603149882222596,308715.0,662805.0,Luuk
32.803333,30.934772076706686,1.868560923293316,309015.0,662805.0,Luuk
32.575706,31.699843679877368,0.8758623201226285,309315.0,662805.0,Luuk
33.84329,32.62853155231907,1.2147584476809357,309615.0,662805.0,Luuk
33.231636,32.67448867829985,0.5571473217001497,309915.0,662805.0,Luuk
34.56589,34.202461409349596,0.36342859065040756,311115.0,662805.0,Luuk
36.187668,34.29314763060003,1.8945203693999701,311415.0,662805.0,Luuk
35.41054,34.03683640956294,1.37370359043706,311715.0,662805.0,Luuk
35.93093,33.71031872306885,2.2206112769311446,312015.0,662805.0,Luuk
38.689648,33.16900852224968,5.520639477750315,312315.0,662805.0,Luuk
37.87028,38.13621593430432,-0.2659359343043164,312615.0,662805.0,Luuk
38.26589,34.890005249140216,3.3758847508597825,312915.0,662805.0,Luuk
35.32811,33.47664770098049,1.8514622990195093,313215.0,662805.0,Luuk
35.73948,34.60232037202397,1.1371596279760325,313515.0,662805.0,Luuk
35.622776,34.12473939626503,1.498036603734974,313815.0,662805.0,Luuk
34.20658,32.545887459427,1.6606925405730024,314115.0,662805.0,Luuk
34.436745,33.1500338283823,1.2867111716177035,314415.0,662805.0,Luuk
33.792763,34.764337893670955,-0.9715748936709545,314715.0,662805.0,Luuk
31.637455,32.192177877767634,-0.5547228777676345,315015.0,662805.0,Luuk
35.17292,32.32795639793765,2.84496360206235,315315.0,662805.0,Luuk
34.454697,33.25398694736149,1.200710052638513,315615.0,662805.0,Luuk
32.547295,32.125667490310754,0.42162750968924456,315915.0,662805.0,Luuk
31.412344,31.56048720791314,-0.14814320791314017,317715.0,662805.0,Luuk
32.396942,31.251860227510416,1.1450817724895863,318015.0,662805.0,Luuk
31.535234,31.56188548518294,-0.026651485182942025,319515.0,662805.0,Omar
32.884468,32.083729658137706,0.8007383418622922,322215.0,662805.0,Omar
34.315037,33.028089140510374,1.2869478594896222,322515.0,662805.0,Omar
35.4739,33.56799324635933,1.9059067536406715,322815.0,662805.0,Omar
35.17987,35.34078047177163,-0.1609104717716292,323115.0,662805.0,Omar
33.25081,32.76894993768312,0.4818600623168834,323415.0,662805.0,Omar
33.52737,33.497723693921415,0.02964630607858254,323715.0,662805.0,Omar
34.467144,32.895662480400944,1.571481519599054,324015.0,662805.0,Omar
35.01711,33.69103736383701,1.3260726361629906,324315.0,662805.0,Omar
36.39433,35.14460338094153,1.249726619058464,324615.0,662805.0,Omar
30.599928,33.45707552945524,-2.85714752945524,266715.0,662505.0,Parang
29.8972,33.36638201255856,-3.4691820125585586,267015.0,662505.0,Parang
30.751009,33.72945817797427,-2.978449177974273,267315.0,662505.0,Parang
30.205664,33.0662702761257,-2.8606062761257007,267615.0,662505.0,Parang
29.631796,32.034568513306375,-2.402772513306374,267915.0,662505.0,Parang
29.450783,32.42508793724018,-2.974304937240177,268215.0,662505.0,Parang
30.752018,32.562607720195764,-1.8105897201957646,268515.0,662505.0,Indanan
31.265902,31.9604673697093,-0.6945653697092986,268815.0,662505.0,Indanan
32.089153,31.779252156838773,0.30990084316123045,269115.0,662505.0,Indanan
33.074886,34.11561233414272,-1.0407263341427182,269415.0,662505.0,Indanan
31.516884,31.934336602397057,-0.4174526023970557,269715.0,662505.0,Indanan
31.073997,31.950258612456995,-0.8762616124569966,270015.0,662505.0,Indanan
30.54483,30.60316912019695,-0.05833912019694765,270315.0,662505.0,Indanan
29.191315,30.339650045152887,-1.148335045152887,270615.0,662505.0,Indanan
30.84351,29.85827879540121,0.9852312045987901,270915.0,662505.0,Indanan
30.620962,28.68257135973982,1.9383906402601774,271215.0,662505.0,Indanan
30.17863,30.35297340843032,-0.17434340843032103,271515.0,662505.0,Indanan
30.998486,30.28250866986096,0.7159773301390402,271815.0,662505.0,Indanan
31.057848,30.43246641797912,0.6253815820208786,272115.0,662505.0,Indanan
30.70135,29.159799741399475,1.5415502586005267,272415.0,662505.0,Indanan
29.198963,28.957017058298266,0.2419459417017329,272715.0,662505.0,Indanan
28.753586,30.68159778270903,-1.9280117827090315,273015.0,662505.0,Indanan
29.20184,28.4505840014584,0.7512559985416019,273315.0,662505.0,Indanan
27.721054,27.85522570843062,-0.1341717084306211,273615.0,662505.0,Indanan
27.916275,26.689580201181215,1.2266947988187837,273915.0,662505.0,Indanan
27.092793,26.150603893276415,0.9421891067235855,274215.0,662505.0,Indanan
27.721409,26.376067948219177,1.3453410517808244,274515.0,662505.0,Indanan
28.039635,26.690015188458382,1.3496198115416185,274815.0,662505.0,Indanan
27.698643,27.377869789064288,0.3207732109357124,275115.0,662505.0,Indanan
29.987923,28.32289289699322,1.665030103006778,275415.0,662505.0,Indanan
28.1095,28.250419607246762,-0.14091960724676156,275715.0,662505.0,Indanan
29.148872,28.741427370809557,0.40744462919044366,276015.0,662505.0,Indanan
29.51652,28.666137483341082,0.8503825166589181,276315.0,662505.0,Indanan
29.669044,29.358590798707006,0.3104532012929937,276615.0,662505.0,Indanan
30.626404,30.352594427809567,0.27380957219043367,276915.0,662505.0,Indanan
31.814117,31.959265841385204,-0.145148841385204,277215.0,662505.0,Indanan
29.538414,30.69891854478749,-1.1605045447874893,277515.0,662505.0,Indanan
31.065891,31.134134080220107,-0.06824308022010683,277815.0,662505.0,Indanan
31.722551,32.370210311501914,-0.6476593115019149,278115.0,662505.0,Maimbung
32.024902,32.715268892349684,-0.6903668923496866,278415.0,662505.0,Maimbung
33.83138,32.79831951253685,1.0330604874631533,278715.0,662505.0,Maimbung
34.962025,32.769644697474995,2.1923803025250024,279015.0,662505.0,Maimbung
33.577526,33.405939924665056,0.1715860753349432,279315.0,662505.0,Maimbung
32.407135,31.444744586125907,0.9623904138740897,279615.0,662505.0,Maimbung
32.661987,31.355442733147974,1.306544266852029,279915.0,662505.0,Maimbung
33.0225,32.38675171130656,0.635748288693442,280215.0,662505.0,Maimbung
32.265587,31.708149326158022,0.5574376738419744,280515.0,662505.0,Maimbung
32.086735,32.67076140865076,-0.5840264086507645,280815.0,662505.0,Indanan
30.204115,31.3466524746611,-1.142537474661097,281115.0,662505.0,Indanan
30.878828,31.412264258607795,-0.5334362586077965,281415.0,662505.0,Indanan
31.648848,32.44688148512931,-0.7980334851293094,281715.0,662505.0,Talipao
31.099697,31.103673746344754,-0.003976746344754645,282015.0,662505.0,Talipao
30.074326,29.92330165441485,0.15102434558514943,282315.0,662505.0,Talipao
30.184923,30.52841061005169,-0.3434876100516888,282615.0,662505.0,Talipao
30.629873,30.78458187095739,-0.15470887095738917,282915.0,662505.0,Talipao
30.73121,32.57548367187531,-1.8442736718753103,283215.0,662505.0,Talipao
29.551098,30.42813076014638,-0.8770327601463812,283515.0,662505.0,Talipao
31.579428,31.916218504797673,-0.3367905047976727,283815.0,662505.0,Talipao
30.887812,30.932325196258383,-0.04451319625838224,284115.0,662505.0,Talipao
30.833017,30.804448923115622,0.02856807688437968,284415.0,662505.0,Talipao
29.461649,31.656841251107497,-2.195192251107496,284715.0,662505.0,Talipao
30.976648,31.752847935793437,-0.7761999357934357,285015.0,662505.0,Talipao
30.887205,30.93081890730392,-0.0436139073039179,285315.0,662505.0,Talipao
29.6144,31.09711761308639,-1.4827176130863897,285615.0,662505.0,Talipao
29.827002,30.451400065598712,-0.6243980655987116,285915.0,662505.0,Talipao
30.773256,30.663058024849796,0.11019797515020358,286215.0,662505.0,Talipao
31.119373,31.05830289648477,0.06107010351523101,286515.0,662505.0,Talipao
31.150625,30.686978916791517,0.4636460832084843,286815.0,662505.0,Talipao
30.796143,30.28808498729189,0.508058012708112,287115.0,662505.0,Talipao
30.932508,30.931056745458548,0.001451254541450453,287415.0,662505.0,Talipao
31.88504,31.710835483302045,0.17420451669795511,287715.0,662505.0,Talipao
31.40261,30.908787737527934,0.4938222624720652,288015.0,662505.0,Talipao
32.255356,32.21125815577868,0.04409784422131935,288315.0,662505.0,Talipao
32.789,31.599996519252823,1.1890034807471785,288615.0,662505.0,Talipao
31.626556,30.97625087862971,0.6503051213702911,288915.0,662505.0,Talipao
31.175941,31.033653557317923,0.14228744268207905,289215.0,662505.0,Talipao
31.309519,31.691909422091825,-0.3823904220918237,289515.0,662505.0,Talipao
31.219767,31.410116426263663,-0.19034942626366202,289815.0,662505.0,Talipao
32.63039,33.087417251173434,-0.4570272511734359,290115.0,662505.0,Talipao
32.823376,32.15145873390407,0.6719172660959316,291015.0,662505.0,Talipao
33.19024,33.266098545099425,-0.0758585450994218,291315.0,662505.0,Talipao
31.878075,32.177299258067244,-0.2992242580672446,291615.0,662505.0,Talipao
33.145065,32.17085391886661,0.9742110811333902,291915.0,662505.0,Talipao
35.906757,33.47607938964713,2.4306776103528662,292215.0,662505.0,Talipao
33.216454,32.65752393609733,0.5589300639026717,292515.0,662505.0,Talipao
33.270237,33.671410300400865,-0.4011733004008633,292815.0,662505.0,Talipao
30.958836,31.063184746094723,-0.10434874609472189,293115.0,662505.0,Talipao
31.95341,32.38762792663791,-0.4342179266379098,293415.0,662505.0,Talipao
30.929796,30.987638568167633,-0.05784256816763289,293715.0,662505.0,Talipao
30.915432,31.928498859784757,-1.0130668597847574,294015.0,662505.0,Talipao
31.516195,32.49398765011096,-0.9777926501109597,294315.0,662505.0,Talipao
30.314606,31.49319970310581,-1.1785937031058076,294615.0,662505.0,Talipao
31.049988,31.884473493919632,-0.8344854939196331,294915.0,662505.0,Talipao
31.228882,31.536439108337966,-0.3075571083379671,295215.0,662505.0,Talipao
31.637287,32.528005572629276,-0.8907185726292752,295515.0,662505.0,Talipao
32.463676,32.474923427591094,-0.011247427591094095,295815.0,662505.0,Talipao
30.878668,31.28117181918811,-0.40250381918810874,296115.0,662505.0,Talipao
30.825409,31.23769671088428,-0.4122877108842786,296415.0,662505.0,Panglima Estino
31.924791,32.065615396064636,-0.14082439606463737,296715.0,662505.0,Panglima Estino
32.89709,31.517022181772795,1.3800678182272037,297015.0,662505.0,Panglima Estino
33.10081,33.12403296554616,-0.023222965546153773,297315.0,662505.0,Panglima Estino
31.437515,31.925514240981737,-0.4879992409817362,297615.0,662505.0,Panglima Estino
31.666122,32.07145674199524,-0.4053347419952402,297915.0,662505.0,Panglima Estino
32.063263,32.2778876401669,-0.2146246401669032,298215.0,662505.0,Panglima Estino
32.869415,32.38653279152789,0.4828822084721054,298515.0,662505.0,Panglima Estino
35.25949,33.80074871859879,1.4587412814012097,298815.0,662505.0,Panglima Estino
34.23288,33.28140965509378,0.9514703449062196,299115.0,662505.0,Panglima Estino
35.046307,33.87976355457611,1.1665434454238905,299415.0,662505.0,Panglima Estino
34.008835,33.0391258959016,0.9697091040983992,299715.0,662505.0,Panglima Estino
36.10155,35.36908037173205,0.7324696282679497,300015.0,662505.0,Old Panamao
34.657276,33.442830750413435,1.2144452495865679,300315.0,662505.0,Old Panamao
34.544888,33.387579998732015,1.1573080012679853,300615.0,662505.0,Old Panamao
34.38171,35.29216007301733,-0.9104500730173299,300915.0,662505.0,Old Panamao
35.009342,32.10345855692363,2.9058834430763696,301215.0,662505.0,Old Panamao
34.326828,34.507878903510154,-0.18105090351015463,301515.0,662505.0,Old Panamao
34.201366,33.7850730952747,0.416292904725303,302415.0,662505.0,Old Panamao
36.009274,35.50194835940618,0.5073256405938196,302715.0,662505.0,Old Panamao
34.603043,36.012066425172165,-1.4090234251721654,303015.0,662505.0,Old Panamao
33.249363,34.576028999923594,-1.3266659999235912,303315.0,662505.0,Old Panamao
33.68235,33.40355710195069,0.2787928980493106,303615.0,662505.0,Old Panamao
33.045948,32.54417426827124,0.5017737317287612,303915.0,662505.0,Old Panamao
33.24865,32.91581651225815,0.3328334877418513,305115.0,662505.0,Old Panamao
32.689568,31.195206433620076,1.4943615663799257,306015.0,662505.0,Old Panamao
32.4038,31.54705077986182,0.8567492201381768,306315.0,662505.0,Old Panamao
31.910383,31.645488499514993,0.2648945004850063,306615.0,662505.0,Old Panamao
30.894152,30.943390592548344,-0.049238592548345395,306915.0,662505.0,Old Panamao
31.288649,31.57441277975849,-0.28576377975849,307215.0,662505.0,Old Panamao
31.603498,32.08919873513888,-0.4857007351388809,307515.0,662505.0,Old Panamao
32.24926,31.479023374107697,0.7702366258923021,307815.0,662505.0,Old Panamao
32.376976,32.08868931278171,0.28828668721828876,308115.0,662505.0,Old Panamao
33.35046,31.760437166758305,1.5900228332416937,308415.0,662505.0,Luuk
32.201195,30.889379967368363,1.3118150326316353,308715.0,662505.0,Luuk
32.795372,32.28290679081688,0.5124652091831194,309015.0,662505.0,Luuk
33.323063,31.501403586673884,1.8216594133261133,309315.0,662505.0,Luuk
32.686134,31.59812394013008,1.088010059869923,309615.0,662505.0,Luuk
33.89188,32.52052113096715,1.3713588690328535,309915.0,662505.0,Luuk
34.191563,31.96746092256751,2.224102077432491,310215.0,662505.0,Luuk
33.712254,32.40704982660119,1.3052041733988133,311415.0,662505.0,Luuk
35.40342,34.19949641869707,1.2039235813029237,311715.0,662505.0,Luuk
35.38841,33.697365425861705,1.6910445741382958,312015.0,662505.0,Luuk
36.44249,35.62680537271274,0.8156846272872613,312315.0,662505.0,Luuk
37.235023,37.40752029243329,-0.1724972924332917,312615.0,662505.0,Luuk
34.87653,32.42315798816723,2.4533720118327693,312915.0,662505.0,Luuk
36.718933,36.42037615288156,0.29855684711844077,313215.0,662505.0,Luuk
34.492752,34.18645159024852,0.3063004097514863,313515.0,662505.0,Luuk
33.777287,33.57038282783613,0.20690417216387402,313815.0,662505.0,Luuk
34.126507,32.91900881778643,1.2074981822135697,314115.0,662505.0,Luuk
33.97231,32.982126443649825,0.9901835563501749,314415.0,662505.0,Luuk
34.6225,33.083097357111086,1.5394026428889163,314715.0,662505.0,Luuk
35.37184,36.058712302502805,-0.6868723025028061,315015.0,662505.0,Luuk
35.81598,35.48170188970229,0.33427811029770993,315315.0,662505.0,Luuk
35.29629,36.583835628017376,-1.2875456280173765,315615.0,662505.0,Luuk
35.894543,35.56135294238263,0.3331900576173723,315915.0,662505.0,Luuk
33.04604,32.1390304193248,0.9070095806752008,316215.0,662505.0,Luuk
31.942318,31.543640318895186,0.3986776811048145,316515.0,662505.0,Luuk
31.701565,31.63614874386271,0.06541625613728996,316815.0,662505.0,Luuk
31.896267,32.516120747172565,-0.6198537471725629,317115.0,662505.0,Luuk
31.877844,31.291221308995787,0.5866226910042123,317415.0,662505.0,Luuk
30.448101,31.795463151524523,-1.3473621515245213,317715.0,662505.0,Luuk
31.459019,31.665533546536487,-0.2065145465364857,318015.0,662505.0,Luuk
31.649153,30.98982775090542,0.6593252490945787,318315.0,662505.0,Luuk
33.1759,31.5626378206607,1.6132621793392978,319515.0,662505.0,Omar
33.010036,32.06227068201126,0.9477653179887398,322215.0,662505.0,Omar
34.062405,33.56221397285082,0.5001910271491781,322515.0,662505.0,Omar
37.306755,34.52176671038609,2.7849882896139135,323115.0,662505.0,Omar
34.414948,33.26867442468842,1.1462735753115822,323415.0,662505.0,Omar
33.951584,33.940848078065514,0.010735921934482917,323715.0,662505.0,Omar
33.860073,33.12726296715442,0.7328100328455776,324015.0,662505.0,Omar
34.44599,33.5133195246598,0.9326704753402026,324315.0,662505.0,Omar
36.47706,36.45850929002617,0.018550709973830237,324615.0,662505.0,Omar
37.686737,35.414290411278785,2.272446588721216,324915.0,662505.0,Omar
29.755236,33.651656147558136,-3.8964201475581355,266715.0,662205.0,Parang
29.942348,32.39502133467382,-2.452673334673822,267015.0,662205.0,Parang
30.122328,32.82593528027079,-2.7036072802707913,267315.0,662205.0,Parang
29.541832,32.33760537247644,-2.7957733724764395,267615.0,662205.0,Parang
29.52405,32.249975690768125,-2.7259256907681255,267915.0,662205.0,Parang
30.298256,32.158977006806744,-1.8607210068067452,268215.0,662205.0,Parang
31.611826,32.65973297854896,-1.0479069785489585,268515.0,662205.0,Parang
31.413694,32.23812966734975,-0.8244356673497535,268815.0,662205.0,Indanan
31.640717,32.8519918166421,-1.2112748166420992,269115.0,662205.0,Indanan
30.15168,32.875624254155646,-2.723944254155647,269415.0,662205.0,Indanan
29.345013,32.08684222609711,-2.74182922609711,269715.0,662205.0,Indanan
32.35132,31.519235171811932,0.8320848281880693,270015.0,662205.0,Indanan
30.355637,30.71931327657303,-0.3636762765730275,270315.0,662205.0,Indanan
29.838352,29.34923511318526,0.48911688681474175,270615.0,662205.0,Indanan
27.877094,28.79308612211433,-0.9159921221143321,270915.0,662205.0,Indanan
30.764313,28.97769475740186,1.7866182425981414,271215.0,662205.0,Indanan
29.586712,29.192351579249117,0.39436042075088196,271515.0,662205.0,Indanan
31.895681,30.28760717036183,1.608073829638169,271815.0,662205.0,Indanan
31.085987,30.634820479431447,0.45116652056855244,272115.0,662205.0,Indanan
28.145468,29.349904304922738,-1.2044363049227371,272415.0,662205.0,Indanan
28.54175,28.799948491568273,-0.25819849156827246,272715.0,662205.0,Indanan
29.615982,30.070184202789736,-0.45420220278973744,273015.0,662205.0,Indanan
28.548426,28.26744200438695,0.2809839956130489,273315.0,662205.0,Indanan
28.793608,29.0732360622636,-0.27962806226360115,273615.0,662205.0,Indanan
27.423586,27.682238394450593,-0.25865239445059274,273915.0,662205.0,Indanan
26.745354,26.777843214952647,-0.03248921495264767,274215.0,662205.0,Indanan
27.639095,26.948099210843825,0.690995789156176,274515.0,662205.0,Indanan
27.398129,27.671961439662304,-0.27383243966230353,274815.0,662205.0,Indanan
27.070803,27.113528421116825,-0.04272542111682398,275115.0,662205.0,Indanan
29.28956,27.691863638510515,1.5976963614894863,275415.0,662205.0,Indanan
28.928839,27.268226854896607,1.6606121451033928,275715.0,662205.0,Indanan
28.862492,28.400027711134225,0.4624642888657746,276015.0,662205.0,Indanan
29.724522,29.62100605303224,0.1035159469677609,276315.0,662205.0,Indanan
30.535303,30.33215607603896,0.2031469239610395,276615.0,662205.0,Indanan
31.256813,30.73019905341238,0.5266139465876201,276915.0,662205.0,Indanan
31.163025,30.5619225798933,0.6011024201067023,277215.0,662205.0,Indanan
30.930483,32.08478411440099,-1.1543011144009903,277515.0,662205.0,Indanan
30.561956,31.208304736644056,-0.6463487366440575,277815.0,662205.0,Indanan
30.824614,31.67564300238042,-0.8510290023804181,278115.0,662205.0,Maimbung
30.95371,31.24352008874879,-0.28981008874879066,278415.0,662205.0,Maimbung
31.76856,31.409394422823777,0.3591655771762241,278715.0,662205.0,Maimbung
32.881077,32.900922861453644,-0.019845861453646307,279015.0,662205.0,Maimbung
34.03298,32.66586176332765,1.3671182366723542,279315.0,662205.0,Maimbung
33.34213,32.99347410202699,0.34865589797301055,279615.0,662205.0,Maimbung
31.916435,31.940345429270508,-0.023910429270507905,279915.0,662205.0,Maimbung
31.928408,31.369863830077307,0.5585441699226941,280215.0,662205.0,Maimbung
31.160456,31.462963632052457,-0.3025076320524569,280515.0,662205.0,Maimbung
30.138168,31.596011183822363,-1.4578431838223622,280815.0,662205.0,Maimbung
31.696716,31.78701964003265,-0.09030364003265134,281115.0,662205.0,Maimbung
31.847446,32.19208091097666,-0.3446349109766551,281415.0,662205.0,Maimbung
30.548588,30.70705091794265,-0.15846291794265,281715.0,662205.0,Talipao
31.185984,30.53932964023847,0.6466543597615306,282015.0,662205.0,Talipao
30.014015,30.526541050256995,-0.5125260502569944,282315.0,662205.0,Talipao
30.27502,32.28312841586456,-2.008108415864559,282615.0,662205.0,Talipao
30.742273,30.963815842028193,-0.2215428420281924,282915.0,662205.0,Talipao
30.426685,31.93528932734208,-1.5086043273420806,283215.0,662205.0,Talipao
30.28091,31.21114638672192,-0.9302363867219228,283515.0,662205.0,Talipao
30.77929,31.049645885519237,-0.27035588551923695,283815.0,662205.0,Talipao
31.789473,31.40765385187533,0.38181914812467,284115.0,662205.0,Talipao
31.43321,31.303515148092252,0.12969485190774677,284415.0,662205.0,Talipao
31.396334,32.00805163457089,-0.6117176345708906,284715.0,662205.0,Talipao
30.75785,31.056901366790083,-0.2990513667900814,285015.0,662205.0,Talipao
31.234575,30.379726089325718,0.8548489106742814,285315.0,662205.0,Talipao
31.065475,31.157237250450294,-0.0917622504502944,285615.0,662205.0,Talipao
30.861986,31.86994168480177,-1.0079556848017681,285915.0,662205.0,Talipao
30.30934,31.305514971271364,-0.9961749712713655,286215.0,662205.0,Talipao
30.226473,30.383368300410353,-0.15689530041035482,286515.0,662205.0,Talipao
31.590733,31.76976736107759,-0.17903436107759063,286815.0,662205.0,Talipao
31.650219,31.444744407466125,0.205474592533875,287115.0,662205.0,Talipao
30.36735,30.633139550245453,-0.26578955024545436,287415.0,662205.0,Talipao
30.54542,30.807724809621185,-0.26230480962118463,287715.0,662205.0,Talipao
32.29643,32.47974359428078,-0.18331359428077576,288015.0,662205.0,Talipao
32.990166,33.30495379130777,-0.314787791307765,288315.0,662205.0,Talipao
32.478558,31.521719744313195,0.9568382556868045,288615.0,662205.0,Talipao
31.859076,31.5395069953959,0.31956900460410154,288915.0,662205.0,Talipao
32.519707,31.32517096089758,1.1945360391024167,289215.0,662205.0,Talipao
33.729958,33.21238075748036,0.5175772425196428,289515.0,662205.0,Talipao
33.03689,32.78575595006004,0.2511340499399566,289815.0,662205.0,Talipao
32.3487,32.27966738704592,0.06903261295408214,290115.0,662205.0,Talipao
32.04599,31.703595661593255,0.3423943384067485,290415.0,662205.0,Talipao
32.0563,30.870005599869852,1.1862944001301479,290715.0,662205.0,Talipao
33.025036,32.83898123641881,0.18605476358118977,291015.0,662205.0,Talipao
31.431528,31.293067408851613,0.13846059114838738,291315.0,662205.0,Talipao
32.247334,32.213557638977235,0.03377636102276682,291615.0,662205.0,Talipao
37.367218,33.18656106009421,4.180656939905788,291915.0,662205.0,Talipao
33.79562,32.423647516529705,1.3719724834702944,292215.0,662205.0,Talipao
34.16034,33.14566137522182,1.0146786247781776,292515.0,662205.0,Talipao
33.551224,32.61976430872474,0.9314596912752577,292815.0,662205.0,Talipao
30.559729,31.396508583898004,-0.8367795838980037,293115.0,662205.0,Talipao
30.984396,32.50323630886288,-1.518840308862881,293415.0,662205.0,Talipao
31.60781,31.858789927215245,-0.2509799272152442,293715.0,662205.0,Talipao
32.397453,32.51649663849226,-0.11904363849225774,294015.0,662205.0,Talipao
30.598028,31.31231611846226,-0.7142881184622603,294315.0,662205.0,Talipao
32.767048,32.836342628908355,-0.06929462890835225,294615.0,662205.0,Talipao
31.567701,32.602840440285725,-1.0351394402857252,294915.0,662205.0,Talipao
33.036182,31.57465274414961,1.4615292558503867,295215.0,662205.0,Talipao
31.413036,31.641457992055972,-0.2284219920559707,295515.0,662205.0,Talipao
31.705126,32.84845210235063,-1.1433261023506276,295815.0,662205.0,Talipao
31.811752,32.04702537263066,-0.23527337263065817,296115.0,662205.0,Talipao
31.587795,31.745341065011996,-0.15754606501199575,296415.0,662205.0,Panglima Estino
32.458576,32.63862280030876,-0.18004680030875875,296715.0,662205.0,Panglima Estino
32.69551,32.50227915565648,0.19323084434351756,297015.0,662205.0,Panglima Estino
32.134537,32.47252148796516,-0.33798448796515856,297315.0,662205.0,Panglima Estino
30.837841,30.994705608327404,-0.15686460832740323,297615.0,662205.0,Panglima Estino
31.961012,32.596451453832316,-0.6354394538323156,297915.0,662205.0,Panglima Estino
32.93583,33.79816442869191,-0.8623344286919092,298215.0,662205.0,Panglima Estino
30.937906,29.48507176118792,1.4528342388120805,298515.0,662205.0,Panglima Estino
31.734228,31.188006134534476,0.546221865465526,298815.0,662205.0,Panglima Estino
33.098976,32.49275709774785,0.6062189022521522,299115.0,662205.0,Panglima Estino
33.670856,33.056966169349764,0.613889830650237,299415.0,662205.0,Panglima Estino
35.357353,34.01643272578584,1.340920274214163,299715.0,662205.0,Panglima Estino
33.544224,32.66100058261203,0.883223417387967,300015.0,662205.0,Panglima Estino
35.53792,34.15370178549372,1.3842182145062765,300315.0,662205.0,Panglima Estino
35.333347,34.924254071642885,0.4090929283571185,300615.0,662205.0,Old Panamao
34.3936,32.36614284135165,2.027457158648346,300915.0,662205.0,Old Panamao
35.96672,35.11235715447673,0.8543628455232692,301215.0,662205.0,Old Panamao
34.937954,34.01382624587847,0.9241277541215283,301515.0,662205.0,Old Panamao
34.483322,35.06186502724434,-0.5785430272443364,302415.0,662205.0,Old Panamao
32.98645,33.142552762933406,-0.15610276293340775,302715.0,662205.0,Old Panamao
33.9966,34.903296415994525,-0.9066964159945243,303015.0,662205.0,Old Panamao
34.075436,32.9310994006077,1.1443365993923038,303315.0,662205.0,Old Panamao
34.32852,34.60294751533145,-0.27442751533145326,303615.0,662205.0,Old Panamao
33.508366,33.8126520227246,-0.3042860227245967,303915.0,662205.0,Old Panamao
33.15484,32.7512015578253,0.403638442174703,304215.0,662205.0,Old Panamao
33.32467,32.8698001882279,0.45486981177209884,304515.0,662205.0,Old Panamao
32.26869,31.299421323175658,0.9692686768243419,306315.0,662205.0,Old Panamao
31.65077,31.040876093712086,0.6098939062879154,306615.0,662205.0,Old Panamao
31.117397,30.54220903845987,0.5751879615401307,306915.0,662205.0,Old Panamao
30.013678,29.12204419646011,0.8916338035398894,307215.0,662205.0,Old Panamao
30.577217,29.3633572197303,1.2138597802697007,307515.0,662205.0,Old Panamao
31.580393,31.101010161156246,0.47938283884375466,307815.0,662205.0,Old Panamao
31.67455,31.917167507658803,-0.24261750765880308,308115.0,662205.0,Old Panamao
31.553864,31.782342218100872,-0.22847821810087154,308415.0,662205.0,Luuk
31.854187,31.021972309470996,0.8322146905290033,308715.0,662205.0,Luuk
32.098827,31.9527417807517,0.14608521924829887,309015.0,662205.0,Luuk
33.465748,31.682553535696215,1.783194464303783,309315.0,662205.0,Luuk
34.12703,32.44679159782904,1.680238402170957,309615.0,662205.0,Luuk
32.934666,32.12627800016128,0.8083879998387218,311415.0,662205.0,Luuk
33.22213,32.253022643764716,0.9691073562352841,311715.0,662205.0,Luuk
35.054737,32.614010639439634,2.440726360560369,312015.0,662205.0,Luuk
33.95954,31.890710597536327,2.0688294024636704,312315.0,662205.0,Luuk
35.2207,35.5972289141229,-0.37652891412290046,312615.0,662205.0,Luuk
32.726154,31.9909273379462,0.735226662053801,312915.0,662205.0,Luuk
33.152542,33.03894353188074,0.11359846811925678,313215.0,662205.0,Luuk
33.926514,32.103676510002586,1.8228374899974114,313515.0,662205.0,Luuk
33.737206,32.898689153469384,0.8385168465306165,313815.0,662205.0,Luuk
33.565918,33.152095700032596,0.41382229996740705,314115.0,662205.0,Luuk
32.70882,33.412818026106144,-0.7039980261061416,314415.0,662205.0,Luuk
33.460934,33.89710520637737,-0.4361712063773666,314715.0,662205.0,Luuk
33.873608,34.35531556910806,-0.48170756910806034,315015.0,662205.0,Luuk
35.973305,37.091394593362914,-1.1180895933629103,315315.0,662205.0,Luuk
34.14972,33.39641880174135,0.7533011982586544,315615.0,662205.0,Luuk
35.333138,34.89627973655539,0.43685826344460565,315915.0,662205.0,Luuk
34.025417,33.506699121913954,0.5187178780860435,316215.0,662205.0,Luuk
34.002357,35.202545571257616,-1.2001885712576126,316515.0,662205.0,Luuk
33.14829,34.53916911462453,-1.390879114624525,316815.0,662205.0,Luuk
32.56299,33.49951964719307,-0.9365296471930691,317115.0,662205.0,Luuk
31.03539,31.653611000329214,-0.6182210003292141,317415.0,662205.0,Luuk
31.533134,32.2880833394851,-0.7549493394850977,317715.0,662205.0,Luuk
32.286934,31.7735891151285,0.5133448848715005,318015.0,662205.0,Luuk
32.141617,31.821452787851236,0.3201642121487609,318315.0,662205.0,Luuk
31.554281,31.328810970724366,0.22547002927563398,318615.0,662205.0,Luuk
31.960493,31.556537628805458,0.4039553711945416,318915.0,662205.0,Luuk
31.793772,31.32937709805935,0.4643949019406506,319215.0,662205.0,Luuk
34.404568,35.292750978318914,-0.8881829783189161,319515.0,662205.0,Omar
34.348816,33.298889823756845,1.0499261762431544,322215.0,662205.0,Omar
34.03827,33.13299599156961,0.9052740084303892,322515.0,662205.0,Omar
34.869602,33.573352519742976,1.2962494802570248,323115.0,662205.0,Omar
37.06315,34.22127791236556,2.8418720876344423,323415.0,662205.0,Omar
32.22693,31.675794818121506,0.5511351818784966,323715.0,662205.0,Omar
31.906553,32.55251310171804,-0.6459601017180425,324015.0,662205.0,Omar
33.36038,32.28527603418213,1.075103965817867,324315.0,662205.0,Omar
35.80658,36.46969040464547,-0.6631104046454723,324615.0,662205.0,Omar
36.641773,36.21331266253575,0.4284603374642515,324915.0,662205.0,Omar
36.554867,35.89570932431933,0.6591576756806745,325215.0,662205.0,Omar
34.673153,33.28069619546738,1.392456804532621,266415.0,661905.0,Parang
31.06905,33.545494515249274,-2.4764445152492733,266715.0,661905.0,Parang
29.795553,34.499326182117514,-4.703773182117512,267015.0,661905.0,Parang
29.291681,32.271375529207525,-2.9796945292075243,267315.0,661905.0,Parang
29.724617,32.8708573257418,-3.146240325741804,267615.0,661905.0,Parang
29.763384,33.335337403861914,-3.571953403861915,267915.0,661905.0,Parang
30.052055,32.42629357841642,-2.3742385784164206,268215.0,661905.0,Parang
30.204134,32.18400535427422,-1.97987135427422,268515.0,661905.0,Parang
31.261965,32.52857374175897,-1.2666087417589686,268815.0,661905.0,Indanan
31.975592,31.957960268772954,0.017631731227044867,269115.0,661905.0,Indanan
32.58079,31.918277542861322,0.6625124571386785,269415.0,661905.0,Indanan
31.015675,31.877767937434903,-0.8620929374349018,269715.0,661905.0,Indanan
31.339624,30.702499399356796,0.6371246006432045,270015.0,661905.0,Indanan
30.375818,29.645958325607033,0.7298596743929657,270315.0,661905.0,Indanan
29.296679,29.12310026936903,0.17357873063097173,270615.0,661905.0,Indanan
28.988443,29.176049607756102,-0.18760660775610205,270915.0,661905.0,Indanan
30.714718,29.028225534927977,1.6864924650720248,271215.0,661905.0,Indanan
30.239626,29.827626456468614,0.4119995435313868,271515.0,661905.0,Indanan
31.067528,32.11090347399928,-1.04337547399928,271815.0,661905.0,Indanan
31.423439,32.03419509197796,-0.6107560919779651,272115.0,661905.0,Indanan
30.441536,30.004010448955725,0.43752555104427415,272415.0,661905.0,Indanan
28.767637,29.096319355639338,-0.32868235563933723,272715.0,661905.0,Indanan
28.120552,29.767287362773455,-1.6467353627734553,273015.0,661905.0,Indanan
28.425493,28.771230893170873,-0.3457378931708739,273315.0,661905.0,Indanan
28.13799,28.494834847686842,-0.356844847686844,273615.0,661905.0,Indanan
27.45772,27.742457725565878,-0.2847377255658792,273915.0,661905.0,Indanan
28.658932,27.793951139149456,0.8649808608505438,274215.0,661905.0,Indanan
29.04614,27.46538999128373,1.5807500087162722,274515.0,661905.0,Indanan
27.899242,27.429426358037865,0.46981564196213554,274815.0,661905.0,Indanan
29.01788,27.714278581970078,1.303601418029924,275115.0,661905.0,Indanan
28.154034,27.200574680876905,0.9534593191230947,275415.0,661905.0,Indanan
28.43854,27.883659342018476,0.5548806579815242,275715.0,661905.0,Indanan
30.062494,28.710360584270383,1.352133415729618,276015.0,661905.0,Indanan
30.819939,28.808605589448238,2.0113334105517637,276315.0,661905.0,Indanan
30.244598,30.21434903418274,0.03024896581726111,276615.0,661905.0,Indanan
31.564226,30.83711441064952,0.727111589350482,276915.0,661905.0,Indanan
31.229002,30.96253462272653,0.2664673772734716,277215.0,661905.0,Indanan
30.805994,30.781026052268707,0.024967947731290963,277515.0,661905.0,Indanan
30.534779,31.018229895372617,-0.48345089537261643,277815.0,661905.0,Maimbung
30.908285,31.986054117545525,-1.0777691175455253,278115.0,661905.0,Maimbung
29.383114,30.329665706581565,-0.9465517065815661,278415.0,661905.0,Maimbung
32.40667,32.221298097999295,0.18537190200070341,278715.0,661905.0,Maimbung
32.06121,32.71666576705409,-0.6554557670540859,279015.0,661905.0,Maimbung
31.974438,32.00692106040721,-0.03248306040720905,279315.0,661905.0,Maimbung
32.19372,32.3516768811458,-0.1579568811458003,279615.0,661905.0,Maimbung
31.987257,32.654773060978734,-0.6675160609787341,279915.0,661905.0,Maimbung
31.080557,31.528561972126838,-0.44800497212683865,280215.0,661905.0,Maimbung
30.617567,32.062658524145334,-1.445091524145333,280515.0,661905.0,Maimbung
31.172825,31.740656621657607,-0.5678316216576071,280815.0,661905.0,Maimbung
31.959066,32.116360186195216,-0.15729418619521596,281115.0,661905.0,Maimbung
31.37457,31.898989723583558,-0.5244197235835593,281415.0,661905.0,Maimbung
30.804033,32.2207093570819,-1.4166763570819008,281715.0,661905.0,Maimbung
31.839207,32.99423756100252,-1.1550305610025227,282015.0,661905.0,Talipao
30.725601,30.799981514331698,-0.0743805143316969,282315.0,661905.0,Talipao
30.649708,30.56446884299709,0.08523915700290985,282615.0,661905.0,Talipao
29.613121,29.034563205019257,0.5785577949807426,282915.0,661905.0,Talipao
30.749628,31.206903446397547,-0.4572754463975457,283215.0,661905.0,Talipao
29.655619,31.688454035550155,-2.0328350355501534,283515.0,661905.0,Talipao
29.525578,31.023279301423457,-1.497701301423458,283815.0,661905.0,Talipao
31.56147,31.313862696263413,0.24760730373658646,284115.0,661905.0,Talipao
30.546356,30.865833874411898,-0.31947787441189845,284415.0,661905.0,Talipao
31.72586,30.819319365353657,0.906540634646344,284715.0,661905.0,Talipao
30.698792,31.305038625346356,-0.6062466253463548,285015.0,661905.0,Talipao
31.150337,31.689004888845993,-0.5386678888459926,285315.0,661905.0,Talipao
31.719265,30.81172889279393,0.9075361072060701,285615.0,661905.0,Talipao
30.585936,31.207645465682123,-0.6217094656821232,285915.0,661905.0,Talipao
30.790209,31.73160675128037,-0.9413977512803697,286215.0,661905.0,Talipao
30.68705,30.873182772360003,-0.18613277236000414,286515.0,661905.0,Talipao
31.2572,31.390971702401934,-0.13377170240193337,286815.0,661905.0,Talipao
31.692146,31.253202432332266,0.4389435676677351,287115.0,661905.0,Talipao
30.806335,30.925289841355944,-0.11895484135594359,287415.0,661905.0,Talipao
30.139235,30.912082642481717,-0.7728476424817181,287715.0,661905.0,Talipao
31.7272,30.760876789876537,0.9663232101234627,288015.0,661905.0,Talipao
31.978853,31.32435784728112,0.65449515271888,288315.0,661905.0,Talipao
31.519638,31.21678645207056,0.30285154792943914,288615.0,661905.0,Talipao
32.323204,31.69164533639696,0.6315586636030375,288915.0,661905.0,Talipao
31.715418,31.546437314402525,0.16898068559747514,289215.0,661905.0,Talipao
32.090015,32.104550895957196,-0.014535895957195066,289515.0,661905.0,Talipao
32.699738,33.49277905507947,-0.7930410550794633,289815.0,661905.0,Talipao
32.814938,34.10698806069718,-1.2920500606971785,290115.0,661905.0,Talipao
32.765472,33.48989805519508,-0.7244260551950745,290415.0,661905.0,Talipao
34.574394,34.190646368082504,0.38374763191749395,290715.0,661905.0,Talipao
35.197712,33.821488470318855,1.3762235296811482,291015.0,661905.0,Talipao
31.591185,31.10316979290039,0.4880152070996111,291315.0,661905.0,Talipao
33.79721,32.13266253552106,1.664547464478943,291615.0,661905.0,Talipao
33.08049,31.977284337142525,1.103205662857473,291915.0,661905.0,Talipao
32.097824,32.60583944658617,-0.5080154465861639,292215.0,661905.0,Talipao
32.27537,32.10860341164139,0.16676658835861247,292515.0,661905.0,Talipao
31.575672,31.976813284983496,-0.40114128498349544,292815.0,661905.0,Talipao
32.190594,32.148330345256056,0.042263654743941004,293115.0,661905.0,Talipao
31.389803,32.404642597560105,-1.0148395975601048,293415.0,661905.0,Talipao
30.548872,31.18012829911865,-0.6312562991186503,293715.0,661905.0,Talipao
32.09371,32.043242404447625,0.050467595552376565,294015.0,661905.0,Talipao
31.698547,32.32984845203024,-0.6313014520302396,294315.0,661905.0,Talipao
33.560852,32.5049374035731,1.055914596426895,294615.0,661905.0,Talipao
30.639112,31.2149422497829,-0.5758302497829,294915.0,661905.0,Talipao
31.924116,32.42185578746086,-0.497739787460862,295215.0,661905.0,Talipao
31.62863,32.338586110135815,-0.7099561101358134,295515.0,661905.0,Talipao
30.905876,31.39779214902102,-0.4919161490210193,295815.0,661905.0,Talipao
31.596539,32.87274491554004,-1.2762059155400394,296115.0,661905.0,Talipao
31.556654,32.53062393008866,-0.9739699300886571,296415.0,661905.0,Panglima Estino
30.253311,31.112699462795536,-0.8593884627955362,296715.0,661905.0,Panglima Estino
32.04164,31.395458563354932,0.6461814366450689,297015.0,661905.0,Panglima Estino
32.336514,31.90136964950428,0.4351443504957224,297315.0,661905.0,Panglima Estino
30.553194,29.523972670805676,1.0292213291943249,297615.0,661905.0,Panglima Estino
31.364277,31.102012985935403,0.2622640140645984,297915.0,661905.0,Panglima Estino
30.655596,30.045831235967533,0.6097647640324659,298215.0,661905.0,Panglima Estino
31.586851,30.8693886342082,0.7174623657917998,298515.0,661905.0,Panglima Estino
31.87797,30.4619946545893,1.4159753454107005,298815.0,661905.0,Panglima Estino
33.37839,32.71919801311991,0.6591919868800957,299115.0,661905.0,Panglima Estino
33.93555,33.80689900826376,0.12865099173623662,299415.0,661905.0,Panglima Estino
35.288677,33.50908585884714,1.7795911411528564,299715.0,661905.0,Panglima Estino
33.87844,31.85621257736944,2.022227422630557,300015.0,661905.0,Panglima Estino
33.86909,32.457148229492674,1.411941770507326,300315.0,661905.0,Panglima Estino
35.774403,33.42657676835915,2.347826231640852,300615.0,661905.0,Panglima Estino
35.33197,32.9742899748836,2.3576800251164016,300915.0,661905.0,Panglima Estino
34.332333,34.12148613501919,0.21084686498080885,301215.0,661905.0,Panglima Estino
34.494915,33.69190327782732,0.8030117221726769,301515.0,661905.0,Old Panamao
34.58214,33.90835599108204,0.6737840089179628,302415.0,661905.0,Old Panamao
32.955814,32.66446180793027,0.2913521920697235,302715.0,661905.0,Old Panamao
33.94746,33.85572014439276,0.09173985560723708,303015.0,661905.0,Old Panamao
33.99935,34.08641654320369,-0.08706654320369012,303315.0,661905.0,Old Panamao
33.39831,32.49378620789594,0.9045237921040652,303615.0,661905.0,Old Panamao
33.70502,32.40110264027371,1.3039173597262845,303915.0,661905.0,Old Panamao
32.82908,32.78837745471649,0.040702545283508584,304215.0,661905.0,Old Panamao
32.52621,32.220615890709055,0.30559410929094355,304515.0,661905.0,Old Panamao
31.940845,30.833558256385984,1.107286743614015,306315.0,661905.0,Old Panamao
31.020243,31.002088694536514,0.01815430546348651,306615.0,661905.0,Old Panamao
30.115524,30.449731173343864,-0.33420717334386296,306915.0,661905.0,Old Panamao
28.989687,28.92196034920656,0.06772665079343909,307215.0,661905.0,Old Panamao
29.86834,29.341264954374445,0.5270750456255548,307515.0,661905.0,Old Panamao
30.062372,28.989184734513078,1.0731872654869221,307815.0,661905.0,Old Panamao
30.928339,30.171885668859687,0.7564533311403139,308115.0,661905.0,Old Panamao
30.219414,30.623812048057033,-0.4043980480570326,308415.0,661905.0,Luuk
31.412354,30.005562524100746,1.4067914758992544,308715.0,661905.0,Luuk
32.102116,31.496101570827808,0.6060144291721947,309015.0,661905.0,Luuk
32.701958,31.208411712275897,1.4935462877241008,309315.0,661905.0,Luuk
33.343143,31.277965624893472,2.0651773751065257,309615.0,661905.0,Luuk
32.97755,32.7423621258951,0.23518787410490205,311115.0,661905.0,Luuk
33.40189,33.093872636545264,0.30801736345473785,311415.0,661905.0,Luuk
34.736645,33.54732239293059,1.189322607069414,311715.0,661905.0,Luuk
34.384663,32.62094832953368,1.763714670466321,312015.0,661905.0,Luuk
32.98371,32.53633462013519,0.447375379864809,312315.0,661905.0,Luuk
32.916294,32.50996521135189,0.4063287886481106,312615.0,661905.0,Luuk
32.908695,32.2836242960046,0.6250707039954051,312915.0,661905.0,Luuk
32.70073,32.713925130723105,-0.013195130723104853,313215.0,661905.0,Luuk
33.389454,33.805982250510134,-0.4165282505101331,313515.0,661905.0,Luuk
32.486095,32.81751002956404,-0.3314150295640417,313815.0,661905.0,Luuk
33.82037,33.5358160937205,0.2845539062794984,314115.0,661905.0,Luuk
32.714787,32.64152756393041,0.07325943606959129,314415.0,661905.0,Luuk
33.408722,33.149934737604546,0.258787262395451,314715.0,661905.0,Luuk
32.968037,33.213736051302305,-0.24569905130230296,315015.0,661905.0,Luuk
34.55346,34.445142730285816,0.10831726971418476,315315.0,661905.0,Luuk
34.376053,35.646142572842095,-1.270089572842096,315615.0,661905.0,Luuk
36.24446,34.53918937845995,1.7052706215400448,315915.0,661905.0,Luuk
35.758717,35.51427507330241,0.2444419266975899,316215.0,661905.0,Luuk
35.001266,33.113335156866306,1.8879308431336952,316515.0,661905.0,Luuk
33.39596,33.072421252885164,0.32353874711483854,316815.0,661905.0,Luuk
34.088806,34.0633479477463,0.025458052253696906,317115.0,661905.0,Luuk
32.157055,32.68544923597079,-0.5283942359707936,317415.0,661905.0,Luuk
32.33628,32.16080882732306,0.1754711726769429,317715.0,661905.0,Luuk
31.733315,32.227228854614836,-0.49391385461483495,318015.0,661905.0,Luuk
31.880774,31.62221736981541,0.2585566301845894,318315.0,661905.0,Luuk
32.15148,31.384320666628394,0.7671593333716054,318615.0,661905.0,Luuk
31.990011,31.605680568519574,0.384330431480425,318915.0,661905.0,Luuk
32.27929,31.86436468931598,0.4149253106840227,319215.0,661905.0,Luuk
35.9159,34.03369527700241,1.8822047229975922,319515.0,661905.0,Omar
33.06243,31.78532804606061,1.2771019539393897,319815.0,661905.0,Omar
34.03177,33.59887090214193,0.4328990978580691,320115.0,661905.0,Omar
33.4529,32.9734064545301,0.4794935454699001,320415.0,661905.0,Omar
32.667995,32.2337267863069,0.43426821369309465,320715.0,661905.0,Omar
32.03831,32.14896262605784,-0.11065262605783488,321015.0,661905.0,Omar
33.181957,31.462317400067892,1.7196395999321048,321915.0,661905.0,Omar
33.047176,31.764493856576475,1.282682143423525,322215.0,661905.0,Omar
33.877678,31.347679636186236,2.5299983638137675,322515.0,661905.0,Omar
33.532257,32.46641710229337,1.0658398977066312,323115.0,661905.0,Omar
33.553642,33.81900556189882,-0.26536356189881616,323415.0,661905.0,Omar
32.072594,31.630611206297445,0.44198279370255733,323715.0,661905.0,Omar
31.668283,32.10352251321579,-0.43523951321579446,324015.0,661905.0,Omar
32.888233,32.393635884239,0.4945971157609961,324315.0,661905.0,Omar
33.716682,32.68275249825166,1.0339295017483394,324615.0,661905.0,Omar
36.239532,36.06695521107377,0.17257678892622863,324915.0,661905.0,Omar
35.42709,35.279953951132185,0.1471360488678144,325215.0,661905.0,Omar
34.058384,33.26476492523215,0.7936190747678467,266415.0,661605.0,Parang
30.893084,33.009547004610155,-2.1164630046101536,266715.0,661605.0,Parang
30.319313,31.62985890388624,-1.31054590388624,267015.0,661605.0,Parang
29.362432,33.05110513284116,-3.68867313284116,267315.0,661605.0,Parang
28.434649,32.43886661461233,-4.00421761461233,267615.0,661605.0,Parang
29.964334,32.10728936605624,-2.142955366056242,267915.0,661605.0,Parang
30.191713,31.377685937200784,-1.1859729372007841,268215.0,661605.0,Parang
30.722248,32.78562497639928,-2.063376976399283,268515.0,661605.0,Parang
31.282038,32.487451246594205,-1.2054132465942047,268815.0,661605.0,Indanan
31.731068,31.997285428012184,-0.2662174280121832,269115.0,661605.0,Indanan
31.515438,31.561505381069583,-0.046067381069583746,269415.0,661605.0,Indanan
31.421247,31.290938837113533,0.13030816288646818,269715.0,661605.0,Indanan
30.957573,30.23274036299083,0.7248326370091718,270015.0,661605.0,Indanan
30.26012,30.829679512599604,-0.5695595125996036,270315.0,661605.0,Indanan
28.779312,29.492335229662178,-0.713023229662177,270615.0,661605.0,Indanan
28.998379,29.432531978716998,-0.4341529787169982,270915.0,661605.0,Indanan
29.679306,29.365478609362555,0.3138273906374458,271215.0,661605.0,Indanan
30.85311,30.007251769946375,0.8458582300536257,271515.0,661605.0,Indanan
30.979836,30.817711807164397,0.1621241928356021,271815.0,661605.0,Indanan
30.115185,30.711465967438958,-0.5962809674389575,272115.0,661605.0,Indanan
28.956358,29.83440570107207,-0.8780477010720666,272415.0,661605.0,Indanan
29.986168,30.977582322550067,-0.9914143225500673,272715.0,661605.0,Indanan
28.50348,29.936486972341267,-1.4330069723412677,273015.0,661605.0,Indanan
28.240158,29.361186276767445,-1.1210282767674435,273315.0,661605.0,Indanan
28.920511,30.07917401342192,-1.1586630134219185,273615.0,661605.0,Indanan
28.614006,28.962173741060568,-0.3481677410605677,273915.0,661605.0,Indanan
28.756601,28.65773578715137,0.09886521284862937,274215.0,661605.0,Indanan
28.61043,28.365042311027995,0.2453876889720057,274515.0,661605.0,Indanan
28.828672,28.559182047488978,0.26948995251102303,274815.0,661605.0,Indanan
29.224817,28.811865982635354,0.412951017364648,275115.0,661605.0,Indanan
29.966398,28.62040560024698,1.3459923997530225,275415.0,661605.0,Indanan
30.379898,28.617390017920943,1.7625079820790575,275715.0,661605.0,Indanan
29.241709,28.5197895021309,0.7219194978690986,276015.0,661605.0,Indanan
30.41264,29.143269736682104,1.2693702633178958,276315.0,661605.0,Indanan
31.649578,30.855938222674087,0.7936397773259145,276615.0,661605.0,Indanan
31.387302,31.27226381603103,0.11503818396897003,276915.0,661605.0,Indanan
32.081017,32.55920198863616,-0.47818498863615844,277215.0,661605.0,Indanan
31.295174,31.688383420432224,-0.39320942043222473,277515.0,661605.0,Indanan
30.852272,31.679709464327136,-0.8274374643271365,277815.0,661605.0,Maimbung
30.236761,31.064491812304176,-0.8277308123041749,278115.0,661605.0,Maimbung
30.517117,30.5052843592808,0.01183264071919865,278415.0,661605.0,Maimbung
29.785875,30.228076586647386,-0.4422015866473856,278715.0,661605.0,Maimbung
31.528774,32.35485726149055,-0.8260832614905524,279015.0,661605.0,Maimbung
31.142937,31.72583321228769,-0.5828962122876895,279315.0,661605.0,Maimbung
33.627098,32.2276400033956,1.3994579966043972,279615.0,661605.0,Maimbung
33.48663,32.55660289585163,0.9300271041483654,279915.0,661605.0,Maimbung
31.839598,32.50633572175012,-0.6667377217501205,280215.0,661605.0,Maimbung
31.296528,31.776808936852117,-0.48028093685211815,280515.0,661605.0,Maimbung
31.110416,31.510729716327315,-0.4003137163273145,280815.0,661605.0,Maimbung
31.830355,32.548636268365826,-0.7182812683658248,281115.0,661605.0,Maimbung
30.2354,31.3050727974047,-1.069672797404703,281415.0,661605.0,Maimbung
30.447638,30.817884500677007,-0.3702465006770055,281715.0,661605.0,Maimbung
30.841097,31.409488502178682,-0.568391502178681,282015.0,661605.0,Talipao
30.292206,30.38026420572655,-0.08805820572655065,282315.0,661605.0,Talipao
30.077219,31.015607624634885,-0.9383886246348858,282615.0,661605.0,Talipao
29.979101,29.188917048228948,0.790183951771052,282915.0,661605.0,Talipao
29.892174,28.79902885300182,1.0931451469981823,283215.0,661605.0,Talipao
30.184494,31.302166259763627,-1.1176722597636264,283515.0,661605.0,Talipao
30.151423,30.734937857028346,-0.5835148570283444,283815.0,661605.0,Talipao
30.84153,30.66815567896469,0.1733743210353076,284115.0,661605.0,Talipao
31.14671,30.881166121293422,0.2655438787065769,284415.0,661605.0,Talipao
31.162733,30.967653486934346,0.19507951306565374,284715.0,661605.0,Talipao
31.18541,31.267037429689147,-0.08162742968914571,285015.0,661605.0,Talipao
30.981794,31.153597791024676,-0.1718037910246757,285315.0,661605.0,Talipao
31.138906,31.374529515391526,-0.23562351539152715,285615.0,661605.0,Talipao
29.934822,30.692683403790515,-0.757861403790514,285915.0,661605.0,Talipao
31.04459,30.871392076743746,0.17319792325625372,286215.0,661605.0,Talipao
30.729319,30.90867005492407,-0.17935105492406933,286515.0,661605.0,Talipao
32.147427,31.93269723922096,0.21472976077903994,286815.0,661605.0,Talipao
32.212463,31.803009719914368,0.4094532800856321,287115.0,661605.0,Talipao
33.167477,32.38583978448402,0.7816372155159783,287415.0,661605.0,Talipao
33.849724,33.09276804814356,0.7569559518564404,287715.0,661605.0,Talipao
33.511738,31.893769457710253,1.6179685422897485,288015.0,661605.0,Talipao
32.346317,30.79247974452084,1.5538372554791593,288315.0,661605.0,Talipao
31.69012,32.02282324004934,-0.3327032400493408,288615.0,661605.0,Talipao
30.572252,31.120768132661038,-0.5485161326610388,288915.0,661605.0,Talipao
31.125212,31.79683210733974,-0.6716201073397379,289215.0,661605.0,Talipao
31.145914,31.283518201326796,-0.13760420132679485,289515.0,661605.0,Talipao
31.997475,31.459865541348726,0.537609458651275,289815.0,661605.0,Talipao
33.691208,34.774549359687306,-1.083341359687303,290115.0,661605.0,Talipao
33.434223,34.00924635295844,-0.5750233529584392,290415.0,661605.0,Talipao
33.299202,33.8384593309742,-0.5392573309742019,290715.0,661605.0,Talipao
33.832798,33.18896555463966,0.6438324453603386,291015.0,661605.0,Talipao
31.593943,31.177932102622393,0.4160108973776069,291315.0,661605.0,Talipao
34.90571,34.28620829952392,0.6195017004760786,291615.0,661605.0,Talipao
31.457218,31.24008752033109,0.21713047966890997,291915.0,661605.0,Talipao
32.85967,32.08035285750204,0.779317142497959,292215.0,661605.0,Talipao
33.279583,31.929485222145807,1.3500977778541952,292515.0,661605.0,Talipao
32.623547,33.04632784841583,-0.42278084841582597,292815.0,661605.0,Talipao
31.480974,31.428722289689013,0.052251710310986965,293115.0,661605.0,Talipao
31.413433,31.665976602389385,-0.2525436023893839,293415.0,661605.0,Talipao
31.091629,31.624178833513415,-0.5325498335134142,293715.0,661605.0,Talipao
32.13183,31.49894404785138,0.6328859521486194,294015.0,661605.0,Talipao
31.567104,31.21054440865468,0.3565595913453201,294315.0,661605.0,Talipao
32.405468,32.12495259279838,0.2805154072016194,294615.0,661605.0,Talipao
31.613668,31.720826877759464,-0.10715887775946342,294915.0,661605.0,Talipao
32.088913,31.84962644126689,0.23928655873310944,295215.0,661605.0,Talipao
31.410269,31.483238393386795,-0.07296939338679564,295515.0,661605.0,Talipao
30.463001,31.11112639895971,-0.64812539895971,295815.0,661605.0,Talipao
33.07411,32.533437431564984,0.5406725684350135,296115.0,661605.0,Talipao
33.379295,32.487381387299564,0.891913612700435,296415.0,661605.0,Panglima Estino
32.648026,31.325510596741008,1.3225154032589934,296715.0,661605.0,Panglima Estino
35.31161,34.826731723917064,0.484878276082938,297015.0,661605.0,Panglima Estino
31.376867,31.887709608843817,-0.5108426088438165,297315.0,661605.0,Panglima Estino
30.513182,31.268728543939137,-0.7555465439391362,297615.0,661605.0,Panglima Estino
30.780539,29.17524339963725,1.6052956003627514,297915.0,661605.0,Panglima Estino
29.217813,28.92065707252201,0.29715592747799136,298215.0,661605.0,Panglima Estino
30.300278,29.805906195364127,0.4943718046358718,298515.0,661605.0,Panglima Estino
32.558636,30.861610301714492,1.6970256982855076,298815.0,661605.0,Panglima Estino
33.863876,32.05040925838173,1.8134667416182708,299115.0,661605.0,Panglima Estino
33.703056,32.10735723842568,1.5956987615743188,299415.0,661605.0,Panglima Estino
35.278633,34.207010027462225,1.0716229725377744,299715.0,661605.0,Panglima Estino
35.1186,32.53844423762077,2.5801557623792277,300015.0,661605.0,Panglima Estino
36.105988,34.3675735985453,1.7384144014547047,300315.0,661605.0,Panglima Estino
37.221714,33.79108414704706,3.43062985295294,300615.0,661605.0,Panglima Estino
33.751167,32.62943651089313,1.1217304891068736,300915.0,661605.0,Panglima Estino
34.160244,32.174244275622584,1.9859997243774146,301215.0,661605.0,Panglima Estino
36.14318,35.67562323902583,0.4675567609741691,301515.0,661605.0,Panglima Estino
34.550934,35.66094538935111,-1.110011389351115,301815.0,661605.0,Old Panamao
37.255295,36.44988788422538,0.8054071157746137,302115.0,661605.0,Old Panamao
34.918964,33.283927506413406,1.6350364935865969,302415.0,661605.0,Old Panamao
32.823814,32.40759377123348,0.41622022876651954,302715.0,661605.0,Old Panamao
33.229706,33.441783513716345,-0.21207751371634487,303015.0,661605.0,Old Panamao
33.21632,32.95554431185428,0.2607756881457206,303315.0,661605.0,Old Panamao
33.182453,32.65968543936598,0.5227675606340227,303615.0,661605.0,Old Panamao
35.449306,33.83365261387403,1.6156533861259703,303915.0,661605.0,Old Panamao
32.907135,32.755080282945244,0.15205471705475304,304215.0,661605.0,Old Panamao
33.24003,32.16426881523883,1.0757611847611699,304515.0,661605.0,Old Panamao
32.327366,31.986952919758078,0.34041308024191963,304815.0,661605.0,Old Panamao
32.38679,31.652500895108805,0.734289104891193,305115.0,661605.0,Old Panamao
31.340637,30.196010334859242,1.144626665140759,306315.0,661605.0,Old Panamao
31.37427,31.17209897484107,0.20217102515892904,306615.0,661605.0,Old Panamao
29.945612,28.712737500602845,1.2328744993971554,307515.0,661605.0,Old Panamao
30.516018,29.968429900823015,0.5475880991769841,307815.0,661605.0,Old Panamao
30.132616,29.93199471099946,0.20062128900053722,308115.0,661605.0,Old Panamao
31.255045,31.193715227857407,0.061329772142592276,308415.0,661605.0,Luuk
32.088963,30.88885336450853,1.2001096354914687,308715.0,661605.0,Luuk
31.07826,31.130940139027516,-0.05268013902751534,309015.0,661605.0,Luuk
33.03894,31.732533334068005,1.3064066659319913,309315.0,661605.0,Luuk
32.48105,31.684372787494436,0.7966772125055677,309615.0,661605.0,Luuk
32.995605,31.23213936212388,1.7634656378761164,309915.0,661605.0,Luuk
33.246887,32.613868884544445,0.6330181154555561,310215.0,661605.0,Luuk
33.656956,32.419501751662594,1.2374542483374071,310515.0,661605.0,Luuk
34.583363,33.4548566304112,1.1285063695887985,310815.0,661605.0,Luuk
32.61325,31.774615164191832,0.8386348358081683,311115.0,661605.0,Luuk
33.56577,33.94493739686791,-0.37916739686790635,311415.0,661605.0,Luuk
33.24983,31.96442890962399,1.2854010903760127,311715.0,661605.0,Luuk
34.119114,32.29971412457876,1.8193998754212402,312015.0,661605.0,Luuk
33.244125,32.40197208981363,0.8421529101863641,312315.0,661605.0,Luuk
34.16731,33.02495439082661,1.1423556091733928,312615.0,661605.0,Luuk
35.564754,32.825126582876266,2.739627417123735,312915.0,661605.0,Luuk
33.51713,33.45103584124614,0.06609415875386304,313215.0,661605.0,Luuk
32.529827,32.2808541776594,0.2489728223405976,313515.0,661605.0,Luuk
33.507435,33.82528486030128,-0.3178498603012798,313815.0,661605.0,Luuk
34.84087,34.72810952277994,0.1127604772200641,314115.0,661605.0,Luuk
33.786266,33.70651181678569,0.07975418321430539,314415.0,661605.0,Luuk
33.466846,34.1110391457044,-0.6441931457044063,314715.0,661605.0,Luuk
36.890697,34.037495548804195,2.853201451195808,315015.0,661605.0,Luuk
33.724586,33.87473319754254,-0.15014719754253747,315315.0,661605.0,Luuk
34.5026,33.060787325977294,1.4418126740227066,315615.0,661605.0,Luuk
34.443172,36.04299310062693,-1.599821100626933,315915.0,661605.0,Luuk
33.93419,33.13431895213051,0.7998710478694875,316215.0,661605.0,Omar
33.17029,33.01672399462427,0.15356600537572973,316515.0,661605.0,Omar
33.804115,33.99135306669651,-0.18723806669650855,316815.0,661605.0,Omar
32.69966,32.94272620142157,-0.24306620142156987,317115.0,661605.0,Omar
33.38939,34.645160557630994,-1.2557705576309957,317415.0,661605.0,Omar
33.37854,33.183965299302216,0.19457470069778537,317715.0,661605.0,Luuk
32.465317,31.929518894676505,0.5357981053234937,318015.0,661605.0,Luuk
32.124065,31.867981778626355,0.2560832213736468,318315.0,661605.0,Luuk
32.71201,32.425445371223596,0.28656462877640365,318615.0,661605.0,Luuk
34.016674,33.38846485003907,0.6282091499609308,318915.0,661605.0,Omar
34.122997,35.21459321181464,-1.0915962118146396,319215.0,661605.0,Omar
33.882244,32.743405312010836,1.138838687989164,319515.0,661605.0,Omar
33.20046,32.54294760076814,0.6575123992318623,319815.0,661605.0,Omar
32.99574,33.248132190703004,-0.2523921907030058,320115.0,661605.0,Omar
32.932423,32.85187898164075,0.08054401835924807,320415.0,661605.0,Omar
33.09655,32.541801041614505,0.5547489583854954,320715.0,661605.0,Omar
32.18116,32.524841697549796,-0.3436816975497976,321015.0,661605.0,Omar
31.77291,32.59887322692592,-0.8259632269259178,321315.0,661605.0,Omar
32.424706,32.51626988650416,-0.09156388650416147,321615.0,661605.0,Omar
31.92972,31.504788197199133,0.4249318028008666,321915.0,661605.0,Omar
32.27632,31.854240778954733,0.42207922104526574,322215.0,661605.0,Omar
33.081085,31.82702883918096,1.2540561608190401,322515.0,661605.0,Omar
31.816305,31.53514390546452,0.28116109453548077,322815.0,661605.0,Omar
31.464724,30.95912144217894,0.5056025578210601,323115.0,661605.0,Omar
31.36889,33.12426729768239,-1.7553772976823865,323415.0,661605.0,Omar
32.110012,33.32297226328771,-1.2129602632877123,323715.0,661605.0,Omar
31.661549,31.793755472585143,-0.13220647258514262,324015.0,661605.0,Omar
32.541344,32.091886235531156,0.4494577644688462,324315.0,661605.0,Omar
33.06844,32.68102753327592,0.38741246672407925,324615.0,661605.0,Omar
33.49759,32.23040478290781,1.267185217092191,324915.0,661605.0,Omar
34.04881,33.32225982567127,0.7265501743287359,325215.0,661605.0,Omar
34.427685,33.663716656046965,0.7639683439530316,325515.0,661605.0,Omar
32.042305,32.88386572193823,-0.8415607219382295,266415.0,661305.0,Parang
29.952074,32.791630604394605,-2.8395566043946054,266715.0,661305.0,Parang
30.17859,31.946276573699134,-1.7676865736991338,267015.0,661305.0,Parang
29.62697,31.798323319177918,-2.1713533191779177,267315.0,661305.0,Parang
30.144861,32.549899187458756,-2.405038187458757,267615.0,661305.0,Parang
29.762962,32.29640051935645,-2.5334385193564515,267915.0,661305.0,Parang
30.12358,31.97637565523649,-1.8527956552364913,268215.0,661305.0,Parang
30.361507,32.39633552237727,-2.0348285223772713,268515.0,661305.0,Parang
30.438675,32.2366748220818,-1.7979998220818025,268815.0,661305.0,Parang
32.089336,32.01069906380266,0.07863693619734136,269115.0,661305.0,Indanan
31.55062,31.642891363522605,-0.09227136352260601,269415.0,661305.0,Indanan
31.468023,31.477960354758572,-0.009937354758573491,269715.0,661305.0,Indanan
29.780046,30.628881950982016,-0.8488359509820178,270015.0,661305.0,Indanan
29.202354,30.856639457748408,-1.6542854577484079,270315.0,661305.0,Indanan
28.553432,30.357241469023162,-1.803809469023161,270615.0,661305.0,Indanan
29.383678,30.616969377320064,-1.2332913773200644,270915.0,661305.0,Indanan
30.908907,31.515189941001374,-0.6062829410013748,271215.0,661305.0,Indanan
30.908026,31.162268733691185,-0.25424273369118566,271515.0,661305.0,Indanan
29.490873,30.61780217395124,-1.1269291739512397,271815.0,661305.0,Indanan
29.870844,30.24771541089597,-0.3768714108959692,272115.0,661305.0,Indanan
30.161356,32.03946882229274,-1.8781128222927386,272415.0,661305.0,Indanan
30.157299,31.003948475657868,-0.8466494756578697,272715.0,661305.0,Indanan
29.408419,30.190753059999857,-0.7823340599998581,273015.0,661305.0,Indanan
29.259048,30.907359536900493,-1.6483115369004935,273315.0,661305.0,Indanan
29.09382,30.156826318138524,-1.0630063181385232,273615.0,661305.0,Indanan
28.932014,30.363015377106393,-1.4310013771063943,273915.0,661305.0,Indanan
28.6537,28.762767983857493,-0.10906798385749283,274215.0,661305.0,Indanan
28.70533,29.247279305101063,-0.5419493051010633,274515.0,661305.0,Indanan
29.38365,29.091172496341652,0.2924775036583469,274815.0,661305.0,Indanan
30.40308,29.19970228356438,1.203377716435618,275115.0,661305.0,Indanan
30.437672,29.787019081600857,0.6506529183991425,275415.0,661305.0,Indanan
29.292292,29.49186499250665,-0.19957299250664917,275715.0,661305.0,Indanan
30.489208,29.743791175114154,0.7454168248858473,276015.0,661305.0,Indanan
29.56264,29.529492840775497,0.03314715922450162,276315.0,661305.0,Indanan
30.756556,30.994913660977016,-0.23835766097701594,276615.0,661305.0,Indanan
30.291334,30.5176581397385,-0.22632413973850163,276915.0,661305.0,Indanan
31.877,30.9624922951119,0.9145077048880985,277215.0,661305.0,Indanan
31.309418,31.288499156013735,0.020918843986265756,277515.0,661305.0,Indanan
30.785404,30.95190834925517,-0.16650434925517033,277815.0,661305.0,Maimbung
31.204712,31.1265043754516,0.07820762454840136,278115.0,661305.0,Maimbung
30.797087,32.068862608910095,-1.2717756089100938,278415.0,661305.0,Maimbung
29.519873,30.556987596795995,-1.0371145967959947,278715.0,661305.0,Maimbung
29.946814,30.848669906008254,-0.9018559060082545,279015.0,661305.0,Maimbung
31.941856,31.860609470471598,0.0812465295284035,279315.0,661305.0,Maimbung
32.335228,31.950680798672526,0.3845472013274751,279615.0,661305.0,Maimbung
33.644505,33.85932587743592,-0.21482087743591904,279915.0,661305.0,Maimbung
34.07752,33.970786843322735,0.10673315667726513,280215.0,661305.0,Maimbung
32.986603,33.91072065179749,-0.9241176517974878,280515.0,661305.0,Maimbung
30.956394,32.14346534005066,-1.187071340050661,280815.0,661305.0,Maimbung
30.810295,31.575508755503737,-0.765213755503737,281115.0,661305.0,Maimbung
30.802137,31.785973935883167,-0.9838369358831685,281415.0,661305.0,Maimbung
30.693958,31.506878736047362,-0.8129207360473636,281715.0,661305.0,Maimbung
30.359005,31.153533650828866,-0.794528650828866,282015.0,661305.0,Talipao
31.937883,32.290033811508245,-0.35215081150824545,282315.0,661305.0,Talipao
32.030987,32.415990324384424,-0.38500332438442086,282615.0,661305.0,Talipao
30.7573,29.46498693939448,1.2923130606055224,282915.0,661305.0,Talipao
30.105906,29.874003254424075,0.23190274557592616,283215.0,661305.0,Talipao
30.07775,31.053626940091128,-0.9758769400911262,283515.0,661305.0,Talipao
31.327639,30.76531576025515,0.5623232397448525,283815.0,661305.0,Talipao
32.073933,30.605345686166817,1.4685873138331793,284115.0,661305.0,Talipao
31.765581,30.631028844572846,1.134552155427155,284415.0,661305.0,Talipao
31.91117,31.85777172712175,0.05339827287824761,284715.0,661305.0,Talipao
31.197887,30.71983891885913,0.47804808114087294,285015.0,661305.0,Talipao
30.824282,30.968904544866643,-0.1446225448666425,285315.0,661305.0,Talipao
30.447033,30.43150884218905,0.015524157810951067,285615.0,661305.0,Talipao
30.977228,32.06717399889326,-1.0899459988932598,285915.0,661305.0,Talipao
31.314848,32.35514324746859,-1.0402952474685883,286215.0,661305.0,Talipao
31.682983,31.40832560895599,0.2746573910440091,286515.0,661305.0,Talipao
33.07927,32.197039921515234,0.882230078484767,286815.0,661305.0,Talipao
34.32737,32.86625591299693,1.4611140870030752,287115.0,661305.0,Talipao
34.292454,33.51132713790873,0.7811268620912699,287415.0,661305.0,Talipao
34.48297,33.493286289334435,0.9896837106655667,287715.0,661305.0,Talipao
35.752865,33.24979286052301,2.5030721394769913,288015.0,661305.0,Talipao
35.045795,33.730585284935955,1.315209715064043,288315.0,661305.0,Talipao
33.44632,31.451263901628714,1.9950560983712862,288615.0,661305.0,Talipao
31.3378,31.64827494755665,-0.3104749475566493,288915.0,661305.0,Talipao
31.627232,32.694821846311974,-1.067589846311975,289215.0,661305.0,Talipao
32.437653,32.70164217129881,-0.2639891712988103,289515.0,661305.0,Talipao
33.584652,32.42214687253352,1.1625051274664813,289815.0,661305.0,Talipao
35.196392,33.02393162263973,2.1724603773602738,290115.0,661305.0,Talipao
32.132217,31.30308592389924,0.829131076100758,290415.0,661305.0,Talipao
33.026733,32.40800333478039,0.618729665219611,290715.0,661305.0,Talipao
33.09681,33.14876337545813,-0.051953375458133166,291015.0,661305.0,Talipao
31.80132,33.633423449332,-1.8321034493319992,291315.0,661305.0,Talipao
31.483355,31.591481663800543,-0.10812666380054381,291615.0,661305.0,Talipao
31.425972,31.311486314180424,0.1144856858195773,291915.0,661305.0,Talipao
31.61697,30.65170963875267,0.9652603612473278,292215.0,661305.0,Talipao
31.851995,31.258514682055043,0.5934803179449553,292515.0,661305.0,Talipao
31.885862,31.111362014852656,0.7744999851473438,292815.0,661305.0,Talipao
32.302086,32.24176236641122,0.06032363358878001,293115.0,661305.0,Talipao
32.14403,32.440741679240055,-0.2967116792400546,293415.0,661305.0,Talipao
31.05437,30.9242527500046,0.1301172499953971,293715.0,661305.0,Talipao
32.673637,31.552283854372632,1.121353145627367,294015.0,661305.0,Talipao
33.588757,32.59242405636322,0.99633294363678,294315.0,661305.0,Talipao
33.05894,31.845950387495485,1.212989612504515,294615.0,661305.0,Talipao
34.16068,32.15131016057687,2.0093698394231296,294915.0,661305.0,Talipao
32.449024,32.13973250269169,0.3092914973083083,295215.0,661305.0,Talipao
32.404728,31.68569151307001,0.719036486929987,295515.0,661305.0,Talipao
32.49012,31.883270226896823,0.6068497731031748,295815.0,661305.0,Talipao
33.30125,32.16611844616509,1.1351315538349098,296115.0,661305.0,Talipao
32.992836,32.17985164580762,0.8129843541923805,296415.0,661305.0,Panglima Estino
32.183628,31.429831462702033,0.7537965372979656,296715.0,661305.0,Panglima Estino
32.4865,31.219302745902947,1.2671972540970522,297015.0,661305.0,Panglima Estino
31.549654,30.971831203117834,0.5778227968821668,297315.0,661305.0,Panglima Estino
31.995964,30.76065845235135,1.2353055476486503,297615.0,661305.0,Panglima Estino
33.205036,31.712083678138644,1.492952321861356,297915.0,661305.0,Panglima Estino
29.925901,29.8195844845167,0.10631651548330012,298215.0,661305.0,Panglima Estino
29.333675,29.137469440259103,0.19620555974089626,298515.0,661305.0,Panglima Estino
33.430202,31.365129486448087,2.0650725135519146,298815.0,661305.0,Panglima Estino
33.569122,31.96917950929264,1.5999424907073596,299115.0,661305.0,Panglima Estino
36.8817,34.635930565996645,2.245769434003357,299415.0,661305.0,Panglima Estino
34.358635,32.480101046004435,1.8785339539955643,299715.0,661305.0,Panglima Estino
34.129803,33.393439301995066,0.7363636980049364,300015.0,661305.0,Panglima Estino
35.106167,32.863866066996415,2.242300933003584,300315.0,661305.0,Panglima Estino
34.966785,34.485963146601655,0.4808218533983464,300615.0,661305.0,Panglima Estino
33.21956,31.824598342639863,1.3949616573601382,300915.0,661305.0,Panglima Estino
34.911896,33.64090145001033,1.2709945499896662,301215.0,661305.0,Panglima Estino
34.212254,33.52533525201015,0.68691874798985,301515.0,661305.0,Old Panamao
32.909157,32.21664076612186,0.6925162338781377,301815.0,661305.0,Old Panamao
35.237457,33.30163310356369,1.935823896436311,302115.0,661305.0,Old Panamao
37.17357,38.06014036918971,-0.8865703691897124,302415.0,661305.0,Old Panamao
33.840565,34.240497958738565,-0.3999329587385674,302715.0,661305.0,Old Panamao
33.078033,32.715581812382034,0.3624511876179639,303015.0,661305.0,Old Panamao
34.586258,33.34466295724899,1.2415950427510083,303315.0,661305.0,Old Panamao
34.09027,33.26064361271782,0.8296263872821754,303615.0,661305.0,Old Panamao
33.627106,32.638579675182356,0.9885263248176415,303915.0,661305.0,Old Panamao
32.72288,32.03804255181162,0.6848374481883823,304215.0,661305.0,Old Panamao
32.841866,32.46935984271129,0.3725061572887114,304515.0,661305.0,Old Panamao
32.627476,32.031326938578026,0.5961490614219755,304815.0,661305.0,Old Panamao
33.154434,31.717944071506253,1.4364899284937493,305115.0,661305.0,Old Panamao
32.171085,31.642728490727176,0.5283565092728217,305415.0,661305.0,Old Panamao
31.587618,31.49879579865663,0.08882220134336904,305715.0,661305.0,Old Panamao
30.385145,30.25234759490836,0.13279740509164029,307515.0,661305.0,Old Panamao
30.285276,29.671383707490897,0.613892292509103,307815.0,661305.0,Old Panamao
31.475327,29.985556450161354,1.4897705498386458,308115.0,661305.0,Old Panamao
32.339325,31.30756040504363,1.0317645949563712,308415.0,661305.0,Luuk
31.945028,30.279933348007457,1.6650946519925434,308715.0,661305.0,Luuk
32.31391,31.83952439057254,0.4743856094274612,309015.0,661305.0,Luuk
33.175354,33.052630267715585,0.12272373228441324,309315.0,661305.0,Luuk
32.014114,31.104115109803672,0.9099988901963272,309615.0,661305.0,Luuk
32.00355,31.410444620653898,0.593105379346099,309915.0,661305.0,Luuk
33.377026,32.71585613210872,0.6611698678912816,310215.0,661305.0,Luuk
33.504517,32.46158753213492,1.0429294678650791,310515.0,661305.0,Luuk
33.223656,32.24912237268959,0.9745336273104073,310815.0,661305.0,Luuk
32.90955,33.04894798242951,-0.1393979824295073,311115.0,661305.0,Luuk
33.623657,31.72544218406669,1.8982148159333114,311415.0,661305.0,Luuk
33.405098,32.83739308865344,0.56770491134656,311715.0,661305.0,Luuk
33.174965,31.884278035575583,1.2906869644244168,312015.0,661305.0,Luuk
33.239616,32.745707422638944,0.4939085773610543,312315.0,661305.0,Luuk
34.35071,32.094348894217,2.256361105783,312615.0,661305.0,Luuk
34.7575,32.23787608546516,2.51962391453484,312915.0,661305.0,Luuk
33.11944,32.646895558182635,0.4725444418173623,313215.0,661305.0,Luuk
33.15301,33.80195507492841,-0.648945074928406,313515.0,661305.0,Luuk
32.644836,32.81920919539577,-0.17437319539577345,313815.0,661305.0,Luuk
33.511436,33.182714821123476,0.32872117887652763,314115.0,661305.0,Luuk
33.27237,32.56035525951573,0.7120147404842712,314415.0,661305.0,Luuk
33.06925,33.05558739398137,0.013662606018627343,314715.0,661305.0,Luuk
34.233475,33.26266395042703,0.9708110495729656,315015.0,661305.0,Luuk
34.694134,33.31415564665566,1.3799783533443417,315315.0,661305.0,Luuk
36.700283,33.58725777972893,3.1130252202710693,315615.0,661305.0,Luuk
34.255962,33.645161741629046,0.6108002583709506,315915.0,661305.0,Omar
34.105106,33.072013809145325,1.0330921908546742,316215.0,661305.0,Omar
34.79204,33.39983301060881,1.392206989391191,316515.0,661305.0,Omar
33.88093,33.971008162930836,-0.09007816293083692,316815.0,661305.0,Omar
34.200565,34.34100778776782,-0.14044278776782448,317115.0,661305.0,Omar
31.919321,33.06498505878966,-1.1456640587896594,317415.0,661305.0,Omar
32.909576,32.59997964652128,0.3095963534787245,317715.0,661305.0,Omar
34.354122,34.47149993338034,-0.11737793338034663,318015.0,661305.0,Omar
35.777264,36.33811613219886,-0.5608521321988604,318315.0,661305.0,Omar
34.121967,34.13065889495715,-0.008691894957152613,318615.0,661305.0,Omar
33.448013,33.37390093260338,0.07411206739662646,318915.0,661305.0,Omar
33.978966,32.73748477837206,1.241481221627943,319215.0,661305.0,Omar
33.85419,32.96678013082699,0.8874098691730126,319515.0,661305.0,Omar
33.338654,32.931358050433666,0.40729594956633264,319815.0,661305.0,Omar
32.380074,32.734157809078404,-0.35408380907840353,320115.0,661305.0,Omar
32.762123,31.901715686018694,0.8604073139813089,320415.0,661305.0,Omar
32.934093,33.28550599774872,-0.35141299774872437,320715.0,661305.0,Omar
30.807533,31.491323945906608,-0.6837909459066083,321015.0,661305.0,Omar
31.660835,31.759657994456795,-0.09882299445679621,321315.0,661305.0,Omar
32.516632,31.736359042059803,0.7802729579401984,321615.0,661305.0,Omar
32.67617,31.481618588548336,1.1945514114516627,321915.0,661305.0,Omar
31.372643,31.21429693097931,0.15834606902069126,322215.0,661305.0,Omar
30.2378,30.535807532763105,-0.2980075327631049,322515.0,661305.0,Omar
29.736984,29.883552327728832,-0.14656832772883277,322815.0,661305.0,Omar
30.33251,31.0964787509128,-0.7639687509128024,323115.0,661305.0,Omar
30.328703,31.89927338865176,-1.5705703886517597,323415.0,661305.0,Omar
31.053371,33.355181198611476,-2.301810198611477,323715.0,661305.0,Omar
31.942608,31.57525727004688,0.36735072995312024,324015.0,661305.0,Omar
31.933527,31.797744485201022,0.1357825147989793,324315.0,661305.0,Omar
32.63766,31.908018029156835,0.7296419708431614,324615.0,661305.0,Omar
32.936234,32.49236389389605,0.44387010610395095,324915.0,661305.0,Omar
34.232464,32.3479823451756,1.8844816548243983,325215.0,661305.0,Omar
36.191853,34.875528689094665,1.3163243109053369,325515.0,661305.0,Omar
32.265163,33.403771183783356,-1.1386081837833544,266415.0,661005.0,Parang
30.687744,33.86775757830136,-3.1800135783013594,266715.0,661005.0,Parang
29.998995,32.63260474892022,-2.6336097489202217,267015.0,661005.0,Parang
30.253355,32.178405156133316,-1.9250501561333166,267315.0,661005.0,Parang
29.345976,32.32367988556151,-2.9777038855615103,267615.0,661005.0,Parang
29.420965,32.66978450045514,-3.248819500455138,267915.0,661005.0,Parang
30.529116,32.90439110810485,-2.375275108104855,268215.0,661005.0,Parang
31.170849,32.527365721153714,-1.3565167211537137,268515.0,661005.0,Parang
31.071447,31.964638566405764,-0.8931915664057648,268815.0,661005.0,Parang
31.08891,32.02134203130966,-0.9324320313096592,269115.0,661005.0,Indanan
31.865213,31.872661512707545,-0.007448512707544097,269415.0,661005.0,Indanan
31.380259,31.635081846624534,-0.2548228466245348,269715.0,661005.0,Indanan
31.160162,31.10261005585009,0.05755194414991038,270015.0,661005.0,Indanan
29.633156,30.80200827719384,-1.1688522771938388,270315.0,661005.0,Indanan
30.458296,31.275552940240825,-0.8172569402408243,270615.0,661005.0,Indanan
28.845325,31.1906391701322,-2.345314170132202,270915.0,661005.0,Indanan
32.32744,30.910743518335806,1.4166964816641965,271215.0,661005.0,Indanan
29.435207,31.384242380899174,-1.9490353808991756,271515.0,661005.0,Indanan
28.78091,30.80345733866365,-2.022547338663653,271815.0,661005.0,Indanan
29.37489,30.911228976471122,-1.5363389764711215,272115.0,661005.0,Indanan
30.384916,30.14414649657694,0.24076950342305992,272415.0,661005.0,Indanan
30.555931,30.931598096100174,-0.3756670961001731,272715.0,661005.0,Indanan
29.398712,30.43769506994005,-1.038983069940052,273015.0,661005.0,Indanan
29.889,30.547126066611323,-0.6581260666113238,273315.0,661005.0,Indanan
30.09326,31.45007640489072,-1.3568164048907185,273615.0,661005.0,Indanan
28.912172,29.866988395639883,-0.954816395639881,273915.0,661005.0,Indanan
28.646215,30.31653613447047,-1.6703211344704698,274215.0,661005.0,Indanan
29.001072,29.77546975942405,-0.7743977594240476,274515.0,661005.0,Indanan
29.67677,30.223425224002344,-0.5466552240023432,274815.0,661005.0,Indanan
30.480465,30.528269494306752,-0.04780449430675304,275115.0,661005.0,Indanan
30.87487,30.638306980217042,0.23656301978295957,275415.0,661005.0,Indanan
30.800606,30.43828181685315,0.3623241831468498,275715.0,661005.0,Indanan
30.12575,30.529444014224104,-0.40369401422410434,276015.0,661005.0,Indanan
30.235268,29.914607616932813,0.3206603830671888,276315.0,661005.0,Indanan
30.778774,30.7197354127575,0.05903858724249744,276615.0,661005.0,Indanan
32.359814,31.39454367449488,0.96527032550512,276915.0,661005.0,Indanan
31.073633,31.653064735535647,-0.5794317355356462,277215.0,661005.0,Indanan
31.16394,31.435357065642236,-0.2714170656422361,277515.0,661005.0,Maimbung
30.440773,30.97422283610411,-0.5334498361041113,277815.0,661005.0,Maimbung
30.953129,31.542473745989145,-0.5893447459891448,278115.0,661005.0,Maimbung
31.506838,31.212623929328906,0.2942140706710923,278415.0,661005.0,Maimbung
31.4336,31.803303429229175,-0.3697034292291761,278715.0,661005.0,Maimbung
30.559507,31.971961071878244,-1.4124540718782441,279015.0,661005.0,Maimbung
29.550993,31.400717675740783,-1.8497246757407844,279315.0,661005.0,Maimbung
31.197186,31.685423330792087,-0.48823733079208864,279615.0,661005.0,Maimbung
33.729023,32.51045366972861,1.2185693302713858,279915.0,661005.0,Maimbung
33.18699,32.89224690923082,0.29474309076918104,280215.0,661005.0,Maimbung
33.506004,33.35896538142133,0.1470386185786694,280515.0,661005.0,Maimbung
31.925554,32.1155811561771,-0.19002715617709853,280815.0,661005.0,Maimbung
30.817944,32.29351998251291,-1.475575982512911,281115.0,661005.0,Maimbung
30.224962,31.9071988107084,-1.6822368107083996,281415.0,661005.0,Maimbung
29.451412,31.16097184716592,-1.7095598471659201,281715.0,661005.0,Maimbung
30.678984,31.41192520057367,-0.73294120057367,282015.0,661005.0,Talipao
32.923424,31.230282841887988,1.6931411581120095,282315.0,661005.0,Talipao
30.55612,31.51005825563672,-0.9539382556367215,282615.0,661005.0,Talipao
30.295746,30.715828268220722,-0.42008226822072103,282915.0,661005.0,Talipao
31.134422,30.65982519292096,0.47459680707904184,283215.0,661005.0,Talipao
31.9344,31.329232218561913,0.6051677814380874,283515.0,661005.0,Talipao
30.602491,31.05388169335006,-0.45139069335006,283815.0,661005.0,Talipao
30.870094,31.315322103811955,-0.445228103811953,284115.0,661005.0,Talipao
31.238285,31.016771680808834,0.22151331919116757,284415.0,661005.0,Talipao
31.448854,31.34774269721477,0.10111130278523106,284715.0,661005.0,Talipao
31.378138,30.892918016837093,0.4852199831629065,285015.0,661005.0,Talipao
32.856255,30.88485446463106,1.971400535368936,285315.0,661005.0,Talipao
32.642605,30.956402894424052,1.6862021055759513,285615.0,661005.0,Talipao
32.558235,31.33714545301078,1.221089546989223,285915.0,661005.0,Talipao
31.484648,30.984674094532743,0.4999739054672574,286215.0,661005.0,Talipao
32.42236,32.01929387944781,0.4030661205521895,286515.0,661005.0,Talipao
34.724487,34.18216707752917,0.5423199224708313,286815.0,661005.0,Talipao
34.564693,33.97229886708337,0.5923941329166311,287115.0,661005.0,Talipao
35.02208,33.37188184523863,1.6501981547613696,287415.0,661005.0,Talipao
35.090633,33.15595205445852,1.93468094554148,287715.0,661005.0,Talipao
33.11424,31.287995682675792,1.8262443173242104,288015.0,661005.0,Talipao
34.16098,34.588377794052754,-0.4273977940527516,288315.0,661005.0,Talipao
33.838608,33.07701471616017,0.7615932838398294,288615.0,661005.0,Talipao
34.194096,33.58208293569136,0.6120130643086412,288915.0,661005.0,Talipao
31.824787,32.67901726620092,-0.854230266200922,289215.0,661005.0,Talipao
33.995617,33.06910956505594,0.9265074349440638,289515.0,661005.0,Talipao
36.151363,34.02960531401205,2.1217576859879514,289815.0,661005.0,Talipao
35.898273,33.48876729453464,2.4095057054653637,290115.0,661005.0,Talipao
32.83661,33.50780012804924,-0.6711901280492398,290415.0,661005.0,Talipao
33.481926,31.651597276651852,1.8303287233481491,290715.0,661005.0,Talipao
32.298065,31.481042118009512,0.8170228819904892,291015.0,661005.0,Talipao
33.77553,34.62682093258047,-0.8512909325804685,291315.0,661005.0,Talipao
32.9306,32.670139278091234,0.260460721908764,291615.0,661005.0,Talipao
32.708473,32.11395958536868,0.5945134146313151,291915.0,661005.0,Talipao
32.622135,31.519585783123294,1.1025492168767066,292215.0,661005.0,Talipao
30.677458,31.424353357669276,-0.7468953576692741,292515.0,661005.0,Talipao
32.031242,31.650764994882064,0.38047700511793536,292815.0,661005.0,Talipao
31.817873,31.66120311392965,0.15666988607035037,293115.0,661005.0,Talipao
32.035164,31.62735248851417,0.40781151148583206,293415.0,661005.0,Talipao
31.922606,31.108573491618664,0.8140325083813345,293715.0,661005.0,Talipao
33.034912,32.70432279915467,0.3305892008453313,294015.0,661005.0,Talipao
32.8215,30.877175906015445,1.9443240939845552,294315.0,661005.0,Talipao
35.12694,33.90558856566644,1.221351434333556,294615.0,661005.0,Talipao
33.544445,31.942700218137606,1.601744781862397,294915.0,661005.0,Talipao
32.753002,31.7217752865352,1.0312267134648039,295215.0,661005.0,Talipao
32.232964,32.424554923678684,-0.1915909236786817,295515.0,661005.0,Talipao
32.243565,32.555415749669514,-0.3118507496695173,295815.0,661005.0,Talipao
33.379826,33.03758597088047,0.3422400291195302,296115.0,661005.0,Talipao
33.984844,33.19468893056291,0.7901550694370911,296415.0,661005.0,Panglima Estino
32.965874,33.10296070591529,-0.13708670591528715,296715.0,661005.0,Panglima Estino
33.562054,32.23999011116664,1.3220638888333625,297015.0,661005.0,Panglima Estino
33.00726,30.856793440554064,2.1504665594459382,297315.0,661005.0,Panglima Estino
33.872383,32.3960001463125,1.4763828536874968,297615.0,661005.0,Panglima Estino
32.159496,30.08154882460456,2.077947175395437,297915.0,661005.0,Panglima Estino
30.39664,30.357358128035855,0.03928187196414612,298215.0,661005.0,Panglima Estino
31.437025,30.969864045110025,0.4671609548899731,298515.0,661005.0,Panglima Estino
33.452553,31.478098015327376,1.9744549846726258,298815.0,661005.0,Panglima Estino
35.46472,33.569854900926885,1.8948650990731153,299115.0,661005.0,Panglima Estino
35.078266,34.31912709593965,0.7591389040603502,299415.0,661005.0,Panglima Estino
34.287575,33.08550054548402,1.20207445451598,299715.0,661005.0,Panglima Estino
34.869827,33.72625215863634,1.1435748413636588,300015.0,661005.0,Panglima Estino
34.679115,33.06341560955596,1.6156993904440426,300315.0,661005.0,Panglima Estino
33.158314,32.31390863914594,0.8444053608540543,300615.0,661005.0,Panglima Estino
33.122356,32.40509959770557,0.7172564022944314,300915.0,661005.0,Panglima Estino
32.8166,32.921770538807365,-0.10517053880736427,301215.0,661005.0,Panglima Estino
34.33328,33.84415443925023,0.48912556074976976,301515.0,661005.0,Old Panamao
34.3003,33.78090437509498,0.5193956249050231,301815.0,661005.0,Old Panamao
34.321613,33.392039959335165,0.9295730406648346,302115.0,661005.0,Old Panamao
34.056465,33.13248391511824,0.9239810848817598,302415.0,661005.0,Old Panamao
34.361374,33.30514966578534,1.0562243342146544,302715.0,661005.0,Old Panamao
33.765896,32.66277315175385,1.1031228482461444,303015.0,661005.0,Old Panamao
33.658855,32.68341593402567,0.975439065974335,303315.0,661005.0,Old Panamao
32.974842,32.596547542484856,0.3782944575151461,303615.0,661005.0,Old Panamao
33.356285,32.27215760424638,1.0841273957536188,303915.0,661005.0,Old Panamao
32.82975,32.42713604794896,0.4026139520510341,304215.0,661005.0,Old Panamao
32.809853,32.33181678079324,0.4780362192067571,304515.0,661005.0,Old Panamao
32.493027,32.258846168262316,0.23418083173768167,304815.0,661005.0,Old Panamao
31.924065,31.677999912680143,0.246065087319856,305115.0,661005.0,Old Panamao
31.54799,31.832819075036138,-0.2848290750361393,305415.0,661005.0,Old Panamao
31.746826,31.429365925610483,0.3174600743895155,305715.0,661005.0,Old Panamao
30.266426,29.48689471417774,0.7795312858222587,307515.0,661005.0,Old Panamao
30.88006,29.65538126075723,1.2246787392427692,307815.0,661005.0,Old Panamao
31.311008,31.068611763577398,0.24239623642260355,308115.0,661005.0,Luuk
31.364653,30.514266142459014,0.8503868575409861,308415.0,661005.0,Luuk
31.701786,30.387055448760268,1.3147305512397303,308715.0,661005.0,Luuk
32.06404,30.683441810117824,1.3805981898821749,309015.0,661005.0,Luuk
33.810913,32.64573526530835,1.165177734691646,309315.0,661005.0,Luuk
32.53438,31.72921103106391,0.805168968936087,309615.0,661005.0,Luuk
33.239754,33.05711090248164,0.1826430975183584,309915.0,661005.0,Luuk
33.523563,32.67432537155239,0.8492376284476109,310215.0,661005.0,Luuk
32.389664,31.81511947286117,0.5745445271388334,310515.0,661005.0,Luuk
32.839874,31.58926795582765,1.2506060441723506,311115.0,661005.0,Luuk
33.21597,32.76926953372531,0.4467004662746916,311415.0,661005.0,Luuk
33.81908,33.00788311232762,0.8111968876723807,311715.0,661005.0,Luuk
33.07323,32.62826732569996,0.44496267430004366,312015.0,661005.0,Luuk
33.006847,31.86821372089342,1.1386332791065819,312315.0,661005.0,Luuk
32.283314,31.90384051286065,0.3794734871393466,312615.0,661005.0,Luuk
32.40789,32.22714076861469,0.18074923138531318,312915.0,661005.0,Luuk
32.900726,32.59705788374663,0.30366811625336965,313215.0,661005.0,Luuk
32.262516,32.726561881123665,-0.46404588112366696,313515.0,661005.0,Luuk
33.469616,32.86946339174751,0.6001526082524933,313815.0,661005.0,Luuk
33.062614,32.40184913881727,0.6607648611827344,314115.0,661005.0,Luuk
33.198925,33.16189320036818,0.03703179963181924,314415.0,661005.0,Luuk
33.26365,33.63797541012237,-0.3743254101223741,314715.0,661005.0,Luuk
34.419575,32.6535034268097,1.7660715731903025,315015.0,661005.0,Luuk
35.49648,35.6521977923181,-0.15571779231810012,315315.0,661005.0,Luuk
33.71683,33.1136217571759,0.6032082428241026,315615.0,661005.0,Luuk
33.65477,32.42403951272488,1.2307304872751175,315915.0,661005.0,Omar
34.093666,32.72040732722806,1.3732586727719394,316215.0,661005.0,Omar
33.29962,32.68273113407801,0.616888865921986,316515.0,661005.0,Omar
33.958687,33.32184368625694,0.6368433137430571,316815.0,661005.0,Omar
33.745472,32.99364909211733,0.7518229078826693,317115.0,661005.0,Omar
32.3456,33.319154743904264,-0.9735547439042662,317415.0,661005.0,Omar
34.695446,35.88992250730585,-1.1944765073058505,317715.0,661005.0,Omar
33.114063,32.916120433240195,0.19794256675980648,318015.0,661005.0,Omar
34.89925,34.56025610166013,0.33899389833987215,318315.0,661005.0,Omar
35.07547,34.79518370878001,0.28028629121999415,318615.0,661005.0,Omar
33.63924,32.12680640562142,1.512433594378578,318915.0,661005.0,Omar
34.01282,33.147958410226266,0.8648615897737315,319215.0,661005.0,Omar
32.930626,33.15787187862665,-0.22724587862665402,319515.0,661005.0,Omar
32.35376,32.88339280989226,-0.5296328098922558,319815.0,661005.0,Omar
32.51241,31.9438833939305,0.5685266060695042,320115.0,661005.0,Omar
31.659588,32.08416414209361,-0.4245761420936134,320415.0,661005.0,Omar
31.881142,33.17126682931002,-1.2901248293100203,320715.0,661005.0,Omar
32.734806,32.00947698637533,0.7253290136246662,321015.0,661005.0,Omar
31.873272,31.32078019644517,0.5524918035548296,321315.0,661005.0,Omar
32.116623,30.780642713933375,1.3359802860666221,321615.0,661005.0,Omar
31.499718,29.733711958923305,1.7660060410766967,321915.0,661005.0,Omar
30.679003,30.7986617509924,-0.11965875099240009,322215.0,661005.0,Omar
30.255636,29.79782990211389,0.4578060978861096,322515.0,661005.0,Omar
28.792606,29.610331244383275,-0.8177252443832757,322815.0,661005.0,Omar
28.828415,29.73558039329973,-0.9071653932997314,323115.0,661005.0,Omar
29.433298,30.177556900443392,-0.7442589004433913,323415.0,661005.0,Omar
30.956436,31.81397666589883,-0.8575406658988314,323715.0,661005.0,Omar
32.144165,33.65037684151064,-1.5062118415106411,324015.0,661005.0,Omar
31.986284,32.00020565763923,-0.013921657639226481,324315.0,661005.0,Omar
32.863987,32.47708045107182,0.3869065489281809,324615.0,661005.0,Omar
33.040184,32.68069358200965,0.35949041799035086,324915.0,661005.0,Omar
33.759518,33.289799011106055,0.4697189888939448,325215.0,661005.0,Omar
34.55312,33.14332545346632,1.409794546533682,325515.0,661005.0,Omar
31.844204,33.52341218694639,-1.6792081869463864,266115.0,660705.0,Parang
30.740343,33.15889987443641,-2.4185568744364083,266415.0,660705.0,Parang
30.591652,33.41315871979842,-2.8215067197984176,266715.0,660705.0,Parang
29.68782,31.825292528710296,-2.1374725287102976,267015.0,660705.0,Parang
29.611193,32.13693722397399,-2.5257442239739873,267315.0,660705.0,Parang
31.208136,33.435461476633385,-2.2273254766333856,267615.0,660705.0,Parang
30.760334,32.62202599484163,-1.8616919948416282,267915.0,660705.0,Parang
30.75631,32.71909092562825,-1.9627809256282518,268215.0,660705.0,Parang
29.91095,31.95708121343392,-2.0461312134339202,268515.0,660705.0,Parang
30.433079,31.800335057512104,-1.3672560575121047,268815.0,660705.0,Parang
30.217731,32.169621899950165,-1.9518908999501647,269115.0,660705.0,Parang
29.822086,31.807734499776895,-1.9856484997768966,269415.0,660705.0,Indanan
31.311775,31.31517556354393,-0.0034005635439307014,269715.0,660705.0,Indanan
30.334011,30.676156428589092,-0.3421454285890917,270015.0,660705.0,Indanan
29.401218,30.48999888127649,-1.0887808812764916,270315.0,660705.0,Indanan
29.202932,30.958544846790133,-1.7556128467901324,270615.0,660705.0,Indanan
28.580198,30.908492571430052,-2.328294571430053,270915.0,660705.0,Indanan
30.056553,31.725324037715573,-1.6687710377155724,271215.0,660705.0,Indanan
28.266142,30.34512666840571,-2.078984668405713,271515.0,660705.0,Indanan
29.284712,31.534710919747685,-2.2499989197476857,271815.0,660705.0,Indanan
31.070158,32.25011393129825,-1.1799559312982524,272115.0,660705.0,Indanan
29.90362,32.06871382025114,-2.1650938202511405,272415.0,660705.0,Indanan
30.111456,31.552991665479382,-1.4415356654793818,272715.0,660705.0,Indanan
32.874565,34.2103413322703,-1.3357763322703065,273015.0,660705.0,Indanan
30.83417,30.865843657676162,-0.03167365767616204,273315.0,660705.0,Indanan
31.090595,32.75753147021257,-1.666936470212569,273615.0,660705.0,Indanan
29.610392,30.469789550705645,-0.8593975507056442,273915.0,660705.0,Indanan
29.484196,30.632270749881652,-1.1480747498816513,274215.0,660705.0,Indanan
30.730335,30.830127243886945,-0.09979224388694519,274515.0,660705.0,Indanan
30.977663,30.273839981896476,0.7038230181035239,274815.0,660705.0,Indanan
32.549416,31.978126556879058,0.5712894431209428,275115.0,660705.0,Indanan
30.916723,30.650279153514987,0.2664438464850143,275415.0,660705.0,Indanan
31.61842,32.119779444971634,-0.5013594449716336,275715.0,660705.0,Indanan
31.0252,30.88800184828314,0.13719815171686278,276015.0,660705.0,Indanan
33.58056,32.600292081374356,0.9802679186256427,276315.0,660705.0,Indanan
31.124653,31.545985207032682,-0.4213322070326839,276615.0,660705.0,Indanan
31.164835,32.03527241151,-0.8704374115100002,276915.0,660705.0,Indanan
30.760695,31.290891739192148,-0.5301967391921494,277215.0,660705.0,Indanan
31.835514,31.377888462058014,0.45762553794198624,277515.0,660705.0,Maimbung
31.77228,31.264949796208406,0.507330203791593,277815.0,660705.0,Maimbung
31.63527,31.4240904141408,0.21117958585919894,278115.0,660705.0,Maimbung
31.464592,31.310985803137456,0.15360619686254395,278415.0,660705.0,Maimbung
30.505537,30.968864764217184,-0.46332776421718336,278715.0,660705.0,Maimbung
30.717669,31.49860515749353,-0.7809361574935281,279015.0,660705.0,Maimbung
30.992609,31.549145543461282,-0.5565365434612808,279315.0,660705.0,Maimbung
31.938858,31.91486630021687,0.023991699783127984,279615.0,660705.0,Maimbung
33.956703,32.764779157771535,1.1919238422284621,279915.0,660705.0,Maimbung
33.810886,32.3183141189624,1.4925718810376054,280215.0,660705.0,Maimbung
33.156685,33.0724667614622,0.08421823853780097,280515.0,660705.0,Maimbung
31.480165,32.00753323066434,-0.5273682306643437,280815.0,660705.0,Maimbung
30.450802,32.038234589315735,-1.5874325893157355,281115.0,660705.0,Maimbung
30.327967,31.517417652704253,-1.1894506527042523,281415.0,660705.0,Maimbung
29.87967,31.826219992486156,-1.9465499924861547,281715.0,660705.0,Maimbung
30.77796,33.780785805523095,-3.002825805523095,282015.0,660705.0,Talipao
30.196959,31.4002414220453,-1.2032824220453016,282315.0,660705.0,Talipao
29.398838,30.715266763774498,-1.3164287637744962,282615.0,660705.0,Talipao
29.921497,30.99245823311325,-1.0709612331132519,282915.0,660705.0,Talipao
31.427393,31.746674024323596,-0.3192810243235975,283215.0,660705.0,Talipao
31.84523,31.34485544134847,0.5003745586515294,283515.0,660705.0,Talipao
30.99421,30.57777415220814,0.4164358477918597,283815.0,660705.0,Talipao
30.520973,31.533293759154297,-1.0123207591542958,284115.0,660705.0,Talipao
30.98061,31.496614279121342,-0.5160042791213435,284415.0,660705.0,Talipao
31.016905,30.85252785688132,0.16437714311868135,284715.0,660705.0,Talipao
32.01844,31.358187886053447,0.6602521139465516,285015.0,660705.0,Talipao
33.208313,30.968186177364263,2.240126822635734,285315.0,660705.0,Talipao
33.05681,33.00851460577234,0.04829539422765805,285615.0,660705.0,Talipao
30.90922,31.502282170697526,-0.5930621706975252,285915.0,660705.0,Talipao
31.460058,32.27859218403357,-0.8185341840335703,286215.0,660705.0,Talipao
31.019747,31.133117289032032,-0.11337028903203361,286515.0,660705.0,Talipao
32.400414,32.77917491738655,-0.3787609173865505,286815.0,660705.0,Talipao
33.661556,33.286614143879184,0.3749418561208131,287115.0,660705.0,Talipao
34.63218,32.69090777094887,1.9412722290511297,287415.0,660705.0,Talipao
32.42988,30.677570229196224,1.7523097708037731,287715.0,660705.0,Talipao
34.17677,30.971757969993188,3.2050120300068095,288015.0,660705.0,Talipao
31.416067,31.278926871055024,0.13714012894497785,288315.0,660705.0,Talipao
32.6069,32.72660859536879,-0.11970859536878464,288615.0,660705.0,Talipao
34.084774,32.597315736164745,1.4874582638352578,288915.0,660705.0,Talipao
33.910725,32.12022502947282,1.7904999705271791,289215.0,660705.0,Talipao
35.246075,32.97404008878351,2.272034911216487,289515.0,660705.0,Talipao
34.31306,34.17647886509533,0.1365811349046666,289815.0,660705.0,Talipao
34.3067,32.721184786690316,1.5855152133096837,290115.0,660705.0,Talipao
35.03256,33.75512896084716,1.2774310391528374,290415.0,660705.0,Talipao
33.680313,33.98906935294593,-0.3087563529459345,290715.0,660705.0,Talipao
31.266575,31.498426747647713,-0.23185174764771332,291015.0,660705.0,Talipao
33.67028,32.52460062149189,1.145679378508106,291315.0,660705.0,Talipao
34.550076,36.6075006756406,-2.057424675640604,291615.0,660705.0,Talipao
32.608475,31.737867417973955,0.870607582026043,291915.0,660705.0,Talipao
33.303192,33.39600825493364,-0.09281625493363777,292215.0,660705.0,Talipao
31.349741,32.11256714742317,-0.7628261474231692,292515.0,660705.0,Talipao
32.23073,32.29970178420178,-0.06897178420177852,292815.0,660705.0,Talipao
33.033318,33.1376973811833,-0.10437938118329981,293115.0,660705.0,Talipao
32.18984,31.704749663623275,0.4850903363767216,293415.0,660705.0,Talipao
32.533657,33.40196396032085,-0.8683069603208509,293715.0,660705.0,Talipao
33.384182,31.462131010172527,1.9220509898274756,294015.0,660705.0,Talipao
34.727222,32.481815017744275,2.245406982255723,294315.0,660705.0,Talipao
34.11911,32.4550324396815,1.6640775603184963,294615.0,660705.0,Talipao
33.65802,32.353915899966324,1.3041041000336762,294915.0,660705.0,Talipao
32.42289,31.80672385568422,0.616166144315784,295215.0,660705.0,Talipao
32.20143,31.708246661099203,0.49318333890079913,295515.0,660705.0,Talipao
33.236416,32.7821830674001,0.4542329325999006,295815.0,660705.0,Talipao
35.164436,34.483630822417076,0.6808051775829256,296115.0,660705.0,Talipao
34.928097,34.30974504666113,0.6183519533388733,296415.0,660705.0,Panglima Estino
33.47414,32.08690144694786,1.3872385530521356,296715.0,660705.0,Panglima Estino
30.81306,29.6691740484647,1.1438859515352995,297015.0,660705.0,Panglima Estino
30.964357,30.377796758869714,0.5865602411302859,297315.0,660705.0,Panglima Estino
31.14591,30.312968390879924,0.832941609120077,297615.0,660705.0,Panglima Estino
32.37689,30.283044218199194,2.093845781800809,297915.0,660705.0,Panglima Estino
31.561644,31.60187861573147,-0.04023461573146747,298215.0,660705.0,Panglima Estino
31.95464,32.35178620902556,-0.39714620902556064,298515.0,660705.0,Panglima Estino
32.572292,32.14853706400846,0.42375493599153913,298815.0,660705.0,Panglima Estino
35.11767,33.885508115952504,1.2321618840474926,299115.0,660705.0,Panglima Estino
34.651302,34.69314237973138,-0.041840379731375776,299415.0,660705.0,Panglima Estino
33.573704,33.45528192158982,0.11842207841017682,299715.0,660705.0,Panglima Estino
35.072887,33.72842214261449,1.3444648573855105,300015.0,660705.0,Panglima Estino
34.05973,32.45745899201121,1.60227100798879,300315.0,660705.0,Panglima Estino
33.996487,33.30306003637932,0.6934269636206807,300615.0,660705.0,Panglima Estino
32.63061,32.89522884920606,-0.26461884920606593,300915.0,660705.0,Panglima Estino
32.27588,33.03573523266902,-0.7598552326690182,301215.0,660705.0,Old Panamao
32.461277,32.85206462264193,-0.39078762264193045,301515.0,660705.0,Old Panamao
32.44777,32.39846381560159,0.049306184398410835,301815.0,660705.0,Old Panamao
33.906837,33.233958972938005,0.6728780270619978,302115.0,660705.0,Old Panamao
33.39327,32.57218549894801,0.8210845010519918,302415.0,660705.0,Old Panamao
35.157616,33.18964349384731,1.9679725061526838,302715.0,660705.0,Old Panamao
32.905712,32.95219452900548,-0.046482529005480444,303015.0,660705.0,Old Panamao
33.373066,33.180449775640966,0.19261622435903547,303315.0,660705.0,Old Panamao
33.47147,32.42606260616897,1.0454073938310273,303615.0,660705.0,Old Panamao
34.109135,31.993730166796592,2.11540483320341,303915.0,660705.0,Old Panamao
34.169662,33.34632476957627,0.8233372304237321,304215.0,660705.0,Old Panamao
33.811226,32.75841927097972,1.0528067290202756,304515.0,660705.0,Old Panamao
34.151707,32.74667928672618,1.4050277132738245,304815.0,660705.0,Old Panamao
30.86047,30.93758629092445,-0.07711629092445094,305715.0,660705.0,Old Panamao
31.221273,31.28504841631337,-0.06377541631336925,307515.0,660705.0,Old Panamao
30.605083,30.830591501868238,-0.22550850186823723,307815.0,660705.0,Old Panamao
31.775755,31.227573661233873,0.5481813387661276,308115.0,660705.0,Luuk
31.979347,31.52339391857888,0.45595308142112145,308415.0,660705.0,Luuk
32.11558,30.070626756306847,2.044953243693154,308715.0,660705.0,Luuk
31.862698,31.009211973640785,0.8534860263592172,309015.0,660705.0,Luuk
32.042465,31.398641994427056,0.6438230055729441,309315.0,660705.0,Luuk
33.172737,33.39597709090402,-0.22324009090402086,309615.0,660705.0,Luuk
33.556847,35.40757551738719,-1.8507285173871892,309915.0,660705.0,Luuk
33.50699,31.460080101830364,2.0469098981696376,310215.0,660705.0,Luuk
33.63232,32.97863611251745,0.6536838874825506,310515.0,660705.0,Luuk
33.49099,32.63655162368158,0.85443837631842,311115.0,660705.0,Luuk
32.970173,32.45578049301163,0.5143925069883721,311415.0,660705.0,Luuk
32.838627,32.539462757101276,0.29916424289872623,311715.0,660705.0,Luuk
33.00321,32.150985439047396,0.8522245609526067,312015.0,660705.0,Luuk
33.440468,32.67838609546177,0.7620819045382348,312315.0,660705.0,Luuk
33.051483,32.17916790754972,0.8723150924502789,312615.0,660705.0,Luuk
33.373863,32.970278500161655,0.4035844998383453,312915.0,660705.0,Luuk
33.572487,33.25397553267956,0.318511467320441,313215.0,660705.0,Luuk
32.803806,33.33247465860125,-0.5286686586012479,313515.0,660705.0,Luuk
32.199085,32.564370934389395,-0.36528593438939794,313815.0,660705.0,Luuk
32.71547,33.0107425979247,-0.2952725979246935,314115.0,660705.0,Luuk
33.471256,32.90523910606032,0.5660168939396755,314415.0,660705.0,Luuk
32.949085,32.66864583369884,0.2804391663011572,314715.0,660705.0,Luuk
32.05999,32.74332551643379,-0.6833355164337931,315015.0,660705.0,Luuk
32.181778,32.72809115517797,-0.5463131551779696,315315.0,660705.0,Luuk
32.64156,33.1543450835179,-0.5127850835179046,315615.0,660705.0,Luuk
33.847748,32.617744718664206,1.2300032813357973,315915.0,660705.0,Omar
33.472908,32.13188438263998,1.3410236173600154,316215.0,660705.0,Omar
32.47203,32.36533232953705,0.10669767046294965,316515.0,660705.0,Omar
32.75297,32.79012789846376,-0.03715789846376083,316815.0,660705.0,Omar
32.610733,33.43886404657253,-0.8281310465725298,317115.0,660705.0,Omar
33.23913,33.24639394648272,-0.0072639464827162215,317415.0,660705.0,Omar
32.04947,33.01141881368059,-0.9619488136805927,317715.0,660705.0,Omar
34.802734,33.891251962471436,0.9114820375285646,318015.0,660705.0,Omar
33.60382,32.76620275418795,0.8376172458120479,318315.0,660705.0,Omar
33.241493,33.02606765350892,0.21542534649108092,318615.0,660705.0,Omar
34.30859,34.55023033560049,-0.24164033560048637,318915.0,660705.0,Omar
32.582844,32.097918714964976,0.4849252850350254,319215.0,660705.0,Omar
33.93576,33.34331876765256,0.59244123234744,319515.0,660705.0,Omar
33.013664,32.801065752170416,0.21259824782958248,319815.0,660705.0,Omar
32.799206,32.55961407930335,0.2395919206966468,320115.0,660705.0,Omar
32.023705,32.17340122299027,-0.14969622299027208,320415.0,660705.0,Omar
32.380726,31.450342265166665,0.9303837348333381,320715.0,660705.0,Omar
32.378834,31.750114564530598,0.6287194354693995,321015.0,660705.0,Omar
32.495922,31.407841622508027,1.0880803774919734,321315.0,660705.0,Omar
31.99162,31.020459782438245,0.9711602175617564,321615.0,660705.0,Omar
32.18614,30.6237521603938,1.5623878396062025,321915.0,660705.0,Omar
31.71796,29.78709756865184,1.9308624313481602,322215.0,660705.0,Omar
30.933353,29.76920436625285,1.1641486337471498,322515.0,660705.0,Omar
29.968924,29.8909190498342,0.078004950165802,322815.0,660705.0,Omar
29.179173,30.11912383674346,-0.9399508367434599,323115.0,660705.0,Omar
29.011724,30.536228274155274,-1.524504274155273,323415.0,660705.0,Omar
29.189781,30.874617322685097,-1.684836322685097,323715.0,660705.0,Omar
30.987293,30.842102595845112,0.1451904041548886,324015.0,660705.0,Omar
32.066254,31.5213362247701,0.5449177752299015,324315.0,660705.0,Omar
32.47525,31.667941410183587,0.8073085898164152,324615.0,660705.0,Omar
32.182102,32.19201724028808,-0.00991524028808044,324915.0,660705.0,Omar
33.891636,33.2113703337285,0.6802656662714952,325215.0,660705.0,Omar
36.358696,36.657000819389495,-0.29830481938949305,325515.0,660705.0,Omar
31.942858,34.03093804337192,-2.0880800433719173,266115.0,660405.0,Parang
30.99877,33.239906315009584,-2.2411363150095838,266415.0,660405.0,Parang
30.710245,33.08600651616672,-2.375761516166719,266715.0,660405.0,Parang
29.392342,30.564348007881506,-1.1720060078815067,267015.0,660405.0,Parang
29.663397,34.05369840394433,-4.390301403944331,267315.0,660405.0,Parang
30.868847,31.898766597743574,-1.029919597743575,267615.0,660405.0,Parang
30.09838,33.23617961145356,-3.137799611453559,267915.0,660405.0,Parang
29.600561,32.02642674960903,-2.425865749609031,268215.0,660405.0,Parang
29.858025,32.69977696251303,-2.841751962513026,268515.0,660405.0,Parang
30.910362,31.96256237154637,-1.0522003715463697,268815.0,660405.0,Parang
31.199354,32.28951854470451,-1.090164544704507,269115.0,660405.0,Parang
29.521933,31.27318361750866,-1.75125061750866,269415.0,660405.0,Indanan
30.011436,31.392584676888884,-1.381148676888884,269715.0,660405.0,Indanan
30.516302,30.92841178716094,-0.41210978716094004,270015.0,660405.0,Indanan
29.745838,31.43131955251924,-1.6854815525192421,270315.0,660405.0,Indanan
28.998991,31.125350342654126,-2.1263593426541263,270615.0,660405.0,Indanan
28.49372,31.646007577930654,-3.152287577930654,270915.0,660405.0,Indanan
29.628113,31.00052018835894,-1.3724071883589417,271215.0,660405.0,Indanan
29.927567,30.906648904188152,-0.9790819041881527,271515.0,660405.0,Indanan
29.51939,31.58412065584183,-2.064730655841828,271815.0,660405.0,Indanan
29.447813,30.47612253535597,-1.0283095353559695,272115.0,660405.0,Indanan
30.7086,32.3699689714247,-1.6613689714246966,272415.0,660405.0,Indanan
29.243523,30.363808667652258,-1.120285667652258,272715.0,660405.0,Indanan
30.145092,30.80971064356728,-0.6646186435672767,273015.0,660405.0,Indanan
30.083622,30.343168002334362,-0.2595460023343641,273315.0,660405.0,Indanan
29.093866,30.99836630957144,-1.9045003095714428,273615.0,660405.0,Indanan
29.0601,30.571607469168605,-1.5115074691686061,273915.0,660405.0,Indanan
30.023567,30.71706060485014,-0.6934936048501399,274215.0,660405.0,Indanan
31.350344,31.862356039091416,-0.5120120390914167,274515.0,660405.0,Indanan
33.156277,31.75635910963741,1.3999178903625946,274815.0,660405.0,Indanan
32.26552,31.03241013527768,1.2331098647223229,275115.0,660405.0,Indanan
31.618017,30.994917077296428,0.6230999227035703,275415.0,660405.0,Indanan
29.961945,30.463143150496087,-0.5011981504960872,275715.0,660405.0,Indanan
31.75156,31.30752897105965,0.4440310289403513,276015.0,660405.0,Indanan
32.802406,32.186564523684766,0.6158414763152322,276315.0,660405.0,Indanan
31.837255,31.155731495174752,0.6815235048252468,276615.0,660405.0,Indanan
31.400833,31.52325500311545,-0.12242200311545304,276915.0,660405.0,Indanan
31.187395,31.314905376750904,-0.12751037675090515,277215.0,660405.0,Indanan
31.52775,32.11377717865361,-0.5860271786536124,277515.0,660405.0,Maimbung
31.838688,30.947694140993434,0.8909938590065671,277815.0,660405.0,Maimbung
31.58588,31.85002882968018,-0.26414882968018105,278115.0,660405.0,Maimbung
30.289194,31.108325279167783,-0.8191312791677845,278415.0,660405.0,Maimbung
30.781088,31.377699184632707,-0.5966111846327067,278715.0,660405.0,Maimbung
31.177238,30.993265175896216,0.18397282410378324,279015.0,660405.0,Maimbung
30.988256,31.051705527979816,-0.06344952797981662,279315.0,660405.0,Maimbung
31.59403,31.62125754791377,-0.027227547913771133,279615.0,660405.0,Maimbung
32.58094,32.8681730506142,-0.2872330506142049,279915.0,660405.0,Maimbung
31.722206,31.709489511699804,0.012716488300196005,280215.0,660405.0,Maimbung
31.563545,32.04189693243867,-0.4783519324386667,280515.0,660405.0,Maimbung
31.032446,32.29056285970505,-1.2581168597050478,280815.0,660405.0,Maimbung
30.861034,32.23993488698992,-1.3789008869899213,281115.0,660405.0,Maimbung
30.814877,32.062803659780165,-1.2479266597801661,281415.0,660405.0,Maimbung
30.817322,31.889054280534058,-1.0717322805340572,281715.0,660405.0,Maimbung
30.538576,30.06920949035396,0.46936650964604,282015.0,660405.0,Talipao
30.682081,33.19229119721185,-2.510210197211851,282315.0,660405.0,Talipao
29.500332,29.82435233834926,-0.3240203383492606,282615.0,660405.0,Talipao
29.500647,29.888737328738824,-0.3880903287388229,282915.0,660405.0,Talipao
30.658594,30.979659771508874,-0.3210657715088736,283215.0,660405.0,Talipao
30.963654,31.73347714907538,-0.769823149075382,283515.0,660405.0,Talipao
30.702305,30.819578573846385,-0.11727357384638637,283815.0,660405.0,Talipao
30.354336,31.66840011533261,-1.3140641153326094,284115.0,660405.0,Talipao
30.76694,31.161936326588823,-0.3949963265888208,284415.0,660405.0,Talipao
30.903646,30.778226861447184,0.1254191385528145,284715.0,660405.0,Talipao
31.413143,31.23721817048423,0.17592482951577182,285015.0,660405.0,Talipao
31.659191,32.01990445199301,-0.3607134519930071,285315.0,660405.0,Talipao
32.200054,31.420984409275988,0.7790695907240135,285615.0,660405.0,Talipao
31.805452,31.19313929474408,0.6123127052559205,285915.0,660405.0,Talipao
31.806496,31.491738543539824,0.3147574564601747,286215.0,660405.0,Talipao
32.77956,31.75844396101233,1.0211160389876675,286515.0,660405.0,Talipao
33.868923,32.53896097153437,1.32996202846563,286815.0,660405.0,Talipao
32.21911,32.5238118855203,-0.3047018855203021,287115.0,660405.0,Talipao
33.85214,32.22364277079532,1.628497229204676,287415.0,660405.0,Talipao
32.207287,32.67352305062102,-0.4662360506210206,287715.0,660405.0,Talipao
31.612858,31.33553663713268,0.277321362867319,288015.0,660405.0,Talipao
32.565662,32.231873236406464,0.3337887635935388,288315.0,660405.0,Talipao
32.908165,33.239960872654635,-0.33179587265463795,288615.0,660405.0,Talipao
32.610504,32.429878829621146,0.18062517037885328,288915.0,660405.0,Talipao
34.28569,33.589491988456786,0.6961980115432169,289215.0,660405.0,Talipao
33.81106,31.87985732422525,1.931202675774749,289515.0,660405.0,Talipao
32.794205,32.577721118248604,0.21648388175139388,289815.0,660405.0,Talipao
32.82235,34.04258285524796,-1.220232855247957,290115.0,660405.0,Talipao
34.464916,34.84477584854343,-0.37985984854342547,290415.0,660405.0,Talipao
33.178627,33.14643413073985,0.0321928692601503,290715.0,660405.0,Talipao
33.509815,32.08307871225575,1.426736287744255,291015.0,660405.0,Talipao
32.924488,32.805012960733045,0.11947503926695191,291315.0,660405.0,Talipao
33.048954,32.08705431754953,0.961899682450472,291615.0,660405.0,Talipao
33.78452,32.3253044399505,1.4592155600495005,291915.0,660405.0,Talipao
33.870266,34.702280683665165,-0.8320146836651645,292215.0,660405.0,Talipao
32.772438,32.15878477452557,0.6136532254744296,292515.0,660405.0,Talipao
33.21373,31.858152628398404,1.3555773716015942,292815.0,660405.0,Talipao
33.543728,33.019944608539184,0.5237833914608174,293115.0,660405.0,Talipao
33.178978,33.55816220962107,-0.3791842096210658,293415.0,660405.0,Talipao
33.700737,33.88041775705725,-0.1796807570572554,293715.0,660405.0,Talipao
34.288887,33.74817732248531,0.5407096775146911,294015.0,660405.0,Talipao
34.05099,32.22556223463416,1.8254277653658377,294315.0,660405.0,Talipao
32.95436,31.602580948875982,1.3517790511240193,294615.0,660405.0,Talipao
32.481373,31.680413735054284,0.800959264945714,294915.0,660405.0,Talipao
32.298264,32.42943714115441,-0.13117314115440593,295215.0,660405.0,Talipao
32.96792,33.630865363121046,-0.6629453631210467,295515.0,660405.0,Talipao
33.63855,31.76322500086294,1.8753249991370637,295815.0,660405.0,Talipao
33.200115,31.661219256437352,1.5388957435626445,296115.0,660405.0,Talipao
35.43967,33.16812798652871,2.27154201347129,296415.0,660405.0,Panglima Estino
31.687359,30.554023941149946,1.1333350588500544,296715.0,660405.0,Panglima Estino
31.835255,31.120278671607384,0.7149763283926163,297015.0,660405.0,Panglima Estino
30.253155,30.706135131716596,-0.4529801317165969,297915.0,660405.0,Panglima Estino
33.233757,31.98995900237361,1.2437979976263875,298215.0,660405.0,Panglima Estino
32.88908,33.21084232483678,-0.3217623248367829,298515.0,660405.0,Panglima Estino
32.869785,33.009004098462576,-0.13921909846257563,298815.0,660405.0,Panglima Estino
35.828014,34.65482303588984,1.1731909641101623,299115.0,660405.0,Panglima Estino
33.963,33.111076410817105,0.8519235891828956,299415.0,660405.0,Panglima Estino
33.780025,32.82698727372159,0.95303772627841,299715.0,660405.0,Panglima Estino
33.589638,33.637314148034555,-0.047676148034554444,300015.0,660405.0,Panglima Estino
33.49616,32.85652294056869,0.6396370594313154,300315.0,660405.0,Panglima Estino
33.10197,31.872125039654616,1.2298449603453854,300615.0,660405.0,Panglima Estino
32.765263,32.60398174618729,0.1612812538127102,300915.0,660405.0,Panglima Estino
33.334297,33.58147997669968,-0.24718297669968337,301215.0,660405.0,Old Panamao
33.018482,32.86910710242677,0.14937489757323164,301515.0,660405.0,Old Panamao
35.22111,35.43018839752194,-0.20907839752193524,301815.0,660405.0,Old Panamao
33.330303,32.6997205442322,0.6305824557678008,302115.0,660405.0,Old Panamao
32.675903,32.24758157193359,0.42832142806641116,302415.0,660405.0,Old Panamao
34.86064,32.88350466365104,1.977135336348958,302715.0,660405.0,Old Panamao
34.16757,32.627576618452174,1.5399933815478235,303015.0,660405.0,Old Panamao
33.290493,32.518435630374405,0.7720573696255926,303315.0,660405.0,Old Panamao
33.592037,32.38106233681483,1.2109746631851692,303615.0,660405.0,Old Panamao
32.574257,32.29728593209598,0.2769710679040216,304215.0,660405.0,Old Panamao
32.093952,31.915209407033114,0.17874259296688777,304515.0,660405.0,Old Panamao
30.87598,30.02612938656293,0.84985061343707,306915.0,660405.0,Old Panamao
31.26517,30.832066054336863,0.43310394566313803,307215.0,660405.0,Old Panamao
31.227407,30.43325234988279,0.7941546501172105,307515.0,660405.0,Old Panamao
30.84275,29.716843711882294,1.1259062881177044,307815.0,660405.0,Old Panamao
32.289745,32.09206093445694,0.19768406554306495,308115.0,660405.0,Old Panamao
33.02948,31.132381598427767,1.897098401572233,308415.0,660405.0,Luuk
31.837622,31.008156112194147,0.8294658878058527,308715.0,660405.0,Luuk
31.809637,31.18988605174892,0.6197509482510775,309015.0,660405.0,Luuk
31.47632,31.261402728277254,0.21491727172274722,309315.0,660405.0,Luuk
31.670507,31.654012374927277,0.016494625072724034,309615.0,660405.0,Luuk
31.96786,31.821921135392966,0.14593886460703587,309915.0,660405.0,Luuk
33.343952,32.68602819964069,0.6579238003593133,310215.0,660405.0,Luuk
32.170864,32.88192320954627,-0.7110592095462707,310515.0,660405.0,Luuk
32.72971,32.9615960185092,-0.23188601850920065,310815.0,660405.0,Luuk
32.663296,31.228635652974063,1.4346603470259396,311115.0,660405.0,Luuk
32.426765,32.46716586092685,-0.04040086092684447,311415.0,660405.0,Luuk
32.671688,32.982137125822106,-0.31044912582210316,311715.0,660405.0,Luuk
33.771492,32.77114705458665,1.000344945413353,312015.0,660405.0,Luuk
33.96065,32.653065082053295,1.3075849179467056,312315.0,660405.0,Luuk
33.90396,32.92091886303428,0.983041136965717,312615.0,660405.0,Luuk
33.551285,32.78081840036023,0.7704665996397679,312915.0,660405.0,Luuk
33.0847,33.073512829907315,0.011187170092682663,313815.0,660405.0,Luuk
33.34379,34.02090541969034,-0.6771154196903382,314115.0,660405.0,Luuk
33.481094,32.71528861563805,0.765805384361947,314415.0,660405.0,Luuk
32.75554,32.35960335258441,0.39593664741559564,314715.0,660405.0,Luuk
33.400017,33.796687365975195,-0.3966703659751971,315015.0,660405.0,Luuk
33.341743,33.24546571546712,0.09627728453288142,315315.0,660405.0,Luuk
32.28569,31.406179845417387,0.879510154582615,315615.0,660405.0,Omar
33.41235,32.545447092616925,0.8669029073830785,315915.0,660405.0,Omar
34.39405,33.27947325258414,1.1145767474158603,316215.0,660405.0,Omar
33.057587,32.901056486897104,0.15653051310289356,316515.0,660405.0,Omar
33.21368,32.96450749234947,0.24917250765052756,316815.0,660405.0,Omar
33.128307,33.92533576540269,-0.7970287654026933,317115.0,660405.0,Omar
33.155983,33.13819196290176,0.017791037098241702,317415.0,660405.0,Omar
32.592705,32.68825148885973,-0.09554648885972483,317715.0,660405.0,Omar
34.621178,33.6966185190127,0.9245594809872983,318015.0,660405.0,Omar
34.348553,33.58367985028823,0.7648731497117751,318315.0,660405.0,Omar
34.621643,33.72479991890808,0.8968430810919159,318615.0,660405.0,Omar
32.199955,32.2607482714408,-0.06079327144079372,318915.0,660405.0,Omar
32.015583,32.059686308037044,-0.04410330803704454,319215.0,660405.0,Omar
33.003723,33.666823211384894,-0.6631002113848936,319515.0,660405.0,Omar
33.94098,32.685635407148574,1.2553445928514293,319815.0,660405.0,Omar
32.164524,31.80686583173091,0.35765816826909,320115.0,660405.0,Omar
32.191914,32.26929863190027,-0.0773846319002729,320415.0,660405.0,Omar
32.926525,32.494645109498414,0.43187989050158393,320715.0,660405.0,Omar
32.27443,31.73235976973554,0.5420702302644607,321015.0,660405.0,Omar
31.864965,31.6800992137412,0.18486578625880057,321315.0,660405.0,Omar
31.114191,30.6289457254482,0.4852452745518008,321615.0,660405.0,Omar
31.250563,30.084738745512173,1.165824254487827,321915.0,660405.0,Omar
31.302078,30.774321215412776,0.5277567845872255,322215.0,660405.0,Omar
31.14353,30.70849359045442,0.4350364095455781,322515.0,660405.0,Omar
30.56908,30.0503250068729,0.5187549931271,322815.0,660405.0,Omar
30.581419,31.061760256991107,-0.48034125699110675,323115.0,660405.0,Omar
29.890953,31.05029075400212,-1.1593377540021201,323415.0,660405.0,Omar
29.45532,30.386806728402608,-0.9314867284026072,323715.0,660405.0,Omar
31.239723,30.96869649024977,0.27102650975023224,324015.0,660405.0,Omar
31.980724,31.581074745913057,0.39964925408694185,324315.0,660405.0,Omar
31.961441,31.719458298245193,0.2419827017548073,324615.0,660405.0,Omar
32.684944,30.927238878438107,1.7577051215618944,324915.0,660405.0,Omar
34.628605,33.83418326887091,0.7944217311290913,325215.0,660405.0,Omar
35.989002,36.61571132263459,-0.6267093226345892,325515.0,660405.0,Omar
32.77299,33.17261633316978,-0.3996263331697776,265815.0,660105.0,Parang
30.621124,33.21991510953486,-2.5987911095348615,266115.0,660105.0,Parang
29.835215,31.81861486536659,-1.9833998653665894,266415.0,660105.0,Parang
29.748451,32.057446315403325,-2.308995315403326,266715.0,660105.0,Parang
29.379963,31.263018492267822,-1.8830554922678218,267015.0,660105.0,Parang
30.50594,33.54180191650467,-3.0358619165046683,267315.0,660105.0,Parang
30.609455,32.10850673600171,-1.4990517360017073,267615.0,660105.0,Parang
30.391523,32.94235846857687,-2.550835468576871,267915.0,660105.0,Parang
29.770395,32.36795447938898,-2.597559479388977,268215.0,660105.0,Parang
30.230783,31.903335170848386,-1.6725521708483875,268515.0,660105.0,Parang
30.208244,32.595918787859354,-2.3876747878593534,268815.0,660105.0,Parang
28.847858,31.611580797544768,-2.7637227975447693,269115.0,660105.0,Parang
28.76799,31.42127891008401,-2.653288910084008,269415.0,660105.0,Indanan
28.365917,30.970658289074297,-2.6047412890742976,269715.0,660105.0,Indanan
29.890486,31.565837611532114,-1.6753516115321148,270015.0,660105.0,Indanan
30.941298,31.96891212160633,-1.0276141216063301,270315.0,660105.0,Indanan
30.090752,31.570881682211237,-1.4801296822112384,270615.0,660105.0,Indanan
29.400278,31.443689672577023,-2.0434116725770224,270915.0,660105.0,Indanan
28.926676,30.796595856263252,-1.8699198562632517,271215.0,660105.0,Indanan
29.418484,30.899492433083147,-1.4810084330831472,271515.0,660105.0,Indanan
30.52668,31.539012419248753,-1.0123324192487537,271815.0,660105.0,Indanan
28.948399,30.99776107201929,-2.049362072019292,272115.0,660105.0,Indanan
29.31524,30.933507069047003,-1.618267069047004,272415.0,660105.0,Indanan
30.591064,31.765897885926307,-1.1748338859263079,272715.0,660105.0,Indanan
29.58546,29.837679765357482,-0.2522197653574807,273015.0,660105.0,Indanan
29.579414,30.556372748932727,-0.9769587489327272,273315.0,660105.0,Indanan
29.766735,31.027491400774547,-1.2607564007745466,273615.0,660105.0,Indanan
29.788946,30.645192500581288,-0.8562465005812889,273915.0,660105.0,Indanan
30.423544,30.500157966535827,-0.07661396653582742,274215.0,660105.0,Indanan
30.823748,30.619737646432547,0.20401035356745112,274515.0,660105.0,Indanan
32.013638,31.89449612649524,0.11914187350475913,274815.0,660105.0,Indanan
32.316895,31.817133406392557,0.4997615936074453,275115.0,660105.0,Indanan
30.652794,30.59504515574811,0.057748844251889864,275415.0,660105.0,Indanan
31.51999,31.66730923963087,-0.14731923963087112,275715.0,660105.0,Indanan
32.217987,31.280200448257467,0.9377865517425334,276015.0,660105.0,Indanan
32.701992,31.824636732324304,0.8773552676756928,276315.0,660105.0,Indanan
32.682003,31.451665403762952,1.2303375962370495,276615.0,660105.0,Indanan
30.71609,31.423246241540916,-0.7071562415409147,276915.0,660105.0,Indanan
30.999891,31.190611877733943,-0.1907208777339413,277215.0,660105.0,Indanan
32.900974,32.436077625355246,0.4648963746447521,277515.0,660105.0,Maimbung
31.329464,31.211151084166254,0.11831291583374792,277815.0,660105.0,Maimbung
32.249554,32.73690443813971,-0.4873504381397069,278115.0,660105.0,Maimbung
31.272974,31.62253674577994,-0.34956274577993796,278415.0,660105.0,Maimbung
31.795065,31.638140525282367,0.15692447471763415,278715.0,660105.0,Maimbung
30.840174,31.25583088335019,-0.4156568833501879,279015.0,660105.0,Maimbung
31.194653,32.511069207823155,-1.3164162078231563,279315.0,660105.0,Maimbung
30.846016,32.019083469031024,-1.1730674690310252,279615.0,660105.0,Maimbung
31.52111,31.627312580950566,-0.10620258095056556,279915.0,660105.0,Maimbung
31.677559,32.39210272229238,-0.7145437222923796,280215.0,660105.0,Maimbung
31.697115,32.27629824908869,-0.5791832490886897,280515.0,660105.0,Maimbung
30.87882,32.515325664010966,-1.636505664010965,280815.0,660105.0,Maimbung
29.318693,31.971331799056184,-2.6526387990561844,281115.0,660105.0,Maimbung
30.683605,32.170275683365375,-1.4866706833653751,281415.0,660105.0,Maimbung
30.201605,32.186695634755125,-1.9850906347551245,281715.0,660105.0,Maimbung
31.154234,31.620452831852308,-0.4662188318523093,282015.0,660105.0,Talipao
29.633,30.646643164522143,-1.0136431645221435,282315.0,660105.0,Talipao
29.194218,29.962118963695588,-0.7679009636955882,282615.0,660105.0,Talipao
30.029692,30.366960193548568,-0.3372681935485673,282915.0,660105.0,Talipao
29.419079,29.72132289612308,-0.30224389612308045,283215.0,660105.0,Talipao
31.492403,32.4420437653568,-0.9496407653568006,283515.0,660105.0,Talipao
30.60534,31.47626448548191,-0.8709244854819076,283815.0,660105.0,Talipao
30.695698,31.667371053024834,-0.9716730530248334,284115.0,660105.0,Talipao
30.6687,31.55237044955822,-0.8836704495582204,284415.0,660105.0,Talipao
31.112968,30.776580758770606,0.33638724122939223,284715.0,660105.0,Talipao
30.960318,31.02065578299267,-0.060337782992668565,285015.0,660105.0,Talipao
31.999453,31.157001797780303,0.8424512022196957,285315.0,660105.0,Talipao
32.10606,32.323331659132755,-0.2172716591327557,285615.0,660105.0,Talipao
32.320255,31.515018336396725,0.805236663603278,285915.0,660105.0,Talipao
32.789433,31.905224178293178,0.8842088217068245,286215.0,660105.0,Talipao
33.46324,31.900586503194447,1.5626534968055523,286515.0,660105.0,Talipao
33.93354,32.53530267738923,1.3982373226107683,286815.0,660105.0,Talipao
33.73444,32.98189329655827,0.7525467034417304,287115.0,660105.0,Talipao
32.627213,31.361073287085233,1.2661397129147645,287415.0,660105.0,Talipao
31.927036,31.353906134805307,0.5731298651946943,287715.0,660105.0,Talipao
32.767,31.19116475765511,1.575835242344894,288015.0,660105.0,Talipao
32.21569,31.811593051565797,0.40409694843420496,288315.0,660105.0,Talipao
31.907051,32.76427537565169,-0.8572243756516933,288615.0,660105.0,Talipao
31.603252,31.31133357866373,0.2919184213362698,288915.0,660105.0,Talipao
33.02038,31.813146464780292,1.2072335352197108,289215.0,660105.0,Talipao
32.789627,32.847797342590155,-0.0581703425901523,289515.0,660105.0,Talipao
32.248466,33.32845082367732,-1.0799848236773215,290415.0,660105.0,Talipao
32.87225,32.75364359307477,0.11860640692523106,290715.0,660105.0,Talipao
32.3074,31.407377881577865,0.900022118422136,291015.0,660105.0,Talipao
34.342457,34.173381418144736,0.1690755818552674,291315.0,660105.0,Talipao
32.98642,32.08833379590307,0.8980862040969342,291615.0,660105.0,Talipao
33.160187,32.070913560366066,1.089273439633935,291915.0,660105.0,Talipao
31.89521,31.84119421856154,0.05401578143845853,292215.0,660105.0,Talipao
32.631508,32.05616509885708,0.5753429011429176,292515.0,660105.0,Talipao
31.710342,32.53618746557321,-0.8258454655732059,292815.0,660105.0,Talipao
33.99045,34.37906890806289,-0.3886189080628881,293115.0,660105.0,Talipao
32.963177,33.63636857766048,-0.6731915776604751,293415.0,660105.0,Talipao
33.242577,32.545976115557686,0.6966008844423115,293715.0,660105.0,Talipao
34.080006,33.732922585948316,0.3470834140516814,294015.0,660105.0,Talipao
34.35793,33.244385781964475,1.1135442180355284,294315.0,660105.0,Talipao
34.14752,32.25219046423781,1.8953295357621869,294615.0,660105.0,Talipao
32.30796,32.241197202210074,0.06676279778992722,294915.0,660105.0,Talipao
33.456455,34.247435394969415,-0.7909803949694165,295215.0,660105.0,Talipao
33.277576,32.884509078590625,0.39306692140937827,295515.0,660105.0,Talipao
34.201122,33.70275313718619,0.49836886281380544,295815.0,660105.0,Talipao
34.789936,32.48541908745111,2.304516912548884,296115.0,660105.0,Talipao
36.0053,35.183898894701905,0.8214011052980936,296415.0,660105.0,Panglima Estino
31.523914,31.70706279680462,-0.1831487968046197,296715.0,660105.0,Panglima Estino
34.57992,32.64552171483173,1.934398285168271,298215.0,660105.0,Panglima Estino
34.252228,32.45457277385067,1.797655226149331,298515.0,660105.0,Panglima Estino
33.238632,32.119015770299455,1.1196162297005472,298815.0,660105.0,Panglima Estino
34.83494,33.61941328435287,1.2155267156471297,299115.0,660105.0,Panglima Estino
34.552517,32.34665814491517,2.205858855084834,299415.0,660105.0,Panglima Estino
34.81338,32.46089614004076,2.352483859959243,299715.0,660105.0,Panglima Estino
34.495396,34.94829034818177,-0.452894348181772,300015.0,660105.0,Panglima Estino
32.63124,32.589292651196985,0.04194734880301354,300315.0,660105.0,Panglima Estino
34.2082,32.92232082256378,1.2858791774362146,300615.0,660105.0,Panglima Estino
33.740017,33.245649481375374,0.49436751862462813,300915.0,660105.0,Old Panamao
34.04455,33.54849046822564,0.4960595317743639,301215.0,660105.0,Old Panamao
34.937305,34.33403920651742,0.6032657934825849,301515.0,660105.0,Old Panamao
34.79338,35.25231536869902,-0.4589353686990236,301815.0,660105.0,Old Panamao
32.74821,32.85292071976779,-0.10471071976778745,302115.0,660105.0,Old Panamao
32.09352,32.23419082000785,-0.14067082000785547,302415.0,660105.0,Old Panamao
32.126225,32.30979053981477,-0.1835655398147722,302715.0,660105.0,Old Panamao
33.619568,32.04829221630642,1.5712757836935793,303015.0,660105.0,Old Panamao
32.830914,32.70220586127087,0.1287081387291309,303315.0,660105.0,Old Panamao
33.328255,33.027037851644195,0.3012171483558035,303615.0,660105.0,Old Panamao
32.29408,32.90776759924863,-0.6136875992486281,304215.0,660105.0,Old Panamao
33.428864,32.59222384651817,0.8366401534818237,304515.0,660105.0,Old Panamao
31.818483,31.688682812063448,0.1298001879365529,304815.0,660105.0,Old Panamao
31.297272,30.231768039032968,1.0655039609670318,306915.0,660105.0,Old Panamao
31.81081,29.631261730984516,2.179548269015484,307215.0,660105.0,Old Panamao
32.327007,30.459117273982827,1.8678897260171752,307515.0,660105.0,Old Panamao
32.072037,32.14976956618043,-0.07773256618042979,307815.0,660105.0,Old Panamao
31.188444,30.752088330024545,0.4363556699754554,308115.0,660105.0,Old Panamao
32.385124,31.784891749521762,0.6002322504782356,308415.0,660105.0,Luuk
31.22732,30.358090000463267,0.8692299995367314,308715.0,660105.0,Luuk
31.08654,31.10963461581767,-0.02309461581766925,309015.0,660105.0,Luuk
31.48675,30.892054696249318,0.594695303750683,309315.0,660105.0,Luuk
31.688005,31.855674225160083,-0.16766922516008265,309615.0,660105.0,Luuk
31.936342,31.556240492921948,0.38010150707805224,309915.0,660105.0,Luuk
32.045284,31.98511905154711,0.06016494845289344,310215.0,660105.0,Luuk
32.15107,31.19101820768685,0.9600517923131484,310515.0,660105.0,Luuk
32.362087,32.63075179931255,-0.26866479931254617,310815.0,660105.0,Luuk
31.70399,31.37463212603915,0.32935787396085203,311115.0,660105.0,Luuk
31.790096,31.11543730354797,0.6746586964520276,311415.0,660105.0,Luuk
33.23558,34.013949148156286,-0.7783691481562869,311715.0,660105.0,Luuk
32.83469,32.175079559177306,0.6596104408226964,312015.0,660105.0,Luuk
33.876225,35.5122536486927,-1.636028648692701,312315.0,660105.0,Luuk
33.480732,33.51814831975226,-0.03741631975225346,312615.0,660105.0,Luuk
32.654186,31.979574646073868,0.6746113539261351,312915.0,660105.0,Luuk
32.646828,32.18483741117405,0.4619905888259481,313515.0,660105.0,Luuk
34.406315,32.84435962990364,1.5619553700963564,313815.0,660105.0,Luuk
33.945854,33.32504628323459,0.6208077167654054,314115.0,660105.0,Luuk
34.165592,34.33282369485267,-0.1672316948526742,314415.0,660105.0,Luuk
33.140774,33.198968852309264,-0.05819485230926347,314715.0,660105.0,Luuk
32.229027,32.446050134477815,-0.21702313447781307,315015.0,660105.0,Luuk
32.48327,31.530265264061388,0.9530047359386096,315315.0,660105.0,Luuk
33.253784,33.15513725057598,0.09864674942402019,315615.0,660105.0,Omar
33.395992,33.2132944067054,0.18269759329459845,315915.0,660105.0,Omar
35.686813,35.63560568121543,0.05120731878457008,316215.0,660105.0,Omar
36.98942,37.70212921780972,-0.7127092178097172,316515.0,660105.0,Omar
34.17689,33.15961435305663,1.017275646943368,316815.0,660105.0,Omar
34.783287,35.12052691166227,-0.33723991166226597,317115.0,660105.0,Omar
34.666862,34.025546934569945,0.6413150654300566,317415.0,660105.0,Omar
33.618237,32.9994747206719,0.6187622793281022,317715.0,660105.0,Omar
33.988247,33.32529492426393,0.6629520757360723,318015.0,660105.0,Omar
34.271175,33.33687103684317,0.9343039631568288,318315.0,660105.0,Omar
33.68519,33.17270772235044,0.5124822776495606,318615.0,660105.0,Omar
33.45057,32.57429022760395,0.876279772396046,318915.0,660105.0,Omar
33.102,33.023598529936535,0.07840147006346143,319215.0,660105.0,Omar
33.375195,32.55354026737596,0.8216547326240402,319515.0,660105.0,Omar
33.312996,32.95721011661596,0.35578588338403705,319815.0,660105.0,Omar
32.636585,32.79005358700068,-0.1534685870006811,320115.0,660105.0,Omar
33.64179,32.89437943754359,0.7474105624564089,320415.0,660105.0,Omar
32.777508,32.29319488803385,0.484313111966145,320715.0,660105.0,Omar
32.382366,31.60869723820836,0.7736687617916367,321015.0,660105.0,Omar
31.764675,30.88761403393534,0.8770609660646613,321315.0,660105.0,Omar
31.352331,30.78160323716481,0.5707277628351903,321615.0,660105.0,Omar
31.449635,30.461399656893033,0.9882353431069681,321915.0,660105.0,Omar
29.744848,30.17309346012579,-0.42824546012579034,322215.0,660105.0,Omar
30.355892,30.085372834488187,0.2705191655118142,322515.0,660105.0,Omar
32.57943,29.83716535877664,2.742264641223361,322815.0,660105.0,Omar
30.995161,30.09347828257449,0.9016827174255084,323115.0,660105.0,Omar
30.83059,31.031429922527753,-0.20083992252775218,323415.0,660105.0,Omar
29.613386,31.201918621091128,-1.5885326210911295,323715.0,660105.0,Omar
30.350163,33.20547638122843,-2.855313381228431,324015.0,660105.0,Omar
31.743008,31.496733158830978,0.2462748411690221,324315.0,660105.0,Omar
32.2208,32.00979196424394,0.2110080357560591,324615.0,660105.0,Omar
32.59702,32.09364364476178,0.503376355238224,324915.0,660105.0,Omar
34.178486,32.70061705126995,1.4778689487300483,325215.0,660105.0,Omar
35.41396,33.52502788451279,1.888932115487215,325515.0,660105.0,Omar
32.135548,34.76813796073277,-2.6325899607327727,265815.0,659805.0,Parang
30.394869,32.16104158981308,-1.7661725898130811,266115.0,659805.0,Parang
30.621342,32.53316037905983,-1.9118183790598309,266415.0,659805.0,Parang
29.835588,31.757176166954007,-1.921588166954006,266715.0,659805.0,Parang
28.331575,30.59147987582367,-2.2599048758236684,267015.0,659805.0,Parang
30.729752,31.884303643268193,-1.1545516432681922,267315.0,659805.0,Parang
29.769083,32.939552038152,-3.170469038152003,267615.0,659805.0,Parang
30.416924,32.331653671181805,-1.914729671181803,267915.0,659805.0,Parang
30.103796,32.10642650514912,-2.002630505149124,268215.0,659805.0,Parang
29.385742,32.26376063198339,-2.8780186319833874,268515.0,659805.0,Parang
28.84934,32.217984261381815,-3.3686442613818137,268815.0,659805.0,Parang
29.681583,32.2305991799453,-2.5490161799453013,269115.0,659805.0,Parang
29.144712,31.145013789605517,-2.000301789605519,269415.0,659805.0,Parang
30.151567,31.824502678351028,-1.6729356783510276,269715.0,659805.0,Indanan
29.743538,31.85582686207757,-2.1122888620775697,270015.0,659805.0,Indanan
29.688913,31.54272379990482,-1.8538107999048208,270315.0,659805.0,Indanan
28.65942,30.336398550033636,-1.6769785500336347,270615.0,659805.0,Indanan
30.526598,31.78221397225907,-1.2556159722590685,270915.0,659805.0,Indanan
29.857155,31.10046435923003,-1.2433093592300324,271215.0,659805.0,Indanan
29.90032,30.759405759702588,-0.8590857597025874,271515.0,659805.0,Indanan
29.692549,30.88726413908774,-1.1947151390877409,271815.0,659805.0,Indanan
29.809843,31.064978622506942,-1.2551356225069412,272115.0,659805.0,Indanan
30.199188,31.540620723155218,-1.3414327231552186,272415.0,659805.0,Indanan
30.645378,31.62081422045892,-0.9754362204589206,272715.0,659805.0,Indanan
30.042637,30.211718264805512,-0.1690812648055129,273015.0,659805.0,Indanan
29.837894,30.0928825011963,-0.25498850119630134,273315.0,659805.0,Indanan
29.740023,30.527795758579664,-0.7877727585796634,273615.0,659805.0,Indanan
30.841616,30.92821892392434,-0.08660292392434243,273915.0,659805.0,Indanan
30.444801,30.85880653093873,-0.4140055309387307,274215.0,659805.0,Indanan
31.871836,31.511464434669243,0.3603715653307553,274515.0,659805.0,Indanan
32.19952,31.62317950578718,0.5763404942128183,274815.0,659805.0,Indanan
32.296986,31.37070114386792,0.926284856132078,275115.0,659805.0,Indanan
30.745728,30.8184543059375,-0.07272630593750051,275415.0,659805.0,Indanan
32.22155,31.678816852182194,0.5427331478178061,275715.0,659805.0,Indanan
32.00943,30.93678773404199,1.072642265958013,276015.0,659805.0,Indanan
31.53407,31.64503243581006,-0.11096243581005893,276315.0,659805.0,Indanan
31.039534,32.0547838988225,-1.0152498988224998,276915.0,659805.0,Indanan
30.01716,31.511610751163513,-1.4944507511635123,277215.0,659805.0,Maimbung
31.195053,31.008380839459125,0.18667216054087632,277515.0,659805.0,Maimbung
31.57482,31.825844803710922,-0.25102480371092284,277815.0,659805.0,Maimbung
31.734058,31.83189823167742,-0.09784023167742006,278115.0,659805.0,Maimbung
28.25689,31.053955666843844,-2.797065666843846,278415.0,659805.0,Maimbung
30.67062,31.016703500059197,-0.34608350005919775,278715.0,659805.0,Maimbung
30.440538,31.231257839964634,-0.790719839964634,279015.0,659805.0,Maimbung
30.85672,31.633070527846307,-0.7763505278463079,279315.0,659805.0,Maimbung
29.946497,32.593528756442524,-2.647031756442523,279615.0,659805.0,Maimbung
32.495483,33.250531147563215,-0.7550481475632154,279915.0,659805.0,Maimbung
31.792286,32.275255758328676,-0.48296975832867517,280215.0,659805.0,Maimbung
32.287678,32.098578411721206,0.18909958827879336,280515.0,659805.0,Maimbung
31.751352,32.85705128208611,-1.1056992820861105,280815.0,659805.0,Maimbung
31.126698,32.881003610764346,-1.7543056107643444,281115.0,659805.0,Maimbung
30.611963,31.89716130371641,-1.2851983037164096,281415.0,659805.0,Maimbung
30.596163,32.22631426690974,-1.6301512669097384,281715.0,659805.0,Maimbung
31.005657,32.00108602121417,-0.9954290212141714,282015.0,659805.0,Talipao
29.173746,31.25722106253125,-2.0834750625312495,282315.0,659805.0,Talipao
30.334337,30.29819357595304,0.036143424046962025,282615.0,659805.0,Talipao
30.804338,31.287410766189744,-0.4830727661897427,282915.0,659805.0,Talipao
29.86741,30.300201892402228,-0.4327918924022285,283215.0,659805.0,Talipao
31.383158,31.42920561808329,-0.046047618083289166,283515.0,659805.0,Talipao
29.952427,31.110683741263028,-1.1582567412630276,283815.0,659805.0,Talipao
29.458706,31.7389925815909,-2.2802865815909,284115.0,659805.0,Talipao
30.775486,31.314432086449184,-0.5389460864491831,284415.0,659805.0,Talipao
30.168419,30.731186249668475,-0.5627672496684752,284715.0,659805.0,Talipao
31.259203,31.420689630122933,-0.1614866301229334,285015.0,659805.0,Talipao
30.901018,30.935239349323012,-0.03422134932301191,285315.0,659805.0,Talipao
32.1914,31.903493840788013,0.2879061592119889,285615.0,659805.0,Talipao
31.17941,31.153371862985253,0.026038137014747775,285915.0,659805.0,Talipao
32.10121,31.625102913889,0.4761070861110035,286215.0,659805.0,Talipao
33.06717,31.723620585739607,1.3435494142603908,286515.0,659805.0,Talipao
32.704853,31.42056427499466,1.2842887250053394,286815.0,659805.0,Talipao
32.702095,32.0373145978117,0.664780402188299,287115.0,659805.0,Talipao
32.904446,31.201080308935456,1.703365691064544,287415.0,659805.0,Talipao
31.826216,31.22936137738846,0.5968546226115379,287715.0,659805.0,Talipao
31.937042,30.884790507983844,1.0522514920161576,288015.0,659805.0,Talipao
31.50985,31.351768484386653,0.15808151561334682,288315.0,659805.0,Talipao
32.333168,32.106522473539194,0.22664552646080693,288615.0,659805.0,Talipao
31.789019,31.564032018710776,0.22498698128922356,288915.0,659805.0,Talipao
31.866747,31.766907693255032,0.09983930674496833,289215.0,659805.0,Talipao
32.965446,32.71262021814158,0.2528257818584194,289515.0,659805.0,Talipao
34.071552,33.640298403527886,0.4312535964721107,289815.0,659805.0,Talipao
32.055954,31.22534438253757,0.8306096174624287,290415.0,659805.0,Talipao
31.984386,31.617446011807175,0.3669399881928257,290715.0,659805.0,Talipao
33.887924,32.735977780210675,1.1519462197893233,291015.0,659805.0,Talipao
31.125954,32.02035998637348,-0.8944059863734779,291315.0,659805.0,Talipao
32.361866,31.57153922120334,0.7903267787966577,291615.0,659805.0,Talipao
31.298208,31.948132831563377,-0.6499248315633785,291915.0,659805.0,Talipao
32.862007,32.635418757690225,0.2265882423097736,292215.0,659805.0,Talipao
31.973822,31.88453363066253,0.08928836933746709,292515.0,659805.0,Talipao
34.41851,33.72705888894301,0.6914511110569848,292815.0,659805.0,Talipao
33.09685,33.28643952704339,-0.18958952704338827,293115.0,659805.0,Talipao
33.373917,31.375555605434187,1.998361394565812,293415.0,659805.0,Talipao
32.75771,32.00740276503926,0.7503072349607436,293715.0,659805.0,Talipao
34.29361,33.28415277539109,1.0094572246089086,294015.0,659805.0,Talipao
34.585484,33.315769144947616,1.269714855052385,294315.0,659805.0,Talipao
34.595154,32.704456875248994,1.8906971247510072,294615.0,659805.0,Talipao
33.07156,32.02806540014298,1.04349459985702,294915.0,659805.0,Talipao
33.10027,32.006509776804855,1.0937602231951473,295215.0,659805.0,Talipao
32.643787,31.784461357327995,0.8593256426720082,295515.0,659805.0,Talipao
32.97261,31.76108880129854,1.2115211987014618,295815.0,659805.0,Talipao
33.745716,32.612840578089475,1.1328754219105264,296115.0,659805.0,Talipao
33.648766,32.2866934838125,1.362072516187503,296415.0,659805.0,Panglima Estino
33.39791,32.53365022783049,0.8642597721695111,296715.0,659805.0,Panglima Estino
30.892284,31.258973100619272,-0.36668910061927207,297015.0,659805.0,Panglima Estino
31.799973,29.956172183059838,1.8438008169401634,297915.0,659805.0,Panglima Estino
34.31193,32.368783126212264,1.9431468737877324,298215.0,659805.0,Panglima Estino
35.060566,34.20815894350119,0.8524070564988122,298515.0,659805.0,Panglima Estino
34.34855,33.30725394051956,1.0412960594804446,298815.0,659805.0,Panglima Estino
33.95973,34.26884004716778,-0.3091100471677777,299115.0,659805.0,Panglima Estino
33.17601,33.044113944411926,0.13189605558807216,299415.0,659805.0,Panglima Estino
33.221718,33.70615407679105,-0.4844360767910487,299715.0,659805.0,Panglima Estino
33.870274,33.59226202621439,0.2780119737856097,300015.0,659805.0,Panglima Estino
33.75659,33.38876949652209,0.3678205034779154,300315.0,659805.0,Panglima Estino
34.981842,34.29982252738453,0.6820194726154725,300615.0,659805.0,Panglima Estino
35.0351,34.913560892718394,0.1215391072816061,300915.0,659805.0,Old Panamao
33.056084,33.02764119755618,0.028442802443819915,301215.0,659805.0,Old Panamao
35.122944,34.921912110839315,0.2010318891606815,301515.0,659805.0,Old Panamao
33.75641,33.07066307911502,0.6857469208849807,301815.0,659805.0,Old Panamao
33.344654,32.60074806505672,0.7439059349432782,302115.0,659805.0,Old Panamao
32.793495,33.14493825471242,-0.35144325471242155,302415.0,659805.0,Old Panamao
32.614765,32.070690471322045,0.5440745286779531,302715.0,659805.0,Old Panamao
33.07298,32.58377917566283,0.4892008243371677,303015.0,659805.0,Old Panamao
33.0583,32.37263954774291,0.6856604522570962,303315.0,659805.0,Old Panamao
32.103615,32.01133412322548,0.09228087677451668,303615.0,659805.0,Old Panamao
32.64916,31.94020787230783,0.7089521276921715,304215.0,659805.0,Old Panamao
32.080124,32.87147528835114,-0.7913512883511444,304515.0,659805.0,Old Panamao
31.635683,32.046375256039866,-0.4106922560398658,304815.0,659805.0,Old Panamao
31.214144,30.72517619279482,0.4889678072051815,306015.0,659805.0,Old Panamao
30.500813,30.373582852420178,0.12723014757982298,306315.0,659805.0,Old Panamao
31.53667,30.68595087637691,0.8507191236230902,306615.0,659805.0,Old Panamao
32.34158,30.03415201771987,2.3074279822801316,306915.0,659805.0,Old Panamao
31.040014,29.87908263866008,1.1609313613399195,307215.0,659805.0,Old Panamao
31.074656,29.401737575053602,1.672918424946399,307515.0,659805.0,Old Panamao
31.045565,29.477201859113514,1.5683631408864862,307815.0,659805.0,Old Panamao
31.392172,31.206070527730713,0.18610147226928575,308115.0,659805.0,Old Panamao
31.98997,31.179346715272043,0.8106232847279564,308415.0,659805.0,Kalingalan Caluang
31.643929,30.507177729858974,1.1367512701410263,308715.0,659805.0,Luuk
31.40084,31.419976629128143,-0.019136629128144733,309015.0,659805.0,Luuk
31.530878,31.575866480812916,-0.044988480812914844,309315.0,659805.0,Kalingalan Caluang
32.038685,31.490169866840876,0.5485151331591247,309615.0,659805.0,Kalingalan Caluang
32.194897,32.723004707488656,-0.5281077074886582,309915.0,659805.0,Kalingalan Caluang
31.458157,32.06312755049781,-0.6049705504978107,310215.0,659805.0,Luuk
31.824196,31.984065024107196,-0.15986902410719495,310515.0,659805.0,Luuk
32.53885,32.78845978964283,-0.24960978964283242,310815.0,659805.0,Luuk
32.15291,32.53412656738931,-0.3812165673893091,311115.0,659805.0,Luuk
32.08662,32.627417630025704,-0.5407976300257005,311415.0,659805.0,Luuk
33.070908,33.188515025652734,-0.11760702565273107,311715.0,659805.0,Luuk
32.630783,32.955969736392234,-0.32518673639223294,312015.0,659805.0,Luuk
32.98409,31.858408517031325,1.1256814829686768,312315.0,659805.0,Luuk
33.76037,32.22625331558034,1.534116684419665,312615.0,659805.0,Luuk
34.300243,32.81573118589416,1.4845118141058435,312915.0,659805.0,Luuk
36.81737,34.226255418074125,2.591114581925872,313215.0,659805.0,Luuk
34.973816,35.07544767281269,-0.10163167281269381,313515.0,659805.0,Luuk
35.84753,35.885879305267906,-0.03834930526790714,313815.0,659805.0,Luuk
33.764816,32.86744533928396,0.8973706607160423,314115.0,659805.0,Luuk
34.89565,33.775345722928556,1.1203042770714475,314415.0,659805.0,Luuk
34.157475,33.007366892854364,1.150108107145634,314715.0,659805.0,Luuk
33.132015,33.30163126257527,-0.16961626257526774,315015.0,659805.0,Luuk
35.118347,33.75726642894318,1.3610805710568172,315315.0,659805.0,Omar
33.646595,33.05919850597865,0.5873964940213483,315615.0,659805.0,Omar
33.1617,33.11461393617435,0.0470860638256525,315915.0,659805.0,Omar
34.00398,33.060452550774926,0.9435274492250727,316215.0,659805.0,Omar
32.40849,31.473894672347768,0.9345953276522323,316515.0,659805.0,Omar
32.965145,32.46304739537099,0.5020976046290073,316815.0,659805.0,Omar
33.67981,31.766703011536748,1.9131069884632552,317115.0,659805.0,Omar
33.679413,32.753710922840696,0.9257020771593005,317415.0,659805.0,Omar
34.392296,35.13257985809255,-0.7402838580925462,317715.0,659805.0,Omar
32.2418,32.3360797261896,-0.09427972618960467,318015.0,659805.0,Omar
33.351856,32.66701987280141,0.6848361271985866,318315.0,659805.0,Omar
32.66164,32.73356833996103,-0.07192833996103332,318615.0,659805.0,Omar
33.307858,33.105539735447536,0.20231826455246704,318915.0,659805.0,Omar
34.197853,33.878614109476175,0.3192388905238275,319215.0,659805.0,Omar
33.850903,34.258135691837964,-0.4072326918379616,319515.0,659805.0,Omar
33.786777,33.2505499391606,0.5362270608394013,319815.0,659805.0,Omar
32.801796,31.51347985918782,1.2883161408121815,320115.0,659805.0,Omar
32.928772,31.705633951256626,1.223138048743376,320415.0,659805.0,Omar
33.30955,31.991829191564673,1.317720808435329,320715.0,659805.0,Omar
32.560482,31.98067764966078,0.5798043503392201,321015.0,659805.0,Omar
32.028862,31.59393362250734,0.4349283774926569,321315.0,659805.0,Omar
32.38773,31.551771117498088,0.8359588825019095,321615.0,659805.0,Omar
31.908037,31.673501194875115,0.23453580512488514,321915.0,659805.0,Omar
32.03838,31.73511560319384,0.30326439680615636,322215.0,659805.0,Omar
29.595701,30.743780944982184,-1.148079944982186,322515.0,659805.0,Omar
29.475616,30.236536478125,-0.7609204781250014,322815.0,659805.0,Omar
30.426382,31.081968979556272,-0.6555869795562721,323115.0,659805.0,Omar
29.41134,31.098144814550636,-1.6868048145506371,323415.0,659805.0,Omar
30.176374,31.848650120826495,-1.6722761208264956,323715.0,659805.0,Omar
30.66854,31.120731537288915,-0.4521915372889147,324015.0,659805.0,Omar
31.459421,30.859342749635267,0.6000782503647315,324315.0,659805.0,Omar
32.681,31.285543095595276,1.3954569044047211,324615.0,659805.0,Omar
32.667576,32.07298006352954,0.5945959364704549,324915.0,659805.0,Omar
32.967403,32.953843855323214,0.013559144676783319,325215.0,659805.0,Omar
34.392136,34.38323460710513,0.008901392894870241,325515.0,659805.0,Omar
31.004704,32.10542733320065,-1.1007233332006514,265515.0,659505.0,Parang
30.817915,31.98838428047527,-1.1704692804752703,265815.0,659505.0,Parang
30.246105,32.67546933550869,-2.429364335508687,266115.0,659505.0,Parang
30.064072,32.2878324141385,-2.2237604141385,266415.0,659505.0,Parang
29.867212,32.311076261906294,-2.4438642619062954,266715.0,659505.0,Parang
30.235046,31.969002447350682,-1.7339564473506819,267015.0,659505.0,Parang
29.658897,33.14211690120055,-3.4832199012005525,267315.0,659505.0,Parang
31.070244,33.88367313566586,-2.81342913566586,267615.0,659505.0,Parang
30.163805,32.036038638853384,-1.872233638853384,267915.0,659505.0,Parang
29.743528,32.40746647393751,-2.6639384739375096,268215.0,659505.0,Parang
29.948898,32.09334982364043,-2.1444518236404306,268515.0,659505.0,Parang
30.396082,32.43125842741359,-2.035176427413589,268815.0,659505.0,Parang
30.349142,32.08329300413895,-1.7341510041389512,269115.0,659505.0,Parang
30.846046,33.41289900320973,-2.5668530032097294,269415.0,659505.0,Parang
28.99041,31.03014687670819,-2.03973687670819,269715.0,659505.0,Indanan
31.000154,30.97528697470836,0.024867025291637646,270015.0,659505.0,Indanan
31.474472,31.021666505190225,0.4528054948097733,270315.0,659505.0,Indanan
30.591135,31.361130769658825,-0.7699957696588235,270615.0,659505.0,Indanan
29.725653,31.44509682027094,-1.7194438202709392,270915.0,659505.0,Indanan
29.830896,30.56236493820633,-0.73146893820633,271215.0,659505.0,Indanan
30.207216,30.635134973440618,-0.4279189734406188,271515.0,659505.0,Indanan
30.106482,31.18052485606147,-1.074042856061471,271815.0,659505.0,Indanan
30.060684,30.52014783310491,-0.45946383310491257,272115.0,659505.0,Indanan
30.225254,31.424598450236395,-1.1993444502363957,272415.0,659505.0,Indanan
29.833134,31.135463092078783,-1.3023290920787822,272715.0,659505.0,Indanan
29.881697,30.099284279168607,-0.2175872791686082,273015.0,659505.0,Indanan
29.537882,30.33330531169312,-0.7954233116931206,273315.0,659505.0,Indanan
30.289093,30.654720554919187,-0.3656275549191861,273615.0,659505.0,Indanan
30.89325,30.64248659272773,0.25076340727226665,273915.0,659505.0,Indanan
30.84759,30.143303665785243,0.704286334214757,274215.0,659505.0,Indanan
31.211184,30.47978399740583,0.7314000025941709,274515.0,659505.0,Indanan
32.144665,30.63680049885499,1.507864501145015,274815.0,659505.0,Indanan
31.598486,31.484969278840307,0.11351672115969436,275115.0,659505.0,Indanan
32.220688,31.583410897435982,0.6372771025640205,275415.0,659505.0,Indanan
32.039112,31.29567049445717,0.7434415055428332,275715.0,659505.0,Indanan
32.007843,32.45955820557888,-0.45171520557887845,276015.0,659505.0,Indanan
31.018381,30.993311666728818,0.025069333271183325,276315.0,659505.0,Indanan
31.275276,31.72863271033563,-0.45335671033562974,276615.0,659505.0,Indanan
30.581041,31.170130131655096,-0.589089131655097,276915.0,659505.0,Indanan
30.46718,31.014932563779702,-0.5477525637797029,277215.0,659505.0,Maimbung
30.322111,32.16946414346638,-1.8473531434663784,277515.0,659505.0,Maimbung
31.450165,32.788431254825596,-1.338266254825598,277815.0,659505.0,Maimbung
30.51978,32.14620550933743,-1.6264255093374267,278115.0,659505.0,Maimbung
29.76506,31.771100622357068,-2.0060406223570695,278415.0,659505.0,Maimbung
29.477184,31.378691961346487,-1.9015079613464856,278715.0,659505.0,Maimbung
30.551878,32.62705870828442,-2.0751807082844245,279015.0,659505.0,Maimbung
31.86853,32.19825945100159,-0.32972945100159023,279315.0,659505.0,Maimbung
29.61742,31.65285157641213,-2.0354315764121296,279615.0,659505.0,Maimbung
31.539331,33.48273102215162,-1.943400022151618,279915.0,659505.0,Maimbung
31.958366,33.38249827890412,-1.4241322789041213,280215.0,659505.0,Maimbung
31.42506,31.83366363465536,-0.40860363465536054,280515.0,659505.0,Maimbung
32.028564,32.89499632058572,-0.8664323205857158,280815.0,659505.0,Maimbung
30.81324,33.46138193993137,-2.648141939931371,281115.0,659505.0,Maimbung
30.424364,32.36340845036873,-1.9390444503687299,281415.0,659505.0,Maimbung
30.07454,32.710617332817456,-2.6360773328174574,281715.0,659505.0,Maimbung
29.882586,32.48996082177775,-2.60737482177775,282015.0,659505.0,Talipao
29.921906,31.84835408177845,-1.9264480817784495,282315.0,659505.0,Talipao
29.99073,31.934799399470158,-1.944069399470159,282615.0,659505.0,Talipao
29.987938,31.79921628030876,-1.811278280308759,282915.0,659505.0,Talipao
30.15217,31.632867652760677,-1.480697652760675,283215.0,659505.0,Talipao
29.953703,31.73926839869387,-1.785565398693869,283515.0,659505.0,Talipao
30.223518,31.670807582208095,-1.4472895822080964,283815.0,659505.0,Talipao
32.032803,32.0515444712144,-0.01874147121439762,284115.0,659505.0,Talipao
31.139189,31.82717522239254,-0.6879862223925421,284415.0,659505.0,Talipao
29.778387,30.86897719866903,-1.0905901986690303,284715.0,659505.0,Talipao
30.57557,31.099211567465026,-0.5236415674650274,285015.0,659505.0,Talipao
31.11498,32.030997899187426,-0.9160178991874268,285315.0,659505.0,Talipao
31.48078,30.67134569674951,0.8094343032504909,285615.0,659505.0,Talipao
31.900068,31.213830560034335,0.6862374399656659,285915.0,659505.0,Talipao
31.657972,30.711543900112538,0.9464280998874628,286215.0,659505.0,Talipao
32.497433,32.39833470527636,0.09909829472363896,286515.0,659505.0,Talipao
32.358524,30.690598487676017,1.6679255123239862,286815.0,659505.0,Talipao
32.23702,31.03365675001653,1.2033632499834717,287115.0,659505.0,Talipao
31.93899,31.206471583123914,0.7325184168760863,287415.0,659505.0,Talipao
31.402824,30.800615068538136,0.6022089314618633,287715.0,659505.0,Talipao
31.606993,31.18184064501186,0.4251523549881391,288015.0,659505.0,Talipao
31.330143,31.116888333199892,0.21325466680010763,288315.0,659505.0,Talipao
32.27648,30.94411319968681,1.3323668003131885,288615.0,659505.0,Talipao
32.110764,31.661181601894906,0.4495823981050968,288915.0,659505.0,Talipao
31.96017,31.409446877391833,0.5507231226081686,289215.0,659505.0,Talipao
32.775448,32.57762154565487,0.19782645434512602,289515.0,659505.0,Talipao
33.259655,32.8086180360388,0.45103696396120085,289815.0,659505.0,Talipao
32.78301,31.942368913794002,0.840641086205995,290415.0,659505.0,Talipao
33.071617,32.137762861238905,0.9338541387610988,290715.0,659505.0,Talipao
34.46402,33.36750825941335,1.0965117405866494,291015.0,659505.0,Talipao
35.785965,34.313968637889346,1.4719963621106515,291315.0,659505.0,Talipao
34.835182,33.69205483328924,1.1431271667107623,291615.0,659505.0,Talipao
34.323338,32.97908300166896,1.3442549983310386,291915.0,659505.0,Talipao
33.697838,33.32680445818639,0.3710335418136097,292215.0,659505.0,Talipao
33.860252,33.77182080776711,0.0884311922328962,292515.0,659505.0,Talipao
33.63676,33.470688329640424,0.16607167035957815,292815.0,659505.0,Talipao
34.099922,32.307506910396256,1.7924150896037432,293115.0,659505.0,Talipao
35.379696,34.39525025285353,0.9844457471464736,293415.0,659505.0,Talipao
33.08468,31.504793560427903,1.5798864395720962,293715.0,659505.0,Talipao
34.78073,33.95431867644738,0.8264113235526196,294015.0,659505.0,Talipao
33.622635,32.271259747408564,1.3513752525914384,294315.0,659505.0,Talipao
32.433468,31.557436845876694,0.8760311541233037,294615.0,659505.0,Talipao
33.154045,32.96053182982376,0.1935131701762458,294915.0,659505.0,Talipao
32.165592,32.26098638403826,-0.09539438403826495,295215.0,659505.0,Talipao
32.735546,31.809558740936183,0.9259872590638167,295515.0,659505.0,Talipao
33.911186,31.940165071701394,1.971020928298607,295815.0,659505.0,Talipao
34.347202,32.857695729686725,1.489506270313278,296115.0,659505.0,Talipao
32.90254,33.096345570343445,-0.19380557034344292,296415.0,659505.0,Panglima Estino
35.569057,34.70104666831607,0.8680103316839336,296715.0,659505.0,Panglima Estino
32.819588,32.29462355025705,0.5249644497429529,297015.0,659505.0,Panglima Estino
32.264664,32.25453266266195,0.010131337338052049,297315.0,659505.0,Panglima Estino
33.02823,33.45566418121664,-0.4274341812166398,297615.0,659505.0,Panglima Estino
34.210052,33.15098267087067,1.0590693291293292,297915.0,659505.0,Panglima Estino
35.252434,34.102334214548904,1.150099785451097,298215.0,659505.0,Panglima Estino
35.424015,33.95700944915497,1.4670055508450304,298515.0,659505.0,Panglima Estino
34.35965,34.49090705071649,-0.13125705071648497,298815.0,659505.0,Panglima Estino
33.85913,34.09127724689476,-0.23214724689476185,299115.0,659505.0,Panglima Estino
34.280666,33.289832083915044,0.9908339160849522,299415.0,659505.0,Panglima Estino
33.20355,33.79722311079006,-0.593673110790057,299715.0,659505.0,Panglima Estino
36.145103,33.10898341968775,3.0361195803122456,300015.0,659505.0,Panglima Estino
34.81459,34.595498508825,0.21909149117499993,300315.0,659505.0,Panglima Estino
34.540638,34.612176149303565,-0.07153814930356361,300615.0,659505.0,Panglima Estino
33.701477,33.703112587385846,-0.0016355873858486802,300915.0,659505.0,Panglima Estino
32.46101,32.71392167037347,-0.2529116703734715,301215.0,659505.0,Old Panamao
33.157818,33.39006615201483,-0.23224815201483295,301515.0,659505.0,Old Panamao
33.17211,33.419263409258136,-0.24715340925813223,301815.0,659505.0,Old Panamao
33.38955,32.89428646411472,0.4952635358852788,302115.0,659505.0,Old Panamao
35.087242,34.12010669912817,0.9671353008718313,302415.0,659505.0,Old Panamao
33.15287,32.935484122352925,0.21738587764707518,302715.0,659505.0,Old Panamao
33.034576,32.217075021194304,0.8175009788056968,303015.0,659505.0,Old Panamao
33.228874,33.05096069306367,0.17791330693632545,303315.0,659505.0,Old Panamao
33.365437,32.835847141238276,0.5295898587617245,303615.0,659505.0,Old Panamao
33.573532,33.32164270641993,0.25188929358007073,303915.0,659505.0,Old Panamao
33.17602,32.51872243548448,0.6572975645155239,304215.0,659505.0,Old Panamao
32.28738,32.450619588403036,-0.16323958840303732,304515.0,659505.0,Old Panamao
31.683216,32.33961262828369,-0.6563966282836873,304815.0,659505.0,Old Panamao
32.94229,32.33397662592808,0.6083133740719191,305115.0,659505.0,Old Panamao
31.40165,31.655540396740637,-0.25389039674063696,306015.0,659505.0,Old Panamao
31.989952,30.57350553285203,1.416446467147967,306315.0,659505.0,Old Panamao
30.883877,29.28938018983578,1.5944968101642196,306915.0,659505.0,Old Panamao
30.557213,29.29844360700048,1.2587693929995218,307515.0,659505.0,Old Panamao
30.146307,29.537787471708352,0.608519528291648,307815.0,659505.0,Old Panamao
31.780914,31.131128830967015,0.6497851690329846,308115.0,659505.0,Old Panamao
31.68326,30.664177318877353,1.0190826811226472,308415.0,659505.0,Kalingalan Caluang
32.29247,31.000816203528288,1.2916537964717136,308715.0,659505.0,Kalingalan Caluang
31.504042,31.639976228906466,-0.13593422890646778,309015.0,659505.0,Kalingalan Caluang
32.293865,31.442877683157135,0.8509873168428612,309315.0,659505.0,Kalingalan Caluang
31.531965,30.847714742973622,0.6842502570263775,309615.0,659505.0,Kalingalan Caluang
31.785837,31.36271718886674,0.4231198111332617,309915.0,659505.0,Kalingalan Caluang
31.983286,31.769506439343086,0.2137795606569135,310215.0,659505.0,Luuk
31.825958,31.51313049498071,0.312827505019289,310515.0,659505.0,Luuk
31.969099,31.92432909097033,0.044769909029671595,310815.0,659505.0,Luuk
32.987507,31.987818149183582,0.999688850816419,311115.0,659505.0,Luuk
32.796402,33.5827740145083,-0.7863720145083022,311415.0,659505.0,Luuk
31.816925,32.00580657064802,-0.18888157064801803,311715.0,659505.0,Luuk
31.991442,31.952662858414616,0.038779141585383314,312015.0,659505.0,Luuk
32.390945,31.914948597498835,0.4759964025011669,312315.0,659505.0,Luuk
32.409817,33.402809108745785,-0.9929921087457885,312615.0,659505.0,Luuk
32.9229,31.70614127707583,1.216758722924169,312915.0,659505.0,Luuk
32.259842,33.34432779111535,-1.0844857911153483,313215.0,659505.0,Luuk
35.06967,32.685095285876706,2.3845747141232962,313515.0,659505.0,Luuk
34.313057,34.36840482026666,-0.055347820266661074,313815.0,659505.0,Luuk
34.14763,32.12892342758209,2.018706572417912,314115.0,659505.0,Luuk
34.401974,32.93516096783636,1.4668130321636426,314415.0,659505.0,Luuk
33.81426,32.7763793718777,1.037880628122295,314715.0,659505.0,Luuk
34.059128,33.47919860514229,0.5799293948577144,315015.0,659505.0,Luuk
33.4555,31.907553993777203,1.5479460062227979,315315.0,659505.0,Omar
32.887966,31.560960320631683,1.327005679368316,315915.0,659505.0,Omar
32.251465,31.468216737004195,0.7832482629958086,316215.0,659505.0,Omar
31.687475,32.720905645554915,-1.0334306455549154,316515.0,659505.0,Omar
32.415806,31.486688465967976,0.9291175340320272,316815.0,659505.0,Omar
32.72152,31.363986964044887,1.357533035955111,317115.0,659505.0,Omar
33.324978,32.04389817726662,1.281079822733382,317415.0,659505.0,Omar
34.093452,31.91334890832469,2.18010309167531,317715.0,659505.0,Omar
33.467407,32.43962027526497,1.02778672473503,318015.0,659505.0,Omar
33.07757,32.08991808548702,0.9876519145129805,318315.0,659505.0,Omar
32.81488,32.12385069195991,0.6910293080400933,318615.0,659505.0,Omar
33.717983,32.02055520739197,1.6974277926080248,318915.0,659505.0,Omar
33.832874,32.73052075864658,1.1023532413534198,319215.0,659505.0,Omar
33.506252,32.07108547931666,1.435166520683346,319515.0,659505.0,Omar
33.55991,31.284889197261183,2.275020802738819,319815.0,659505.0,Omar
32.82939,31.87606628786311,0.9533237121368856,320115.0,659505.0,Omar
32.81484,32.13355562689341,0.6812843731065854,320415.0,659505.0,Omar
33.00794,32.11606900476792,0.8918709952320754,320715.0,659505.0,Omar
32.366703,32.88087695783993,-0.5141739578399296,321015.0,659505.0,Omar
32.283543,31.242657128512857,1.040885871487145,321315.0,659505.0,Omar
32.734104,31.731087713440537,1.0030162865594647,321615.0,659505.0,Omar
31.941826,31.568031527791838,0.37379447220816076,321915.0,659505.0,Omar
31.90612,32.323749886828594,-0.4176298868285926,322215.0,659505.0,Omar
30.431772,30.162489543658246,0.2692824563417524,322515.0,659505.0,Omar
30.094349,30.62038392328516,-0.5260349232851596,322815.0,659505.0,Omar
29.8335,30.645658338795418,-0.8121583387954168,323115.0,659505.0,Omar
30.544222,31.686429760049,-1.142207760048997,323415.0,659505.0,Omar
30.734596,31.494083254969556,-0.7594872549695566,323715.0,659505.0,Omar
30.869905,30.35585267414082,0.5140523258591791,324015.0,659505.0,Omar
31.932144,30.741218183603547,1.1909258163964545,324315.0,659505.0,Omar
32.513443,31.79944909525398,0.7139939047460224,324615.0,659505.0,Omar
32.65882,32.41553080674919,0.2432891932508099,324915.0,659505.0,Omar
33.484898,33.033954418449625,0.4509435815503764,325215.0,659505.0,Omar
34.195797,33.43935124657385,0.7564457534261493,325515.0,659505.0,Omar
34.00705,34.62866795407799,-0.6216179540779905,265215.0,659205.0,Parang
32.120083,33.04273274200657,-0.9226497420065698,265515.0,659205.0,Parang
30.986532,33.03896481836264,-2.052432818362643,265815.0,659205.0,Parang
31.176952,32.73750691308026,-1.56055491308026,266115.0,659205.0,Parang
30.67847,32.251224095557475,-1.5727540955574746,266415.0,659205.0,Parang
30.646173,31.7319365664925,-1.0857635664924992,266715.0,659205.0,Parang
29.91467,32.58051667976626,-2.665846679766261,267015.0,659205.0,Parang
30.233278,32.865761758487196,-2.632483758487197,267315.0,659205.0,Parang
30.103258,32.24100401915068,-2.137746019150679,267615.0,659205.0,Parang
31.159895,32.98852665550602,-1.8286316555060225,267915.0,659205.0,Parang
30.59543,32.60243802214601,-2.0070080221460103,268215.0,659205.0,Parang
30.768833,31.33677887574081,-0.5679458757408078,268515.0,659205.0,Parang
29.861425,33.035671759372406,-3.174246759372405,268815.0,659205.0,Parang
29.085548,31.2139636949163,-2.128415694916299,269115.0,659205.0,Parang
30.149435,31.827604661162148,-1.6781696611621477,269415.0,659205.0,Parang
29.478065,31.32948058628386,-1.85141558628386,269715.0,659205.0,Indanan
30.163465,31.183302398695535,-1.019837398695536,270015.0,659205.0,Indanan
31.66582,31.219146960083833,0.4466730399161669,270315.0,659205.0,Indanan
29.088451,30.954416834792337,-1.8659658347923376,270615.0,659205.0,Indanan
29.739433,30.895059845140203,-1.1556268451402048,270915.0,659205.0,Indanan
28.355183,31.160837538834347,-2.8056545388343466,271215.0,659205.0,Indanan
28.780441,30.41449193296904,-1.6340509329690391,271515.0,659205.0,Indanan
29.687162,30.851864683273693,-1.164702683273692,271815.0,659205.0,Indanan
29.70872,31.665730623769928,-1.9570106237699285,272115.0,659205.0,Indanan
30.178041,30.595386149773578,-0.4173451497735776,272415.0,659205.0,Indanan
29.189032,30.70172154483686,-1.51268954483686,272715.0,659205.0,Indanan
29.453987,30.075110734378775,-0.6211237343787737,273015.0,659205.0,Indanan
29.785738,30.885416153363565,-1.0996781533635662,273315.0,659205.0,Indanan
30.977291,30.07925216942786,0.8980388305721405,273615.0,659205.0,Indanan
31.303722,31.587808186169887,-0.2840861861698869,273915.0,659205.0,Indanan
33.92957,32.548666054138614,1.3809039458613839,274215.0,659205.0,Indanan
31.76732,29.943226536456702,1.8240934635432993,274515.0,659205.0,Indanan
31.306242,30.626166275901003,0.6800757240989981,274815.0,659205.0,Indanan
31.26157,30.78155881751317,0.4800111824868303,275115.0,659205.0,Indanan
31.84649,31.53143899754163,0.31505100245836815,275415.0,659205.0,Indanan
30.9595,29.95537332269316,1.0041266773068394,275715.0,659205.0,Indanan
30.981958,31.517312087793186,-0.5353540877931877,276015.0,659205.0,Indanan
30.798748,30.52165824014967,0.27708975985033035,276315.0,659205.0,Indanan
32.00149,31.635525848085507,0.36596415191448983,276615.0,659205.0,Indanan
30.21351,31.167411846916515,-0.9539018469165157,276915.0,659205.0,Indanan
30.051468,31.535422015486645,-1.4839540154866455,277215.0,659205.0,Maimbung
30.111654,30.939494817662606,-0.8278408176626044,277515.0,659205.0,Maimbung
30.209623,32.054639492195314,-1.8450164921953132,277815.0,659205.0,Maimbung
29.003733,31.404057452418492,-2.4003244524184915,278115.0,659205.0,Maimbung
29.505503,32.29477208921223,-2.7892690892122296,278415.0,659205.0,Maimbung
28.060833,31.810205544420853,-3.7493725444208543,278715.0,659205.0,Maimbung
31.842865,32.482453968033404,-0.6395889680334044,279015.0,659205.0,Maimbung
31.637619,32.10534351464727,-0.4677245146472657,279315.0,659205.0,Maimbung
32.544846,33.23985585407761,-0.6950098540776111,279615.0,659205.0,Maimbung
32.23814,32.0647376023545,0.17340239764550347,279915.0,659205.0,Maimbung
31.920465,32.24218753827562,-0.3217225382756226,280215.0,659205.0,Maimbung
30.988363,33.00899331922055,-2.020630319220551,280515.0,659205.0,Maimbung
30.66165,32.466363761280405,-1.8047137612804036,280815.0,659205.0,Maimbung
30.82832,32.29161742522542,-1.4632974252254165,281115.0,659205.0,Maimbung
30.951807,33.22960710751305,-2.2778001075130483,281415.0,659205.0,Maimbung
30.449432,32.74060765606236,-2.2911756560623573,281715.0,659205.0,Maimbung
30.1815,32.64519655228253,-2.463696552282528,282015.0,659205.0,Maimbung
30.231743,32.404756428834396,-2.1730134288343947,282315.0,659205.0,Talipao
32.995747,33.04977589372218,-0.05402889372217601,282615.0,659205.0,Talipao
32.477814,33.418268474154935,-0.940454474154933,282915.0,659205.0,Talipao
30.925571,31.876706285013896,-0.9511352850138941,283215.0,659205.0,Talipao
30.550722,31.880553640845378,-1.3298316408453772,283515.0,659205.0,Talipao
32.44854,31.91078067822358,0.53775932177642,283815.0,659205.0,Talipao
31.320814,31.13412565288802,0.18668834711197846,284115.0,659205.0,Talipao
31.496042,30.9021118078102,0.5939301921897986,284415.0,659205.0,Talipao
30.76443,31.759224925406432,-0.9947949254064312,284715.0,659205.0,Talipao
30.854177,30.894121870120806,-0.03994487012080583,285015.0,659205.0,Talipao
31.109364,31.359169120092357,-0.24980512009235767,285315.0,659205.0,Talipao
31.221567,30.76243819993819,0.45912880006180856,285615.0,659205.0,Talipao
31.469757,30.565919089118704,0.9038379108812968,285915.0,659205.0,Talipao
31.805529,30.380515819168597,1.425013180831403,286215.0,659205.0,Talipao
32.250164,30.829013250826442,1.421150749173556,286515.0,659205.0,Talipao
32.14624,31.878658870265646,0.2675811297343529,286815.0,659205.0,Talipao
31.867666,30.70355552284027,1.1641104771597313,287115.0,659205.0,Talipao
31.66911,31.24988855737032,0.41922144262968075,287415.0,659205.0,Talipao
31.084475,31.048648269976884,0.03582673002311765,287715.0,659205.0,Talipao
31.357721,31.11278841116678,0.24493258883322255,288015.0,659205.0,Talipao
32.320087,31.09379605951156,1.2262909404884397,288315.0,659205.0,Talipao
32.29569,31.72328501430401,0.5724049856959894,288615.0,659205.0,Talipao
33.073296,31.30581704447004,1.7674789555299597,288915.0,659205.0,Talipao
32.53859,31.6609231879828,0.8776668120171998,289215.0,659205.0,Talipao
34.33184,31.79156433596597,2.5402756640340307,289515.0,659205.0,Talipao
33.586536,34.24947678316081,-0.6629407831608063,289815.0,659205.0,Talipao
34.080193,33.503464141883875,0.5767288581161267,290115.0,659205.0,Talipao
33.64696,32.17818633733065,1.4687736626693493,290415.0,659205.0,Talipao
34.67561,32.98435632924748,1.6912536707525163,290715.0,659205.0,Talipao
35.527645,33.80426188693502,1.7233831130649762,291015.0,659205.0,Talipao
35.27032,34.13638176764018,1.1339382323598173,291315.0,659205.0,Talipao
33.98538,32.66174757415559,1.3236324258444085,291615.0,659205.0,Talipao
33.87103,31.775839073230024,2.0951909267699733,291915.0,659205.0,Talipao
35.565258,32.84561047193268,2.71964752806732,292215.0,659205.0,Talipao
34.767017,32.77858026253365,1.9884367374663512,292515.0,659205.0,Talipao
35.167408,34.337553920394996,0.8298540796050062,292815.0,659205.0,Talipao
35.181355,33.25842595438726,1.9229290456127401,293115.0,659205.0,Talipao
34.98525,33.688184347768384,1.2970656522316162,293415.0,659205.0,Talipao
33.960598,32.518420125467685,1.4421778745323124,293715.0,659205.0,Talipao
36.037704,36.06263596533625,-0.024931965336250528,294015.0,659205.0,Talipao
33.37585,33.24770266800191,0.12814733199809325,294315.0,659205.0,Talipao
32.182487,31.9312475429802,0.2512394570198033,294615.0,659205.0,Talipao
32.8704,32.2078282792835,0.6625717207164996,294915.0,659205.0,Talipao
33.79385,33.30364159219649,0.4902084078035074,295215.0,659205.0,Talipao
32.989372,32.14038471552671,0.8489872844732957,295515.0,659205.0,Talipao
34.322716,32.31577453155296,2.006941468447039,295815.0,659205.0,Talipao
34.072464,34.11077370611088,-0.03830970611088702,296115.0,659205.0,Talipao
34.666924,33.195881753340394,1.4710422466596071,296415.0,659205.0,Panglima Estino
33.299515,32.661794202902534,0.6377207970974652,296715.0,659205.0,Panglima Estino
35.005543,33.9919310555228,1.013611944477205,297015.0,659205.0,Panglima Estino
35.12113,33.10711561202154,2.014014387978463,297315.0,659205.0,Panglima Estino
35.937267,34.55568657492619,1.3815804250738069,297615.0,659205.0,Panglima Estino
35.837337,33.60647041778928,2.230866582210716,297915.0,659205.0,Panglima Estino
35.774693,33.7765169634062,1.9981760365937973,298215.0,659205.0,Panglima Estino
35.709873,35.73464665754356,-0.024773657543555316,298515.0,659205.0,Panglima Estino
34.170696,33.661834570809305,0.508861429190695,298815.0,659205.0,Panglima Estino
34.066223,32.99478643515629,1.071436564843708,299115.0,659205.0,Panglima Estino
33.814022,32.07849160903206,1.7355303909679378,299415.0,659205.0,Panglima Estino
34.032413,34.189415480661346,-0.15700248066134748,299715.0,659205.0,Panglima Estino
35.52902,35.96805802601949,-0.4390380260194888,300015.0,659205.0,Panglima Estino
34.527184,33.0646838000267,1.4625001999732987,300315.0,659205.0,Panglima Estino
33.194035,32.99869538924733,0.1953396107526686,300615.0,659205.0,Panglima Estino
34.76159,32.890683490250716,1.8709065097492825,300915.0,659205.0,Panglima Estino
32.825626,34.012836871919355,-1.1872108719193548,301215.0,659205.0,Old Panamao
33.043446,33.329297467137934,-0.2858514671379311,301515.0,659205.0,Old Panamao
32.554264,32.914435256918196,-0.36017125691819274,301815.0,659205.0,Old Panamao
33.172287,34.186658592661956,-1.0143715926619592,302115.0,659205.0,Old Panamao
33.124313,33.686279153995656,-0.5619661539956553,302415.0,659205.0,Old Panamao
33.024876,32.550944969447436,0.47393103055256347,302715.0,659205.0,Old Panamao
32.69565,32.12372583546457,0.5719241645354316,303015.0,659205.0,Old Panamao
33.14281,32.2758105983826,0.8669994016173987,303315.0,659205.0,Old Panamao
32.69038,32.97753150162983,-0.28715150162982894,303615.0,659205.0,Old Panamao
32.485638,33.544752050165926,-1.059114050165924,303915.0,659205.0,Old Panamao
32.88164,32.611202275301004,0.2704377246989935,304215.0,659205.0,Old Panamao
32.196907,32.21252677463821,-0.01561977463820341,304515.0,659205.0,Old Panamao
31.852072,31.178657051303524,0.6734149486964753,304815.0,659205.0,Old Panamao
32.26882,32.02944081924518,0.2393791807548169,305115.0,659205.0,Old Panamao
32.28485,32.2858909999274,-0.0010409999274045845,305415.0,659205.0,Old Panamao
31.641388,31.646746896719083,-0.005358896719084072,305715.0,659205.0,Old Panamao
31.89538,32.01364616374199,-0.11826616374198906,306015.0,659205.0,Old Panamao
31.282343,31.103666317343322,0.17867668265667902,306315.0,659205.0,Old Panamao
30.847507,30.513579829533448,0.33392717046655207,307515.0,659205.0,Old Panamao
29.858273,29.449620837717532,0.40865216228246837,307815.0,659205.0,Old Panamao
31.502207,31.621468437797795,-0.11926143779779608,308115.0,659205.0,Kalingalan Caluang
31.6242,30.636261258917497,0.9879387410825018,308415.0,659205.0,Kalingalan Caluang
32.18505,31.19105459521509,0.9939954047849078,308715.0,659205.0,Kalingalan Caluang
32.030525,30.88127333686344,1.1492516631365568,309015.0,659205.0,Kalingalan Caluang
32.187008,31.629656621567186,0.5573513784328128,309315.0,659205.0,Kalingalan Caluang
32.18889,31.59216600649654,0.5967239935034598,309615.0,659205.0,Kalingalan Caluang
31.30259,31.212907106772285,0.08968289322771383,309915.0,659205.0,Kalingalan Caluang
31.799105,33.22291479270693,-1.4238097927069298,310215.0,659205.0,Luuk
31.976263,31.982340851299462,-0.006077851299462367,310515.0,659205.0,Luuk
32.68632,32.560937585364165,0.12538241463583688,310815.0,659205.0,Luuk
32.23571,31.718039092661428,0.5176709073385695,311115.0,659205.0,Luuk
33.091553,32.74060057189072,0.35095242810928085,311415.0,659205.0,Luuk
32.035965,32.01411555578324,0.021849444216755387,311715.0,659205.0,Luuk
32.030838,32.03323872204349,-0.0024007220434896226,312015.0,659205.0,Luuk
32.032604,32.19497987429283,-0.1623758742928274,312315.0,659205.0,Luuk
32.851562,32.2981574276336,0.5534045723664036,312615.0,659205.0,Luuk
32.141693,31.438455607306032,0.7032373926939641,312915.0,659205.0,Luuk
31.775684,31.35341241163433,0.4222715883656676,313215.0,659205.0,Luuk
34.92032,34.01952165190621,0.9007983480937867,313515.0,659205.0,Luuk
33.257107,32.41359431655723,0.8435126834427678,313815.0,659205.0,Luuk
33.83439,33.765481512073265,0.0689084879267341,314115.0,659205.0,Luuk
34.175064,32.98024093097109,1.1948230690289066,314415.0,659205.0,Luuk
33.8376,32.74473912973554,1.0928608702644595,314715.0,659205.0,Luuk
35.70509,36.41531327457403,-0.7102232745740338,315015.0,659205.0,Luuk
33.81716,32.290937692122725,1.5262223078772763,315615.0,659205.0,Luuk
33.325718,32.1601831144615,1.1655348855384986,315915.0,659205.0,Luuk
32.21775,30.93361936928829,1.2841306307117115,316215.0,659205.0,Luuk
32.191647,31.739333424743702,0.45231357525630145,316515.0,659205.0,Luuk
32.846485,31.34953022934223,1.4969547706577728,316815.0,659205.0,Omar
33.554844,33.09502746532922,0.45981653467078587,317115.0,659205.0,Omar
33.520782,32.01681287101059,1.5039691289894037,317415.0,659205.0,Omar
32.61894,31.642464933248004,0.9764750667519984,317715.0,659205.0,Omar
34.363407,34.98012728308207,-0.6167202830820671,318015.0,659205.0,Omar
32.34935,31.60052261362296,0.7488273863770409,318315.0,659205.0,Omar
32.926086,32.58703172925878,0.3390542707412152,318615.0,659205.0,Omar
32.318672,32.134451964602356,0.18422003539764376,318915.0,659205.0,Omar
33.466408,32.119002950177425,1.3474050498225765,319215.0,659205.0,Omar
33.184727,32.883475339097984,0.30125166090201816,319515.0,659205.0,Omar
32.721207,32.08143235570074,0.6397746442992585,319815.0,659205.0,Omar
32.866726,31.957138214945775,0.9095877850542244,320115.0,659205.0,Omar
32.397083,32.6885891773344,-0.2915061773343979,320415.0,659205.0,Omar
32.37531,32.37549163282051,-0.00018163282051375518,320715.0,659205.0,Omar
32.845,32.24846980992223,0.5965301900777717,321015.0,659205.0,Omar
32.047653,31.224510023317542,0.8231429766824547,321315.0,659205.0,Omar
32.413296,31.817567971329566,0.5957280286704361,321615.0,659205.0,Omar
32.43766,32.68324070028951,-0.2455807002895085,321915.0,659205.0,Omar
30.194073,30.58134731790999,-0.38727431790999134,322215.0,659205.0,Omar
31.251839,29.982625883463406,1.2692131165365943,322515.0,659205.0,Omar
30.729082,30.786116685053916,-0.0570346850539174,322815.0,659205.0,Omar
31.524157,31.358020440507666,0.1661365594923332,323115.0,659205.0,Omar
30.69831,31.054796299556962,-0.35648629955696265,323415.0,659205.0,Omar
31.11942,31.837355288976095,-0.7179352889760935,323715.0,659205.0,Omar
31.085926,31.03181638254779,0.05410961745220888,324015.0,659205.0,Omar
31.326294,30.82002450674133,0.5062694932586709,324315.0,659205.0,Omar
31.863106,30.885656662704285,0.9774493372957131,324615.0,659205.0,Omar
32.99803,32.41826572285043,0.5797642771495717,324915.0,659205.0,Omar
33.467945,33.03447543425798,0.43346956574202267,325215.0,659205.0,Omar
34.063683,33.29052519394015,0.7731578060598494,325515.0,659205.0,Omar
32.469055,33.87814060446223,-1.4090856044622342,264915.0,658905.0,Parang
33.392334,37.10030050933029,-3.7079665093302907,265215.0,658905.0,Parang
30.909193,32.65571526487518,-1.7465222648751784,265515.0,658905.0,Parang
31.131844,32.256378763343356,-1.1245347633433553,265815.0,658905.0,Parang
31.038471,32.8683633718553,-1.8298923718553013,266115.0,658905.0,Parang
30.39073,31.776710925225718,-1.3859809252257165,266415.0,658905.0,Parang
29.97152,33.14547247310979,-3.1739524731097895,266715.0,658905.0,Parang
29.92633,32.22244265279248,-2.2961126527924804,267015.0,658905.0,Parang
30.765472,32.09158025743029,-1.3261082574302883,267315.0,658905.0,Parang
30.200481,32.428202519882234,-2.227721519882234,267615.0,658905.0,Parang
30.500978,31.887922155489605,-1.386944155489605,267915.0,658905.0,Parang
29.933548,32.42915035405903,-2.4956023540590344,268215.0,658905.0,Parang
30.093365,31.59222102330626,-1.49885602330626,268515.0,658905.0,Parang
30.451536,31.747110052096712,-1.2955740520967112,268815.0,658905.0,Parang
30.043674,32.03179280677718,-1.9881188067771838,269115.0,658905.0,Parang
30.199297,31.080898962795505,-0.8816019627955036,269415.0,658905.0,Parang
29.885145,31.43802251448326,-1.55287751448326,269715.0,658905.0,Indanan
29.903164,30.757853794693332,-0.8546897946933321,270015.0,658905.0,Indanan
28.84666,31.27247369113971,-2.425813691139709,270315.0,658905.0,Indanan
29.23323,31.477536875760688,-2.2443068757606888,270615.0,658905.0,Indanan
31.404568,30.77170110128615,0.6328668987138499,270915.0,658905.0,Indanan
29.518354,31.335078716765988,-1.8167247167659895,271215.0,658905.0,Indanan
29.32283,30.613108520215047,-1.2902785202150469,271515.0,658905.0,Indanan
29.840448,30.68068821343118,-0.8402402134311799,271815.0,658905.0,Indanan
29.15981,30.400841143976727,-1.241031143976727,272115.0,658905.0,Indanan
29.529623,29.934915736955674,-0.4052927369556727,272415.0,658905.0,Indanan
30.070984,30.74633698770145,-0.6753529877014515,272715.0,658905.0,Indanan
30.282957,30.31277176432293,-0.029814764322932064,273015.0,658905.0,Indanan
30.624891,30.707047614548827,-0.0821566145488255,273315.0,658905.0,Indanan
30.309092,30.645540212736698,-0.33644821273669834,273615.0,658905.0,Indanan
31.316793,30.359593494004216,0.957199505995785,273915.0,658905.0,Indanan
31.391577,31.078067817731124,0.31350918226887714,274215.0,658905.0,Indanan
32.98912,31.341718619236495,1.6474013807635046,274515.0,658905.0,Indanan
31.176878,30.11820738960977,1.0586706103902301,274815.0,658905.0,Indanan
30.9325,30.48547404207708,0.44702595792292144,275115.0,658905.0,Indanan
30.990217,30.838915064983954,0.15130193501604694,275415.0,658905.0,Indanan
30.839443,30.985333059122716,-0.14589005912271702,275715.0,658905.0,Indanan
31.168673,31.264266702411057,-0.09559370241105825,276015.0,658905.0,Indanan
30.61723,31.01211017652248,-0.39488017652248075,276315.0,658905.0,Indanan
31.795017,31.518661664634877,0.2763553353651247,276615.0,658905.0,Indanan
30.710003,31.19489014270573,-0.4848871427057304,276915.0,658905.0,Indanan
30.723541,31.78219936940054,-1.0586583694005398,277215.0,658905.0,Maimbung
30.52575,31.35869500428342,-0.8329450042834203,277515.0,658905.0,Maimbung
31.814487,31.711711172934507,0.10277582706549282,277815.0,658905.0,Maimbung
29.850315,32.12672225886754,-2.2764072588675397,278115.0,658905.0,Maimbung
30.30981,32.307249292204304,-1.9974392922043052,278415.0,658905.0,Maimbung
31.625492,32.329749456178526,-0.7042574561785244,278715.0,658905.0,Maimbung
30.618494,33.019180906172174,-2.400686906172176,279015.0,658905.0,Maimbung
30.348228,32.068334946658474,-1.7201069466584755,279315.0,658905.0,Maimbung
30.832703,32.152761818629166,-1.3200588186291675,279615.0,658905.0,Maimbung
31.833397,32.7889279624782,-0.9555309624781962,279915.0,658905.0,Maimbung
30.815435,32.97354517397748,-2.1581101739774766,280215.0,658905.0,Maimbung
31.126574,32.65200387376768,-1.5254298737676812,280515.0,658905.0,Maimbung
30.983328,32.87599648176882,-1.8926684817688226,280815.0,658905.0,Maimbung
30.927872,32.0564044471763,-1.1285324471762976,281115.0,658905.0,Maimbung
30.948128,32.24214578548065,-1.2940177854806514,281415.0,658905.0,Maimbung
30.833725,32.70579880483154,-1.8720738048315368,281715.0,658905.0,Maimbung
31.389212,32.33912412039102,-0.9499121203910192,282015.0,658905.0,Maimbung
31.454222,32.35265831791505,-0.8984363179150492,282315.0,658905.0,Talipao
31.211515,32.709135833680826,-1.497620833680827,282615.0,658905.0,Talipao
32.35883,33.26038103998674,-0.9015510399867424,282915.0,658905.0,Talipao
31.686762,31.990875956115254,-0.30411395611525194,283215.0,658905.0,Talipao
30.99272,32.28345661542831,-1.2907366154283082,283515.0,658905.0,Talipao
30.640678,31.86499153528249,-1.2243135352824872,283815.0,658905.0,Talipao
31.30678,32.07574379073427,-0.7689637907342721,284115.0,658905.0,Talipao
31.337921,31.36694482448667,-0.02902382448666785,284415.0,658905.0,Talipao
30.566626,30.96498415398947,-0.39835815398947005,284715.0,658905.0,Talipao
31.112703,30.680326626853326,0.4323763731466741,285015.0,658905.0,Talipao
31.23558,31.342276304012515,-0.10669630401251595,285315.0,658905.0,Talipao
30.984833,31.024764833845023,-0.0399318338450243,285615.0,658905.0,Talipao
31.137054,30.958621666036446,0.17843233396355274,285915.0,658905.0,Talipao
30.990974,29.971715980270822,1.019258019729179,286215.0,658905.0,Talipao
31.104156,30.87078279713292,0.23337320286707808,286515.0,658905.0,Talipao
32.023026,29.941464511578037,2.081561488421965,286815.0,658905.0,Talipao
30.184252,30.66525063343626,-0.4809986334362577,287115.0,658905.0,Talipao
31.881369,30.738031932811957,1.1433370671880425,287415.0,658905.0,Talipao
31.445581,31.16463992718725,0.2809410728127517,287715.0,658905.0,Talipao
32.14129,31.041693202245824,1.0995967977541738,288015.0,658905.0,Talipao
32.67658,32.30355796445212,0.3730220355478835,288315.0,658905.0,Talipao
32.58977,31.99438054614617,0.59538945385383,288615.0,658905.0,Talipao
31.975946,31.734523851489723,0.24142214851027788,288915.0,658905.0,Talipao
32.505325,31.657259034854732,0.8480659651452669,289215.0,658905.0,Talipao
33.64362,32.95839432311234,0.6852256768876615,289515.0,658905.0,Talipao
33.754982,34.521890899911035,-0.7669088999110372,289815.0,658905.0,Talipao
33.418083,33.158563696764205,0.2595193032357983,290115.0,658905.0,Talipao
32.69518,33.20771370162293,-0.5125337016229281,290415.0,658905.0,Talipao
33.99797,33.350213055012404,0.6477569449875986,290715.0,658905.0,Talipao
35.926704,32.80839714216087,3.11830685783913,291015.0,658905.0,Talipao
35.67418,34.947355545886154,0.7268244541138458,291315.0,658905.0,Talipao
34.868397,34.35913195376822,0.509265046231782,291615.0,658905.0,Talipao
35.19198,33.4223010894526,1.7696789105473982,291915.0,658905.0,Talipao
33.710533,33.05941691563092,0.6511160843690789,292215.0,658905.0,Talipao
36.27395,33.39191000059513,2.882039999404867,292515.0,658905.0,Talipao
35.44981,33.916863327850415,1.5329466721495848,292815.0,658905.0,Talipao
35.300343,34.711583801505434,0.5887591984945644,293115.0,658905.0,Talipao
34.606224,32.9022661617065,1.7039578382934977,293415.0,658905.0,Talipao
34.337383,32.815093024600635,1.5222899753993673,293715.0,658905.0,Talipao
35.308517,33.66064923461439,1.6478677653856124,294015.0,658905.0,Talipao
36.10561,34.817876692771556,1.287733307228443,294315.0,658905.0,Talipao
33.08264,32.638526092119626,0.44411390788037153,294615.0,658905.0,Talipao
32.99419,32.379788241273715,0.614401758726288,294915.0,658905.0,Talipao
32.794052,32.12018999170197,0.6738620082980304,295215.0,658905.0,Talipao
32.69238,32.90352428367722,-0.21114428367722127,295515.0,658905.0,Talipao
34.355656,33.32428749781495,1.0313685021850532,295815.0,658905.0,Talipao
33.591667,32.7603358199322,0.8313311800677994,296115.0,658905.0,Talipao
34.15145,34.66417239236402,-0.5127223923640258,296415.0,658905.0,Panglima Estino
32.997467,32.539627092265064,0.457839907734936,296715.0,658905.0,Panglima Estino
33.186905,32.77639812518721,0.41050687481279624,297015.0,658905.0,Panglima Estino
34.24597,32.62633254212346,1.619637457876543,297315.0,658905.0,Panglima Estino
33.65012,32.89183483823369,0.7582851617663096,297615.0,658905.0,Panglima Estino
33.968327,32.54229941554213,1.42602758445787,297915.0,658905.0,Panglima Estino
34.147106,33.175150503358985,0.9719554966410158,298215.0,658905.0,Panglima Estino
33.938652,32.74368029385866,1.194971706141338,298515.0,658905.0,Panglima Estino
33.36213,32.76428244306436,0.5978475569356405,298815.0,658905.0,Panglima Estino
36.324154,32.85595136678306,3.46820263321694,299115.0,658905.0,Panglima Estino
34.061085,33.678930839943995,0.3821541600560039,299415.0,658905.0,Panglima Estino
34.77721,33.78213993331642,0.9950700666835743,299715.0,658905.0,Panglima Estino
34.555294,34.120056421447124,0.43523757855287926,300015.0,658905.0,Panglima Estino
37.957108,37.54546184252467,0.4116461574753316,300315.0,658905.0,Panglima Estino
32.927483,33.72128067799183,-0.7937976779918259,300615.0,658905.0,Panglima Estino
34.9899,35.20845291118417,-0.21855291118416886,300915.0,658905.0,Panglima Estino
33.836266,33.260955161325136,0.5753108386748664,301215.0,658905.0,Old Panamao
33.77979,34.19075091754652,-0.4109609175465181,301515.0,658905.0,Old Panamao
32.679035,33.52519611094816,-0.8461611109481595,301815.0,658905.0,Old Panamao
32.999374,32.7574182274338,0.24195577256620027,302115.0,658905.0,Old Panamao
33.35001,32.766690265161344,0.5833197348386534,302415.0,658905.0,Old Panamao
32.76034,32.16333329688157,0.5970067031184314,302715.0,658905.0,Old Panamao
33.01329,31.614736587744424,1.3985534122555734,303015.0,658905.0,Old Panamao
34.050247,33.75602536942218,0.29422163057781603,303315.0,658905.0,Old Panamao
34.177433,33.019834078799924,1.1575989212000763,303615.0,658905.0,Old Panamao
32.443653,31.901245817902254,0.5424071820977439,303915.0,658905.0,Old Panamao
33.27234,32.51906058277145,0.7532794172285477,304215.0,658905.0,Old Panamao
33.71265,32.972635116662524,0.7400148833374729,304515.0,658905.0,Old Panamao
31.936193,32.26001230715962,-0.3238193071596207,304815.0,658905.0,Old Panamao
31.75549,32.34454879515198,-0.5890587951519777,305115.0,658905.0,Old Panamao
31.878523,31.30452732365417,0.5739956763458309,305415.0,658905.0,Old Panamao
32.125652,31.9951055648751,0.13054643512490216,305715.0,658905.0,Old Panamao
31.877108,31.680731960820466,0.19637603917953328,306015.0,658905.0,Old Panamao
30.801552,30.60696445989002,0.19458754010998192,306315.0,658905.0,Old Panamao
32.026146,31.1504109087967,0.8757350912032962,307515.0,658905.0,Old Panamao
30.819641,30.98573382699897,-0.16609282699896966,307815.0,658905.0,Kalingalan Caluang
31.403576,31.02613272937905,0.37744327062095095,308115.0,658905.0,Kalingalan Caluang
31.73839,31.48914222531891,0.24924777468108772,308415.0,658905.0,Kalingalan Caluang
32.530388,31.430490005263746,1.0998979947362564,308715.0,658905.0,Kalingalan Caluang
33.005013,31.225071006264322,1.779941993735676,309015.0,658905.0,Kalingalan Caluang
32.23765,31.69766923001501,0.539980769984993,309315.0,658905.0,Kalingalan Caluang
32.17747,31.76065448603536,0.41681551396463945,309615.0,658905.0,Kalingalan Caluang
32.606037,32.74864360522337,-0.14260660522337076,309915.0,658905.0,Kalingalan Caluang
32.27892,31.90704979771061,0.37187020228939005,310215.0,658905.0,Luuk
32.325726,31.76575762704643,0.5599683729535734,311415.0,658905.0,Luuk
32.44964,32.237476446952314,0.21216355304768797,311715.0,658905.0,Luuk
31.190231,31.538349398275788,-0.34811839827578694,312015.0,658905.0,Luuk
31.95344,31.65461688560969,0.2988231143903093,312315.0,658905.0,Luuk
32.779964,33.0524520316607,-0.2724880316606999,312615.0,658905.0,Luuk
31.616514,31.987150925185826,-0.3706369251858277,312915.0,658905.0,Luuk
31.40311,31.685641060824302,-0.2825310608243008,313215.0,658905.0,Luuk
30.6197,31.943189558553684,-1.3234895585536819,313515.0,658905.0,Luuk
31.966084,33.22759109010126,-1.261507090101258,313815.0,658905.0,Luuk
33.359085,32.20039065977754,1.1586943402224605,314415.0,658905.0,Luuk
33.63376,33.08995373731852,0.5438062626814855,314715.0,658905.0,Luuk
32.337303,32.09801620006275,0.239286799937247,315015.0,658905.0,Luuk
32.678753,31.977074564186868,0.7016784358131325,315315.0,658905.0,Luuk
32.917915,32.77150599772649,0.14640900227350784,315615.0,658905.0,Luuk
33.16306,31.713023130288747,1.450036869711255,315915.0,658905.0,Luuk
32.200916,31.251929932162312,0.9489860678376871,316215.0,658905.0,Luuk
33.378532,32.286268123945526,1.0922638760544743,316515.0,658905.0,Luuk
33.251614,31.819345586627204,1.4322684133727925,316815.0,658905.0,Luuk
33.030018,31.007512490167503,2.022505509832495,317115.0,658905.0,Luuk
32.71284,31.485460407013427,1.2273795929865727,317415.0,658905.0,Luuk
33.129086,33.04384638798765,0.08523961201235153,317715.0,658905.0,Luuk
33.13181,33.01415890792798,0.11765109207202329,318015.0,658905.0,Luuk
32.704697,32.44925991028961,0.2554370897103908,318315.0,658905.0,Omar
33.589314,32.88290265397091,0.7064113460290926,318615.0,658905.0,Omar
33.47275,32.64166286680877,0.8310871331912253,318915.0,658905.0,Omar
33.941147,32.95594612367477,0.98520087632523,319215.0,658905.0,Omar
34.430603,32.60411345158764,1.8264895484123613,319515.0,658905.0,Omar
32.74738,31.7196493960384,1.0277306039616008,319815.0,658905.0,Omar
33.079174,32.3160229151867,0.7631510848133018,320115.0,658905.0,Omar
33.390873,32.096481393447654,1.2943916065523453,320415.0,658905.0,Omar
33.768066,32.680716029258164,1.0873499707418333,320715.0,658905.0,Omar
33.679623,32.946328654082684,0.7332943459173151,321015.0,658905.0,Omar
33.28397,32.40691772157857,0.8770522784214236,321315.0,658905.0,Omar
33.7988,32.821293805877154,0.9775061941228458,321615.0,658905.0,Omar
33.24014,32.91921764143005,0.3209223585699448,321915.0,658905.0,Omar
32.034252,29.945067265249715,2.0891847347502868,322215.0,658905.0,Omar
31.796165,30.986258254163484,0.8099067458365141,322515.0,658905.0,Omar
31.445232,31.894494400845335,-0.44926240084533475,322815.0,658905.0,Omar
32.184612,33.24084543221339,-1.0562334322133893,323115.0,658905.0,Omar
32.189606,31.902180476472616,0.28742552352738215,323415.0,658905.0,Omar
31.193424,32.2163006662414,-1.0228766662414017,323715.0,658905.0,Omar
31.256182,31.88625207318389,-0.6300700731838909,324015.0,658905.0,Omar
32.202705,32.04906197545214,0.15364302454786127,324315.0,658905.0,Omar
31.821112,32.403905099813414,-0.582793099813415,324615.0,658905.0,Omar
33.20528,32.5477712511932,0.657508748806805,324915.0,658905.0,Omar
32.933796,33.050261536366314,-0.11646553636631296,325215.0,658905.0,Omar
33.975716,35.011732138865106,-1.036016138865108,325515.0,658905.0,Omar
32.587875,33.626487110860765,-1.0386121108607682,264615.0,658605.0,Parang
31.963396,31.870139880037655,0.09325611996234429,264915.0,658605.0,Parang
31.335516,33.190062550372915,-1.8545465503729162,265215.0,658605.0,Parang
31.041891,31.65268092021567,-0.6107899202156695,265515.0,658605.0,Parang
32.061893,32.97022329989725,-0.9083302998972513,265815.0,658605.0,Parang
31.171244,32.511174738561444,-1.339930738561442,266115.0,658605.0,Parang
30.512825,33.85325086770429,-3.3404258677042904,266415.0,658605.0,Parang
30.401407,33.75721003609821,-3.3558030360982087,266715.0,658605.0,Parang
30.281982,33.34266233914081,-3.0606803391408093,267015.0,658605.0,Parang
30.839136,32.782150184481246,-1.943014184481246,267315.0,658605.0,Parang
30.797003,32.54811585404812,-1.7511128540481202,267615.0,658605.0,Parang
30.736078,31.82660143027369,-1.0905234302736915,267915.0,658605.0,Parang
31.643461,32.19710202321383,-0.5536410232138316,268215.0,658605.0,Parang
30.203096,31.90780894522689,-1.7047129452268912,268515.0,658605.0,Parang
29.3408,32.51208502305641,-3.171285023056406,268815.0,658605.0,Parang
29.860186,31.87065038856294,-2.0104643885629407,269115.0,658605.0,Parang
28.848236,31.22533540175501,-2.377099401755011,269415.0,658605.0,Parang
29.199535,31.620224780553144,-2.4206897805531433,269715.0,658605.0,Parang
30.528,31.364440028600097,-0.8364400286000979,270015.0,658605.0,Indanan
29.351213,30.783454658114014,-1.4322416581140125,270315.0,658605.0,Indanan
29.078333,31.259269806619034,-2.1809368066190338,270615.0,658605.0,Indanan
29.991514,31.37543397865051,-1.3839199786505105,270915.0,658605.0,Indanan
28.54776,31.053655602978992,-2.505895602978992,271215.0,658605.0,Indanan
28.420565,30.300302742441392,-1.8797377424413924,271515.0,658605.0,Indanan
28.93609,30.323446086178542,-1.3873560861785421,271815.0,658605.0,Indanan
29.322302,30.62320578988742,-1.3009037898874212,272115.0,658605.0,Indanan
29.78127,29.633390625802704,0.14787937419729502,272415.0,658605.0,Indanan
32.619297,31.29946534165907,1.3198316583409344,272715.0,658605.0,Indanan
31.060589,30.796130406334054,0.26445859366594604,273015.0,658605.0,Indanan
30.738302,29.432823381574217,1.3054786184257843,273315.0,658605.0,Indanan
29.621735,30.572793159777113,-0.9510581597771122,273615.0,658605.0,Indanan
30.673012,30.348995474594616,0.3240165254053835,273915.0,658605.0,Indanan
30.67613,29.948122775402428,0.7280072245975724,274215.0,658605.0,Indanan
31.071932,29.846742713953134,1.2251892860468665,274515.0,658605.0,Indanan
31.454016,30.878803523644613,0.5752124763553859,274815.0,658605.0,Indanan
31.270306,31.316099060336377,-0.045793060336375646,275115.0,658605.0,Indanan
32.05088,31.175877213778154,0.8750027862218452,275415.0,658605.0,Indanan
31.605982,31.301581591829773,0.3044004081702276,275715.0,658605.0,Indanan
30.382708,31.058059150665958,-0.6753511506659571,276015.0,658605.0,Indanan
31.670887,31.232424225479274,0.43846277452072613,276315.0,658605.0,Indanan
32.253075,31.865218428848706,0.38785657115129624,276615.0,658605.0,Indanan
31.71583,31.616063079346567,0.09976692065343329,276915.0,658605.0,Maimbung
31.614939,31.66042037932697,-0.04548137932696861,277215.0,658605.0,Maimbung
31.338163,31.601770326967372,-0.2636073269673709,277515.0,658605.0,Maimbung
31.044138,32.636005601501836,-1.5918676015018356,277815.0,658605.0,Maimbung
29.598278,31.713849091178446,-2.1155710911784453,278115.0,658605.0,Maimbung
30.37955,32.29023595091933,-1.9106859509193335,278415.0,658605.0,Maimbung
30.826324,32.8859195534822,-2.059595553482204,278715.0,658605.0,Maimbung
31.21744,31.81651411729687,-0.599074117296869,279015.0,658605.0,Maimbung
30.275167,32.18333472772184,-1.9081677277218425,279315.0,658605.0,Maimbung
30.943916,31.991266011175682,-1.0473500111756806,279615.0,658605.0,Maimbung
30.947702,32.687215570397484,-1.7395135703974844,279915.0,658605.0,Maimbung
29.94265,30.847209257616775,-0.9045592576167749,280215.0,658605.0,Maimbung
31.554478,32.25166208903074,-0.6971840890307384,280515.0,658605.0,Maimbung
31.478397,33.044152842443374,-1.565755842443373,280815.0,658605.0,Maimbung
30.904814,32.651626675420566,-1.7468126754205677,281115.0,658605.0,Maimbung
30.820026,33.41691846026214,-2.59689246026214,281415.0,658605.0,Maimbung
30.901821,33.074862567366125,-2.1730415673661234,281715.0,658605.0,Maimbung
31.64891,32.8903693891981,-1.2414593891980985,282015.0,658605.0,Maimbung
30.581415,32.522796741302805,-1.9413817413028056,282315.0,658605.0,Talipao
30.903292,32.595164915592136,-1.6918729155921355,282615.0,658605.0,Talipao
31.095425,32.73909908409017,-1.643674084090172,282915.0,658605.0,Talipao
30.9331,31.891242951396826,-0.9581429513968267,283215.0,658605.0,Talipao
30.41163,31.414378737793456,-1.002748737793457,283515.0,658605.0,Talipao
31.209408,31.957265116107198,-0.7478571161071983,283815.0,658605.0,Talipao
31.161057,31.87184760520859,-0.7107906052085902,284115.0,658605.0,Talipao
31.258713,31.813361422854125,-0.5546484228541253,284415.0,658605.0,Talipao
30.550425,31.24589536005339,-0.6954703600533882,284715.0,658605.0,Talipao
31.237694,30.88468916805017,0.353004831949832,285015.0,658605.0,Talipao
31.28783,31.329242086916416,-0.04141208691641651,285315.0,658605.0,Talipao
31.156076,30.573891989273235,0.5821840107267633,285615.0,658605.0,Talipao
30.363,30.684146802188067,-0.3211468021880677,285915.0,658605.0,Talipao
30.721157,30.845631549124676,-0.12447454912467393,286215.0,658605.0,Talipao
30.741028,29.863116559305926,0.8779114406940742,286515.0,658605.0,Talipao
31.611387,30.193446741815265,1.4179402581847356,286815.0,658605.0,Talipao
30.605148,30.161952910414463,0.44319508958553655,287115.0,658605.0,Talipao
30.514683,29.575660367894166,0.9390226321058357,287415.0,658605.0,Talipao
31.18287,30.79438221332399,0.3884877866760128,287715.0,658605.0,Talipao
31.79069,34.88159473961805,-3.0909047396180505,288015.0,658605.0,Talipao
31.72321,30.986966947577567,0.7362430524224344,288315.0,658605.0,Talipao
32.251175,31.61670324873549,0.6344717512645133,288615.0,658605.0,Talipao
31.332113,31.518055781013384,-0.18594278101338446,288915.0,658605.0,Talipao
33.08379,31.347188198161675,1.7366018018383258,289215.0,658605.0,Talipao
34.03197,33.29703276786041,0.7349372321395933,289515.0,658605.0,Talipao
33.71232,32.58207006008828,1.130249939911721,289815.0,658605.0,Talipao
33.06191,31.322669221195056,1.739240778804941,290115.0,658605.0,Talipao
33.923992,33.620162190395675,0.3038298096043235,290415.0,658605.0,Talipao
35.249718,35.13477448712827,0.11494351287173288,290715.0,658605.0,Talipao
35.56166,33.320737479990825,2.2409225200091782,291015.0,658605.0,Talipao
33.89266,32.68646263063791,1.206197369362087,291315.0,658605.0,Talipao
33.357887,32.7187881385314,0.6390988614685966,291615.0,658605.0,Talipao
32.645283,31.867601030179443,0.7776819698205557,291915.0,658605.0,Talipao
33.333244,33.402156197621984,-0.06891219762198375,292215.0,658605.0,Talipao
33.279408,32.32038239435895,0.9590256056410453,292515.0,658605.0,Talipao
32.373386,31.48981115547342,0.883574844526585,292815.0,658605.0,Talipao
33.916782,32.56601706216256,1.3507649378374396,293115.0,658605.0,Talipao
34.00907,34.24592571894781,-0.2368557189478082,293415.0,658605.0,Talipao
35.615696,33.06834962677418,2.547346373225821,293715.0,658605.0,Talipao
35.48775,35.29606436769172,0.1916856323082783,294015.0,658605.0,Talipao
35.090862,33.01605519959013,2.074806800409874,294315.0,658605.0,Talipao
33.675644,32.2545700131278,1.4210739868722015,294615.0,658605.0,Talipao
32.5269,31.79242891870492,0.7344710812950765,294915.0,658605.0,Talipao
32.632645,32.328248015196735,0.3043969848032617,295215.0,658605.0,Talipao
33.647774,32.3733629079298,1.2744110920701957,295515.0,658605.0,Talipao
33.965904,31.7350903294599,2.230813670540101,295815.0,658605.0,Talipao
33.055607,31.44940856690904,1.606198433090963,296115.0,658605.0,Talipao
33.058838,32.328046481752445,0.7307915182475568,296415.0,658605.0,Panglima Estino
34.37071,35.076083248862915,-0.7053732488629123,296715.0,658605.0,Panglima Estino
33.02331,32.690210187770276,0.33309981222972596,297015.0,658605.0,Panglima Estino
33.804104,33.87420970568811,-0.07010570568810692,297315.0,658605.0,Panglima Estino
33.959854,33.092383175964,0.8674708240359976,297615.0,658605.0,Panglima Estino
34.6862,35.216201031901946,-0.5300010319019464,297915.0,658605.0,Panglima Estino
35.169785,34.48285114015026,0.6869338598497379,298215.0,658605.0,Panglima Estino
35.538536,36.291648868495955,-0.753112868495954,298515.0,658605.0,Panglima Estino
34.06976,34.19903960253721,-0.12927960253720983,298815.0,658605.0,Panglima Estino
35.016975,36.51086351521985,-1.4938885152198509,299115.0,658605.0,Panglima Estino
34.258648,33.997566653187754,0.26108134681224726,299415.0,658605.0,Panglima Estino
34.61442,34.408752567722324,0.20566743227767859,299715.0,658605.0,Panglima Estino
31.476515,30.85818550831463,0.618329491685369,300015.0,658605.0,Panglima Estino
35.87723,37.483775871296885,-1.6065458712968876,300315.0,658605.0,Panglima Estino
34.21753,34.11192811854417,0.10560188145582572,300615.0,658605.0,Panglima Estino
33.940853,33.442430996215485,0.49842200378451196,300915.0,658605.0,Panglima Estino
33.87932,32.37030095440438,1.5090190455956218,301215.0,658605.0,Panglima Estino
33.242393,32.27673061523984,0.965662384760158,301515.0,658605.0,Panglima Estino
33.02237,33.6021216368996,-0.5797516368995943,301815.0,658605.0,Old Panamao
33.39446,33.890228447034204,-0.49576844703420164,302115.0,658605.0,Old Panamao
32.642796,32.3423724890059,0.3004235109940936,302415.0,658605.0,Old Panamao
32.917793,32.63210764884147,0.2856853511585342,302715.0,658605.0,Old Panamao
33.612667,33.62202772088103,-0.009360720881026907,303015.0,658605.0,Old Panamao
33.72829,33.69252680333661,0.035763196663388896,303315.0,658605.0,Old Panamao
33.55214,33.770541521174785,-0.2184015211747834,303615.0,658605.0,Old Panamao
31.84712,32.46296997304272,-0.6158499730427174,303915.0,658605.0,Old Panamao
32.558964,32.60365614645909,-0.04469214645908437,304215.0,658605.0,Old Panamao
32.51379,32.852735233586486,-0.338945233586486,304515.0,658605.0,Old Panamao
33.14253,33.52130116942274,-0.37877116942274114,304815.0,658605.0,Old Panamao
32.06394,32.00215243022432,0.06178756977568156,305115.0,658605.0,Old Panamao
31.566414,32.15686587615336,-0.5904518761533595,305415.0,658605.0,Old Panamao
33.12036,33.007630425325274,0.11272957467472366,305715.0,658605.0,Old Panamao
33.13974,32.63131114070534,0.5084288592946606,306015.0,658605.0,Old Panamao
33.196323,32.179547997574765,1.0167750024252342,306315.0,658605.0,Old Panamao
32.58209,31.566881015494417,1.015208984505584,307515.0,658605.0,Old Panamao
32.08808,31.33341420947702,0.7546657905229779,307815.0,658605.0,Kalingalan Caluang
31.891298,31.889116704014338,0.0021812959856610803,308115.0,658605.0,Kalingalan Caluang
31.798973,31.907684251712993,-0.10871125171299312,308415.0,658605.0,Kalingalan Caluang
32.27062,31.20156312516522,1.0690568748347822,308715.0,658605.0,Kalingalan Caluang
32.80222,31.42923005309348,1.372989946906518,309015.0,658605.0,Kalingalan Caluang
32.048634,31.906916571876508,0.14171742812349208,309315.0,658605.0,Kalingalan Caluang
32.910923,31.852160041861513,1.0587629581384839,309615.0,658605.0,Kalingalan Caluang
32.421803,32.364997054106105,0.056805945893891874,309915.0,658605.0,Kalingalan Caluang
32.021732,31.254399315093085,0.7673326849069149,311415.0,658605.0,Luuk
32.540295,32.61036897724728,-0.07007397724728293,311715.0,658605.0,Luuk
32.4654,31.760434548208544,0.704965451791459,312015.0,658605.0,Luuk
31.791954,31.176423929593195,0.6155300704068054,312315.0,658605.0,Luuk
31.397293,32.277778298573594,-0.8804852985735927,312615.0,658605.0,Luuk
32.126675,32.66641824233743,-0.5397432423374298,312915.0,658605.0,Luuk
31.05488,32.38162674199996,-1.3267467419999583,313215.0,658605.0,Luuk
31.052631,31.90895548099162,-0.8563244809916171,313515.0,658605.0,Luuk
31.962515,32.032774816541334,-0.07025981654133417,313815.0,658605.0,Luuk
33.717087,33.65951491988483,0.057572080115171786,314115.0,658605.0,Luuk
32.586945,32.04255839982158,0.5443866001784201,314415.0,658605.0,Luuk
33.12899,31.757467956988275,1.3715220430117263,314715.0,658605.0,Luuk
32.442753,32.20212530976013,0.24062769023987585,315015.0,658605.0,Luuk
32.553112,31.83964266064657,0.713469339353427,315315.0,658605.0,Luuk
33.187576,33.497409209044676,-0.30983320904467604,315615.0,658605.0,Luuk
32.864677,31.86899447116242,0.9956825288375803,315915.0,658605.0,Luuk
32.937286,31.90882733762544,1.028458662374561,316215.0,658605.0,Luuk
33.565647,33.664226284933136,-0.0985792849331375,316515.0,658605.0,Luuk
32.43384,31.224116019662695,1.2097239803373014,316815.0,658605.0,Luuk
32.131092,32.08244595576848,0.048646044231524854,317115.0,658605.0,Luuk
32.59539,31.433656044534633,1.161733955465369,317415.0,658605.0,Luuk
33.240757,31.354375508888147,1.8863814911118553,317715.0,658605.0,Luuk
32.574257,33.436630131823584,-0.8623731318235812,318015.0,658605.0,Luuk
32.472652,32.16937121699511,0.3032807830048867,318315.0,658605.0,Omar
32.935043,31.667737143525,1.2673058564750015,318615.0,658605.0,Omar
33.06385,32.55529694486991,0.5085530551300934,318915.0,658605.0,Omar
33.553387,33.14597359775456,0.40741340224543876,319215.0,658605.0,Omar
33.708847,33.24469264862001,0.46415435137998884,319515.0,658605.0,Omar
33.742188,32.69342122289022,1.0487667771097762,319815.0,658605.0,Omar
33.524876,32.696049444705835,0.8288265552941638,320115.0,658605.0,Omar
34.19837,33.51932772321925,0.6790422767807485,320415.0,658605.0,Omar
34.386143,34.939162469644955,-0.5530194696449584,320715.0,658605.0,Omar
33.814217,31.72188142509008,2.092335574909921,321015.0,658605.0,Omar
33.474472,33.61359262147235,-0.13912062147235105,321315.0,658605.0,Omar
33.539013,31.922228697743876,1.6167843022561215,321615.0,658605.0,Omar
33.856262,33.42364155298199,0.43262044701801017,321915.0,658605.0,Omar
33.44396,33.32213918967542,0.12182081032457859,322215.0,658605.0,Omar
33.01524,32.51803352602105,0.4972064739789488,322515.0,658605.0,Omar
32.162647,31.87679737324289,0.2858496267571091,322815.0,658605.0,Omar
32.205807,31.00659327620118,1.1992137237988203,323115.0,658605.0,Omar
32.23506,32.27623808508868,-0.04117808508868137,323415.0,658605.0,Omar
30.955626,32.862114128659044,-1.9064881286590456,323715.0,658605.0,Omar
32.570984,33.077981138366134,-0.5069971383661311,324015.0,658605.0,Omar
31.463676,31.868580148143323,-0.40490414814332354,324315.0,658605.0,Omar
32.667942,32.51036523783089,0.1575767621691071,324615.0,658605.0,Omar
32.676662,33.37444827084193,-0.6977862708419309,324915.0,658605.0,Omar
34.830997,34.028136596925364,0.8028604030746394,325215.0,658605.0,Omar
31.639587,32.85695124108442,-1.217364241084418,264915.0,658305.0,Parang
31.800688,33.77719019391955,-1.9765021939195506,265215.0,658305.0,Parang
31.28284,31.876450075225645,-0.5936100752256444,265515.0,658305.0,Parang
33.862732,35.13540285296108,-1.2726708529610775,265815.0,658305.0,Parang
31.040243,32.52816715920898,-1.4879241592089762,266115.0,658305.0,Parang
31.428627,32.64671442941855,-1.2180874294185529,266415.0,658305.0,Parang
30.338266,32.2877338168622,-1.9494678168621995,266715.0,658305.0,Parang
30.547882,32.62998931404934,-2.0821073140493382,267015.0,658305.0,Parang
29.717821,32.01207043554703,-2.29424943554703,267315.0,658305.0,Parang
30.962368,31.915602770669093,-0.9532347706690913,267615.0,658305.0,Parang
30.811268,32.9928584852699,-2.1815904852699006,267915.0,658305.0,Parang
32.090965,33.54955909745599,-1.4585940974559932,268215.0,658305.0,Parang
31.190634,32.30362191795436,-1.11298791795436,268515.0,658305.0,Parang
30.469797,32.58111825788316,-2.111321257883162,268815.0,658305.0,Parang
30.305052,31.365899112200953,-1.0608471122009533,269115.0,658305.0,Parang
30.909048,32.62994441527288,-1.7208964152728825,269415.0,658305.0,Parang
31.032598,31.81369141885184,-0.7810934188518388,269715.0,658305.0,Parang
28.785133,30.96459870092081,-2.1794657009208116,270015.0,658305.0,Indanan
29.16967,31.597060192073947,-2.427390192073947,270315.0,658305.0,Indanan
27.583883,30.367654407822982,-2.7837714078229823,270615.0,658305.0,Indanan
28.087528,30.690946584082972,-2.6034185840829736,270915.0,658305.0,Indanan
28.226765,30.825334841700904,-2.598569841700904,271215.0,658305.0,Indanan
27.998863,30.72942467211741,-2.7305616721174104,271515.0,658305.0,Indanan
29.256588,29.94388658739094,-0.6872985873909379,271815.0,658305.0,Indanan
30.340134,30.159303127619292,0.1808308723807066,272115.0,658305.0,Indanan
30.32649,29.550363538860672,0.7761264611393273,272415.0,658305.0,Indanan
30.222948,29.857753631957635,0.3651943680423635,272715.0,658305.0,Indanan
29.898264,29.412350481116455,0.48591351888354595,273015.0,658305.0,Indanan
30.589273,28.790019427402683,1.7992535725973156,273315.0,658305.0,Indanan
30.791626,29.742392466854408,1.0492335331455926,273615.0,658305.0,Indanan
31.01928,30.129994671681022,0.8892853283189766,273915.0,658305.0,Indanan
30.321846,30.293906331918276,0.02793966808172499,274215.0,658305.0,Indanan
31.190786,30.83872917402418,0.35205682597581855,274515.0,658305.0,Indanan
32.03181,30.71152195567584,1.3202880443241618,274815.0,658305.0,Indanan
31.278023,31.060399147598343,0.21762385240165827,275115.0,658305.0,Indanan
31.058874,30.765021629207002,0.2938523707929974,275415.0,658305.0,Indanan
31.17293,31.605351742640735,-0.4324217426407344,275715.0,658305.0,Indanan
32.077164,31.950345790632923,0.12681820936708021,276015.0,658305.0,Indanan
31.242554,30.715215361402986,0.527338638597012,276315.0,658305.0,Indanan
31.044048,31.7755255252131,-0.7314775252131014,276615.0,658305.0,Indanan
31.70638,30.957957952488997,0.7484220475110028,276915.0,658305.0,Maimbung
32.67415,32.647683957427425,0.026466042572572235,277215.0,658305.0,Maimbung
31.199621,31.893345422336164,-0.6937244223361638,277515.0,658305.0,Maimbung
30.675749,31.878117547324905,-1.2023685473249053,277815.0,658305.0,Maimbung
30.10072,31.68762861898926,-1.5869086189892627,278115.0,658305.0,Maimbung
29.61635,31.843219589670653,-2.2268695896706525,278415.0,658305.0,Maimbung
32.32142,33.2942716433792,-0.9728516433791938,278715.0,658305.0,Maimbung
31.437714,33.132829486706385,-1.695115486706385,279015.0,658305.0,Maimbung
30.648647,31.85284285259126,-1.2041958525912584,279315.0,658305.0,Maimbung
30.990223,32.387594405265034,-1.3973714052650337,279615.0,658305.0,Maimbung
32.6761,32.92320394877751,-0.2471039487775144,279915.0,658305.0,Maimbung
32.109875,32.63751130315705,-0.5276363031570455,280215.0,658305.0,Maimbung
31.783808,32.998442200250835,-1.2146342002508348,280515.0,658305.0,Maimbung
30.507395,32.45008415715425,-1.942689157154252,280815.0,658305.0,Maimbung
31.220028,32.459945000487146,-1.2399170004871465,281115.0,658305.0,Maimbung
31.66685,33.438901543145576,-1.772051543145576,281415.0,658305.0,Maimbung
33.0849,33.849132542185764,-0.7642325421857663,281715.0,658305.0,Maimbung
32.244324,33.2051382377195,-0.9608142377195037,282015.0,658305.0,Maimbung
30.471022,32.182496535705646,-1.7114745357056442,282315.0,658305.0,Talipao
30.76267,32.679651866783416,-1.9169818667834164,282615.0,658305.0,Talipao
31.014273,32.54425499894741,-1.5299819989474095,282915.0,658305.0,Talipao
30.233774,32.00470507477819,-1.7709310747781863,283215.0,658305.0,Talipao
31.076872,31.744615472190247,-0.6677434721902458,283515.0,658305.0,Talipao
31.690325,31.607162273823132,0.08316272617686948,283815.0,658305.0,Talipao
31.401867,31.433786377542432,-0.031919377542433125,284115.0,658305.0,Talipao
31.407387,31.60058909038805,-0.19320209038804848,284415.0,658305.0,Talipao
29.988728,30.87825180563335,-0.8895238056333525,284715.0,658305.0,Talipao
30.07839,31.254079388987304,-1.1756893889873048,285015.0,658305.0,Talipao
30.66324,30.970768741912103,-0.30752874191210466,285315.0,658305.0,Talipao
30.060778,29.48475400579558,0.5760239942044194,285615.0,658305.0,Talipao
30.840935,30.678014092669446,0.1629209073305553,285915.0,658305.0,Talipao
30.140146,30.195260436839483,-0.055114436839481584,286215.0,658305.0,Talipao
29.972706,29.283550011018114,0.6891559889818843,286515.0,658305.0,Talipao
30.492958,30.681527115589116,-0.1885691155891145,286815.0,658305.0,Talipao
30.584282,32.04885650362886,-1.4645745036288602,287115.0,658305.0,Talipao
30.968987,29.929187360341572,1.0397996396584261,287415.0,658305.0,Talipao
31.954287,31.732494993513132,0.2217920064868686,287715.0,658305.0,Talipao
31.998415,31.307764672190284,0.6906503278097169,288015.0,658305.0,Talipao
32.143414,31.4346845886514,0.7087294113485996,288315.0,658305.0,Talipao
32.77598,32.3207955283893,0.45518447161069986,288615.0,658305.0,Talipao
32.514023,31.674076024977595,0.8399469750224071,288915.0,658305.0,Talipao
33.440853,32.60889156038584,0.8319614396141546,289215.0,658305.0,Talipao
34.016502,34.23918412834782,-0.2226821283478202,289515.0,658305.0,Talipao
32.982353,32.28889679627042,0.6934562037295819,289815.0,658305.0,Talipao
33.359688,32.06076978052877,1.2989182194712257,290115.0,658305.0,Talipao
33.578133,31.754260112503403,1.8238728874965986,290415.0,658305.0,Talipao
33.09366,32.56239703085519,0.5312629691448123,290715.0,658305.0,Talipao
33.921337,33.5780736666042,0.3432633333958037,291015.0,658305.0,Talipao
32.566013,33.09830808711217,-0.5322950871121748,291315.0,658305.0,Talipao
31.759491,32.43461529544519,-0.6751242954451904,291615.0,658305.0,Talipao
32.487476,31.852330306058413,0.6351456939415883,291915.0,658305.0,Talipao
33.390865,32.02775733754693,1.3631076624530678,292215.0,658305.0,Talipao
31.905756,31.50240470129677,0.4033512987032317,292515.0,658305.0,Talipao
31.990803,31.65826499040948,0.33253800959051816,292815.0,658305.0,Talipao
32.7993,32.19283790031712,0.6064620996828793,293115.0,658305.0,Talipao
32.894127,32.64487720050897,0.24924979949102521,293415.0,658305.0,Talipao
34.377,32.87702211769622,1.4999778823037815,293715.0,658305.0,Talipao
35.47493,34.62198307252514,0.8529469274748607,294015.0,658305.0,Talipao
33.712162,33.40952225135231,0.3026397486476924,294315.0,658305.0,Talipao
32.55899,32.00016981535226,0.5588201846477432,294615.0,658305.0,Talipao
32.225807,32.17991948088122,0.04588751911878575,294915.0,658305.0,Talipao
32.56971,33.019204939652134,-0.4494949396521335,295215.0,658305.0,Talipao
32.48933,31.860474559483634,0.628855440516368,295515.0,658305.0,Talipao
32.52719,31.415621357572242,1.1115686424277555,295815.0,658305.0,Talipao
32.412067,31.18315411606327,1.2289128839367294,296115.0,658305.0,Talipao
32.176884,31.54353164018057,0.6333523598194297,296415.0,658305.0,Panglima Estino
31.760271,32.11725681593918,-0.3569858159391792,296715.0,658305.0,Panglima Estino
31.861073,31.99778090501515,-0.1367079050151503,297015.0,658305.0,Panglima Estino
33.545326,33.01560183076955,0.5297241692304553,297315.0,658305.0,Panglima Estino
35.969547,36.70811053607209,-0.7385635360720926,297615.0,658305.0,Panglima Estino
33.557423,32.653057858679716,0.9043651413202838,297915.0,658305.0,Panglima Estino
33.509033,33.14696933601528,0.36206366398472056,298215.0,658305.0,Panglima Estino
32.889313,32.720069581953844,0.1692434180461575,298515.0,658305.0,Panglima Estino
32.828053,32.349805548396986,0.47824745160301063,298815.0,658305.0,Panglima Estino
34.003696,33.76261057382102,0.24108542617897655,299115.0,658305.0,Panglima Estino
32.960552,31.50408730798428,1.4564646920157216,299415.0,658305.0,Panglima Estino
31.22444,31.247092286318228,-0.0226522863182268,299715.0,658305.0,Panglima Estino
31.91666,31.45081744575143,0.4658425542485709,300015.0,658305.0,Panglima Estino
32.557575,31.660794000074002,0.8967809999259977,300315.0,658305.0,Panglima Estino
33.34995,31.981382058797827,1.3685679412021727,300615.0,658305.0,Panglima Estino
35.17473,35.997223097214054,-0.822493097214057,300915.0,658305.0,Panglima Estino
33.301292,34.66688916381348,-1.365597163813483,301215.0,658305.0,Panglima Estino
33.875366,34.236793226233466,-0.36142722623346657,301515.0,658305.0,Panglima Estino
33.05667,32.15783861445321,0.8988313855467851,301815.0,658305.0,Panglima Estino
32.70079,32.76319171034949,-0.06240171034949071,302115.0,658305.0,Panglima Estino
33.289074,34.09859833271129,-0.8095243327112911,302415.0,658305.0,Old Panamao
34.46669,34.750151311561936,-0.2834613115619362,302715.0,658305.0,Old Panamao
32.831554,32.85063957163984,-0.019085571639841703,303015.0,658305.0,Old Panamao
32.43182,32.29515220980645,0.1366677901935489,303315.0,658305.0,Old Panamao
33.035065,32.67746005533448,0.3576049446655247,303615.0,658305.0,Old Panamao
33.149525,32.7432768181666,0.40624818183339784,303915.0,658305.0,Old Panamao
33.49285,33.917606374852426,-0.42475637485242856,304215.0,658305.0,Old Panamao
32.971367,32.36062209934024,0.6107449006597605,304515.0,658305.0,Old Panamao
34.050854,32.97630192019611,1.074552079803894,305715.0,658305.0,Old Panamao
33.909985,32.383924913918776,1.5260600860812232,306015.0,658305.0,Old Panamao
34.26123,33.019491138620026,1.2417388613799716,306315.0,658305.0,Old Panamao
33.494022,32.70049413825693,0.7935278617430725,306615.0,658305.0,Old Panamao
33.340347,33.62906833886926,-0.28872133886925866,306915.0,658305.0,Old Panamao
32.710308,32.04171178078332,0.6685962192166812,307215.0,658305.0,Old Panamao
32.90772,31.614769539858113,1.2929504601418849,307515.0,658305.0,Kalingalan Caluang
33.86441,33.01893397719595,0.8454760228040499,307815.0,658305.0,Kalingalan Caluang
33.089058,33.371951459040694,-0.2828934590406931,308115.0,658305.0,Kalingalan Caluang
32.572636,32.90027871378798,-0.3276427137879807,308415.0,658305.0,Kalingalan Caluang
32.09624,31.68132212428066,0.41491787571934324,308715.0,658305.0,Kalingalan Caluang
32.207985,31.531409794143215,0.6765752058567855,309315.0,658305.0,Kalingalan Caluang
32.25144,32.113482330835744,0.13795766916425833,309615.0,658305.0,Kalingalan Caluang
31.503159,32.19713193769089,-0.6939729376908907,309915.0,658305.0,Kalingalan Caluang
32.089943,31.88874503836299,0.20119796163700698,310215.0,658305.0,Kalingalan Caluang
32.849133,31.591508271145837,1.2576247288541644,310515.0,658305.0,Luuk
32.28628,32.733696657628784,-0.4474166576287857,310815.0,658305.0,Luuk
32.40631,32.50988634331261,-0.10357634331261067,311115.0,658305.0,Luuk
33.055195,31.58650828090062,1.4686867190993773,311415.0,658305.0,Luuk
31.86846,31.108089482063896,0.7603705179361029,311715.0,658305.0,Luuk
31.591518,31.35013174390097,0.2413862560990303,312015.0,658305.0,Luuk
32.659103,31.782304858932857,0.8767981410671446,312315.0,658305.0,Luuk
32.148735,32.08669044047943,0.06204455952057231,312615.0,658305.0,Luuk
31.599087,31.409337032935102,0.18974996706489833,312915.0,658305.0,Luuk
31.246933,31.461986568254222,-0.2150535682542234,313215.0,658305.0,Luuk
33.154076,32.26763883746446,0.8864371625355432,313515.0,658305.0,Luuk
32.031048,32.05411437138759,-0.02306637138759271,313815.0,658305.0,Luuk
32.153595,32.46378579246865,-0.3101907924686458,314115.0,658305.0,Luuk
32.23111,32.87120205419071,-0.6400920541907098,314415.0,658305.0,Luuk
33.00223,33.22649400917182,-0.22426400917182576,314715.0,658305.0,Luuk
33.25514,33.71747037244323,-0.4623303724432333,315015.0,658305.0,Luuk
32.85355,33.2642753833548,-0.41072538335480147,315315.0,658305.0,Luuk
32.72415,31.869475820087104,0.8546741799128981,315615.0,658305.0,Luuk
32.831154,31.571161513954326,1.2599924860456717,315915.0,658305.0,Luuk
32.71385,32.03342537886949,0.6804246211305127,316215.0,658305.0,Luuk
33.043114,32.87786100954085,0.16525299045915176,316515.0,658305.0,Luuk
32.323273,32.15275793529243,0.1705150647075726,316815.0,658305.0,Luuk
33.575516,33.50438989467944,0.07112610532055896,317115.0,658305.0,Luuk
33.360252,33.46736048339736,-0.10710848339735435,317415.0,658305.0,Luuk
33.032986,31.467550433489162,1.565435566510839,317715.0,658305.0,Luuk
34.1058,33.693912721738144,0.4118872782618581,318015.0,658305.0,Luuk
32.173454,31.870403078949835,0.30305092105016485,318315.0,658305.0,Omar
32.931988,32.042432163377256,0.8895558366227405,318615.0,658305.0,Omar
32.79979,31.89466867973767,0.9051213202623316,318915.0,658305.0,Omar
33.35508,32.39930023003611,0.9557797699638897,319215.0,658305.0,Omar
32.745033,32.037958914981175,0.7070740850188244,319515.0,658305.0,Omar
32.984493,32.64868554213307,0.33580745786692745,319815.0,658305.0,Omar
33.232796,32.91972553833207,0.31307046166793384,320115.0,658305.0,Omar
33.36333,32.831553623210894,0.5317763767891037,320415.0,658305.0,Omar
33.802597,32.889986392366254,0.912610607633745,320715.0,658305.0,Omar
33.380257,32.675410606322046,0.7048463936779541,321015.0,658305.0,Omar
33.224655,33.139455770542035,0.0851992294579631,321315.0,658305.0,Omar
34.030994,32.06409781073825,1.9668961892617531,321615.0,658305.0,Omar
34.565533,32.998054440685536,1.5674785593144662,321915.0,658305.0,Omar
34.577137,33.420761686699045,1.1563753133009556,322215.0,658305.0,Omar
34.099846,33.4075106339575,0.6923353660424993,322515.0,658305.0,Omar
33.30825,33.07519000550779,0.2330599944922085,322815.0,658305.0,Omar
33.776314,34.48783680674498,-0.7115228067449806,323115.0,658305.0,Omar
32.432743,32.3865370090714,0.046205990928605445,323415.0,658305.0,Omar
32.659298,33.300279501776814,-0.6409815017768139,323715.0,658305.0,Omar
32.028137,31.784857148050495,0.24327985194950585,324015.0,658305.0,Omar
32.183697,32.45333797278675,-0.26964097278674615,324315.0,658305.0,Omar
32.811092,33.35483610537954,-0.5437441053795382,324615.0,658305.0,Omar
33.099983,33.12614478056407,-0.026161780564066817,324915.0,658305.0,Omar
33.271275,34.311125903933075,-1.039850903933072,325215.0,658305.0,Omar
31.693876,33.70468419359463,-2.010808193594631,264915.0,658005.0,Parang
31.431862,32.62037124160702,-1.1885092416070187,265215.0,658005.0,Parang
31.11526,32.08685763813469,-0.9715976381346891,265515.0,658005.0,Parang
31.374508,33.1335411401322,-1.7590331401322032,265815.0,658005.0,Parang
31.164207,32.00913242860947,-0.8449254286094678,266115.0,658005.0,Parang
31.713177,34.96751959047364,-3.254342590473641,266415.0,658005.0,Parang
30.366415,32.316233538579844,-1.9498185385798443,266715.0,658005.0,Parang
31.147348,32.96231663152391,-1.8149686315239109,267015.0,658005.0,Parang
31.484575,32.171263984969926,-0.6866889849699263,267315.0,658005.0,Parang
32.342243,32.98291585717951,-0.64067285717951,267615.0,658005.0,Parang
31.182812,31.834200328705638,-0.6513883287056395,267915.0,658005.0,Parang
31.333632,32.39286458582084,-1.059232585820837,268215.0,658005.0,Parang
31.714367,32.145685786449434,-0.43131878644943455,268515.0,658005.0,Parang
31.666098,32.77758769742479,-1.1114896974247905,268815.0,658005.0,Parang
31.504883,31.541984354709676,-0.03710135470967657,269115.0,658005.0,Parang
31.198616,32.83141154223927,-1.632795542239272,269415.0,658005.0,Parang
28.454605,31.351778855838948,-2.897173855838947,269715.0,658005.0,Parang
31.073908,31.298594164916413,-0.22468616491641313,270015.0,658005.0,Parang
29.063437,31.31176402444719,-2.248327024447189,270315.0,658005.0,Indanan
29.228052,31.60597718801759,-2.3779251880175885,270615.0,658005.0,Indanan
27.9806,30.132843130316417,-2.1522431303164176,270915.0,658005.0,Indanan
28.459759,31.099621423482777,-2.6398624234827786,271215.0,658005.0,Indanan
29.020267,30.048566661935634,-1.028299661935634,271515.0,658005.0,Indanan
29.855433,30.748613277587364,-0.8931802775873621,271815.0,658005.0,Indanan
29.57523,30.301119034523015,-0.7258890345230142,272115.0,658005.0,Indanan
31.331055,29.451045800622616,1.8800091993773833,272415.0,658005.0,Indanan
29.754133,29.30604007730388,0.44809292269611944,272715.0,658005.0,Indanan
29.453693,29.25113714649154,0.20255585350846061,273015.0,658005.0,Indanan
30.36269,28.32793997778804,2.034750022211959,273315.0,658005.0,Indanan
30.6715,29.500754417515555,1.1707455824844466,273615.0,658005.0,Indanan
30.354658,29.59283325427058,0.7618247457294203,273915.0,658005.0,Indanan
29.073505,29.805463415886315,-0.7319584158863144,274215.0,658005.0,Indanan
28.868471,30.463707713614077,-1.595236713614078,274515.0,658005.0,Indanan
30.478373,30.814344236916853,-0.33597123691685127,274815.0,658005.0,Indanan
30.528772,30.5683910853175,-0.03961908531750069,275115.0,658005.0,Indanan
31.268272,30.902503972038325,0.36576802796167485,275415.0,658005.0,Indanan
32.279343,31.70789071432266,0.5714522856773385,275715.0,658005.0,Indanan
32.0941,31.269308722158193,0.8247912778418041,276015.0,658005.0,Indanan
31.750614,31.289259243359254,0.46135475664074477,276315.0,658005.0,Indanan
31.07939,31.97718661507045,-0.897796615070451,276615.0,658005.0,Indanan
31.487135,30.37141963481131,1.115715365188688,276915.0,658005.0,Maimbung
30.870564,31.502250071026474,-0.631686071026472,277215.0,658005.0,Maimbung
30.868084,31.695468230524764,-0.8273842305247641,277515.0,658005.0,Maimbung
31.21176,31.848059071623663,-0.636299071623661,277815.0,658005.0,Maimbung
31.24684,31.933356347360558,-0.6865163473605591,278115.0,658005.0,Maimbung
31.741716,33.56743844038994,-1.8257224403899421,278415.0,658005.0,Maimbung
31.95778,33.14834939085136,-1.1905693908513584,278715.0,658005.0,Maimbung
31.377789,32.38564961991909,-1.007860619919093,279015.0,658005.0,Maimbung
31.346716,32.69157460042606,-1.3448586004260576,279315.0,658005.0,Maimbung
30.383286,33.309873796027816,-2.9265877960278175,279615.0,658005.0,Maimbung
31.637234,33.26792589592239,-1.6306918959223893,279915.0,658005.0,Maimbung
34.1179,35.245427112413715,-1.1275271124137163,280215.0,658005.0,Maimbung
32.085316,32.79264187042848,-0.7073258704284839,280515.0,658005.0,Maimbung
31.822403,33.34176611404886,-1.5193631140488577,280815.0,658005.0,Maimbung
33.120354,33.74586100680188,-0.6255070068018824,281115.0,658005.0,Maimbung
32.302467,33.23880115108171,-0.9363341510817094,281415.0,658005.0,Maimbung
30.609762,32.458957695883996,-1.8491956958839957,281715.0,658005.0,Maimbung
32.14394,33.43548469229836,-1.291544692298359,282015.0,658005.0,Maimbung
30.97764,33.11596635688561,-2.1383263568856066,282315.0,658005.0,Talipao
31.27476,33.0944504290211,-1.819690429021101,282615.0,658005.0,Talipao
30.16328,32.70691905686179,-2.5436390568617924,282915.0,658005.0,Talipao
31.263609,32.81088642639835,-1.5472774263983489,283215.0,658005.0,Talipao
30.838058,31.80513280058423,-0.9670748005842285,283515.0,658005.0,Talipao
31.770962,31.944798256551294,-0.17383625655129364,283815.0,658005.0,Talipao
30.884037,31.627373874309885,-0.743336874309886,284115.0,658005.0,Talipao
31.38923,31.482975997033368,-0.09374599703336628,284415.0,658005.0,Talipao
30.930431,31.154956621741913,-0.2245256217419147,284715.0,658005.0,Talipao
30.181957,31.081468651846386,-0.8995116518463853,285015.0,658005.0,Talipao
31.133244,31.120221796871196,0.013022203128805643,285315.0,658005.0,Talipao
30.695625,30.88608189374392,-0.19045689374392083,285615.0,658005.0,Talipao
31.957752,30.597830021170328,1.3599219788296715,285915.0,658005.0,Talipao
31.254978,30.179767062876056,1.0752109371239449,286215.0,658005.0,Talipao
29.769098,29.46799667997354,0.30110132002645784,286515.0,658005.0,Talipao
30.085873,28.80474417494641,1.2811288250535888,286815.0,658005.0,Talipao
31.167418,30.47040191831475,0.697016081685252,287115.0,658005.0,Talipao
30.33346,28.727869942249022,1.6055900577509767,287415.0,658005.0,Talipao
33.66183,31.189130539289295,2.4726994607107073,287715.0,658005.0,Talipao
31.846582,30.89345292844665,0.9531290715533522,288015.0,658005.0,Talipao
32.7447,31.420343017848502,1.3243569821514996,288315.0,658005.0,Talipao
31.67473,31.105910611047122,0.5688193889528783,288615.0,658005.0,Talipao
31.801926,31.719016519901572,0.08290948009842936,288915.0,658005.0,Talipao
32.860565,31.741984393643303,1.1185806063566979,289215.0,658005.0,Talipao
34.02272,31.597894367232083,2.4248256327679165,289515.0,658005.0,Talipao
32.316376,31.682142139526768,0.6342338604732305,289815.0,658005.0,Talipao
33.105328,31.492619619109217,1.6127083808907834,290115.0,658005.0,Talipao
33.96951,32.99041834287712,0.9790916571228792,290415.0,658005.0,Talipao
33.77574,32.82083220100322,0.9549077989967785,290715.0,658005.0,Talipao
33.97183,33.180274954224394,0.7915550457756027,291015.0,658005.0,Talipao
30.834766,30.774613847949183,0.06015215205081503,291315.0,658005.0,Talipao
31.376507,32.04203178437935,-0.6655247843793468,291615.0,658005.0,Talipao
31.774757,32.24668294012475,-0.4719259401247484,291915.0,658005.0,Talipao
32.797684,31.991600135045655,0.806083864954342,292215.0,658005.0,Talipao
32.848648,31.56568632874515,1.2829616712548457,292515.0,658005.0,Talipao
32.58173,31.71027690553173,0.8714530944682686,292815.0,658005.0,Talipao
32.344086,32.21750112260431,0.12658487739568614,293115.0,658005.0,Talipao
32.289543,32.408803502667425,-0.11926050266742294,293415.0,658005.0,Talipao
32.335896,32.37162713745052,-0.0357311374505187,293715.0,658005.0,Talipao
34.3904,32.66460635802969,1.7257936419703128,294015.0,658005.0,Talipao
32.441986,32.07039498200656,0.3715910179934383,294315.0,658005.0,Talipao
34.584488,33.526294113925424,1.0581938860745765,294615.0,658005.0,Talipao
34.502384,32.57728810986711,1.9250958901328872,294915.0,658005.0,Talipao
33.35827,32.441904204831154,0.9163657951688435,295215.0,658005.0,Talipao
33.451466,32.325134917359385,1.1263310826406183,295515.0,658005.0,Talipao
32.586777,31.878874635003363,0.7079023649966345,295815.0,658005.0,Talipao
32.367218,31.855619869428125,0.5115981305718762,296115.0,658005.0,Talipao
32.245308,31.949427183853008,0.2958808161469939,296415.0,658005.0,Panglima Estino
31.897057,31.635839655098717,0.2612173449012829,296715.0,658005.0,Panglima Estino
32.701557,31.946709770177215,0.7548472298227864,297015.0,658005.0,Panglima Estino
33.055523,33.964838146280904,-0.9093151462809033,297315.0,658005.0,Panglima Estino
33.251564,33.15011626185674,0.10144773814326413,297615.0,658005.0,Panglima Estino
34.14092,34.74271258126576,-0.6017925812657552,297915.0,658005.0,Panglima Estino
33.163013,32.23161448071636,0.9313985192836398,298215.0,658005.0,Panglima Estino
33.196434,32.507390653464554,0.6890433465354491,298515.0,658005.0,Panglima Estino
32.34047,31.32501506371255,1.0154549362874548,298815.0,658005.0,Panglima Estino
31.576527,31.87493878566094,-0.2984117856609423,299115.0,658005.0,Panglima Estino
31.145983,31.37378236944673,-0.2277993694467284,299415.0,658005.0,Panglima Estino
30.772915,31.160049596618762,-0.38713459661876115,300615.0,658005.0,Panglima Estino
31.647251,31.24867052243074,0.3985804775692614,300915.0,658005.0,Panglima Estino
32.517784,31.87119556903932,0.64658843096068,301215.0,658005.0,Panglima Estino
33.735645,32.60803801857547,1.1276069814245275,301515.0,658005.0,Panglima Estino
34.629612,33.587031960293494,1.0425800397065075,301815.0,658005.0,Panglima Estino
32.271244,32.43985172004348,-0.16860772004347524,302115.0,658005.0,Panglima Estino
32.963657,34.93737767543544,-1.9737206754354446,302415.0,658005.0,Panglima Estino
33.190018,32.97837481231673,0.21164318768327206,302715.0,658005.0,Old Panamao
33.31061,33.95988464261159,-0.6492746426115943,303015.0,658005.0,Old Panamao
32.714016,32.30112930645831,0.4128866935416937,303315.0,658005.0,Old Panamao
33.60937,32.997472519520414,0.611897480479584,303615.0,658005.0,Old Panamao
32.846077,33.008311281457004,-0.16223428145700325,303915.0,658005.0,Old Panamao
33.775272,33.54401073466376,0.23126126533624358,304215.0,658005.0,Old Panamao
31.982368,32.09466448978001,-0.11229648978000739,304515.0,658005.0,Old Panamao
34.491447,33.04630368413111,1.44514331586889,305715.0,658005.0,Old Panamao
35.16305,33.29981788181004,1.8632321181899556,306015.0,658005.0,Old Panamao
33.4196,32.56292413031346,0.8566758696865406,306315.0,658005.0,Old Panamao
33.259964,31.692246409356102,1.5677175906438947,306615.0,658005.0,Old Panamao
33.023888,32.39743801537429,0.6264499846257081,306915.0,658005.0,Old Panamao
32.58183,31.95145833973747,0.6303716602625258,307215.0,658005.0,Old Panamao
32.71303,31.703147969880547,1.0098820301194564,307515.0,658005.0,Kalingalan Caluang
32.711037,31.884920597830735,0.8261164021692622,307815.0,658005.0,Kalingalan Caluang
32.99209,32.09139140121563,0.9006985987843663,308115.0,658005.0,Kalingalan Caluang
32.64519,31.46368646254401,1.1815035374559884,308415.0,658005.0,Kalingalan Caluang
32.22654,32.0715305165815,0.15500948341850318,309315.0,658005.0,Kalingalan Caluang
32.065323,32.459130264315405,-0.3938072643154058,309615.0,658005.0,Kalingalan Caluang
31.4272,31.42234933739003,0.004850662609968026,309915.0,658005.0,Kalingalan Caluang
31.967793,33.07837579960139,-1.1105827996013886,310215.0,658005.0,Kalingalan Caluang
32.466896,32.35471356114044,0.11218243885955559,310515.0,658005.0,Kalingalan Caluang
31.171177,31.733997736269213,-0.562820736269213,310815.0,658005.0,Luuk
32.024193,31.24368390680013,0.7805090931998677,311115.0,658005.0,Luuk
32.515064,31.595375636030415,0.9196883639695876,311415.0,658005.0,Luuk
32.499493,30.838494963271256,1.6609980367287456,311715.0,658005.0,Luuk
32.536083,32.46542266850016,0.07066033149983753,312015.0,658005.0,Luuk
31.981533,31.354269150877823,0.6272638491221763,312315.0,658005.0,Luuk
31.838749,31.577332952594848,0.26141604740515234,312615.0,658005.0,Luuk
31.910755,31.603730215486546,0.3070247845134553,312915.0,658005.0,Luuk
32.25183,31.422888010251576,0.8289419897484223,313215.0,658005.0,Luuk
31.742659,31.444225797909926,0.29843320209007373,313515.0,658005.0,Luuk
32.04495,32.21299560476904,-0.1680456047690413,313815.0,658005.0,Luuk
31.25544,31.970867248754296,-0.7154272487542954,314115.0,658005.0,Luuk
31.804728,31.645895001034773,0.1588329989652273,314415.0,658005.0,Luuk
33.139538,32.35723928932374,0.7822987106762582,314715.0,658005.0,Luuk
33.95128,33.33126422988134,0.6200157701186555,315015.0,658005.0,Luuk
33.18895,33.13062143666785,0.05832856333214664,315315.0,658005.0,Luuk
33.689888,33.65805934078384,0.03182865921615985,315615.0,658005.0,Luuk
33.676838,33.00146110378746,0.6753768962125335,315915.0,658005.0,Luuk
32.94344,32.05239380183518,0.8910461981648226,316215.0,658005.0,Luuk
32.34947,31.623136877073136,0.7263331229268601,316515.0,658005.0,Luuk
31.53771,32.73446073327589,-1.1967507332758878,316815.0,658005.0,Luuk
32.7737,32.9478206132545,-0.17412061325450168,317115.0,658005.0,Luuk
32.789757,33.38340893249216,-0.5936519324921576,317415.0,658005.0,Luuk
33.416115,32.88931331922994,0.5268016807700562,317715.0,658005.0,Luuk
35.706768,35.04742843780719,0.6593395621928053,318015.0,658005.0,Luuk
33.060875,32.032563709670896,1.028311290329107,318315.0,658005.0,Omar
33.497604,32.26032803969275,1.237275960307251,318615.0,658005.0,Omar
33.769,32.65507746964193,1.1139225303580673,318915.0,658005.0,Omar
33.785507,33.30421859901266,0.4812884009873457,319215.0,658005.0,Omar
33.9196,33.018774536797864,0.9008254632021391,319515.0,658005.0,Omar
34.74262,32.27759314242214,2.465026857577861,319815.0,658005.0,Omar
33.75345,33.108262664913966,0.6451873350860353,320115.0,658005.0,Omar
33.64114,33.12898668999082,0.5121533100091824,320415.0,658005.0,Omar
33.93701,34.1962871501902,-0.2592771501902007,320715.0,658005.0,Omar
32.964382,32.778772299935305,0.18560970006469546,321015.0,658005.0,Omar
32.83376,31.999143521015863,0.8346164789841346,321315.0,658005.0,Omar
33.980354,32.412338556857655,1.5680154431423432,321615.0,658005.0,Omar
34.279434,33.40443280881615,0.8750011911838484,321915.0,658005.0,Omar
34.896893,35.063361142384196,-0.16646814238419694,322215.0,658005.0,Omar
35.126152,33.920109535214166,1.2060424647858312,322515.0,658005.0,Omar
34.65668,32.7288265552605,1.9278534447395046,322815.0,658005.0,Omar
33.090332,33.539870326125985,-0.4495383261259889,323115.0,658005.0,Omar
34.041634,33.91279545777791,0.12883854222209123,323415.0,658005.0,Omar
32.848736,33.185245744244014,-0.3365097442440117,323715.0,658005.0,Omar
32.838814,33.05160249042856,-0.21278849042855796,324015.0,658005.0,Omar
32.43964,32.94292932537254,-0.5032893253725419,324315.0,658005.0,Omar
33.273365,35.70186581333544,-2.4285008133354395,324615.0,658005.0,Omar
34.340828,33.09658523467798,1.2442427653220207,324915.0,658005.0,Omar
31.629438,32.64292539347808,-1.01348739347808,264915.0,657705.0,Parang
31.220125,32.940598612529335,-1.7204736125293358,265215.0,657705.0,Parang
31.68646,33.233188175122805,-1.546728175122805,265515.0,657705.0,Parang
31.232677,32.920436611746524,-1.6877596117465252,265815.0,657705.0,Parang
31.487904,32.19359644425928,-0.7056924442592774,266115.0,657705.0,Parang
31.50733,32.50955289600784,-1.00222289600784,266415.0,657705.0,Parang
31.51272,31.968616147048245,-0.455896147048243,266715.0,657705.0,Parang
31.885786,32.497128530950334,-0.6113425309503349,267015.0,657705.0,Parang
31.467941,31.99378802000145,-0.52584702000145,267315.0,657705.0,Parang
32.406628,33.59101591482655,-1.1843879148265515,267615.0,657705.0,Parang
31.500582,31.89410615802142,-0.3935241580214175,267915.0,657705.0,Parang
31.634205,32.08176332249522,-0.4475583224952189,268215.0,657705.0,Parang
31.255299,31.798723278273993,-0.5434242782739922,268515.0,657705.0,Parang
31.15885,32.917520092809404,-1.7586700928094032,268815.0,657705.0,Parang
30.50808,32.06618326441834,-1.5581032644183423,269115.0,657705.0,Parang
30.662754,32.53219753893253,-1.8694435389325292,269415.0,657705.0,Parang
30.322525,32.14680204365134,-1.8242770436513425,269715.0,657705.0,Parang
30.796127,30.99402449626837,-0.1978974962683715,270015.0,657705.0,Parang
30.680542,31.174633416361406,-0.49409141636140674,270315.0,657705.0,Indanan
29.616302,32.014149107222096,-2.397847107222095,270615.0,657705.0,Indanan
27.99085,31.197138892898757,-3.2062888928987583,270915.0,657705.0,Indanan
28.065046,30.123164111334745,-2.058118111334746,271215.0,657705.0,Indanan
28.104994,29.456506428959493,-1.3515124289594915,271515.0,657705.0,Indanan
29.200472,29.47629046020703,-0.27581846020702727,271815.0,657705.0,Indanan
29.705982,30.415503151381362,-0.7095211513813631,272115.0,657705.0,Indanan
30.384224,30.330200485423415,0.05402351457658483,272415.0,657705.0,Indanan
30.269073,29.027685483635615,1.2413875163643837,272715.0,657705.0,Indanan
29.946234,29.579509296818927,0.36672470318107386,273015.0,657705.0,Indanan
29.642494,28.726626279846332,0.9158677201536669,273315.0,657705.0,Indanan
31.186647,29.542094529228084,1.6445524707719166,273615.0,657705.0,Indanan
30.75317,29.37033477372512,1.3828352262748815,273915.0,657705.0,Indanan
30.76169,28.76191439574875,1.9997756042512513,274215.0,657705.0,Indanan
30.742977,31.155906636484705,-0.41292963648470504,274515.0,657705.0,Indanan
30.209414,30.661008456274462,-0.4515944562744636,274815.0,657705.0,Indanan
30.37653,30.720215253847694,-0.34368525384769555,275115.0,657705.0,Indanan
31.677614,30.756593942786626,0.9210200572133722,275415.0,657705.0,Indanan
31.399683,31.492947481391937,-0.09326448139193744,275715.0,657705.0,Indanan
31.160404,31.24970138559114,-0.08929738559114142,276015.0,657705.0,Indanan
30.5157,31.390498230163036,-0.8747982301630373,276315.0,657705.0,Indanan
31.058233,30.642295285827192,0.41593771417280934,276615.0,657705.0,Indanan
31.180235,30.29884327482668,0.8813917251733194,276915.0,657705.0,Maimbung
31.604097,32.11080057464925,-0.5067035746492472,277215.0,657705.0,Maimbung
31.350382,32.17186544003331,-0.8214834400333082,277515.0,657705.0,Maimbung
31.795437,32.01103360731149,-0.21559660731148966,277815.0,657705.0,Maimbung
31.346207,32.52462352015811,-1.178416520158109,278115.0,657705.0,Maimbung
31.694983,32.02061714156314,-0.3256341415631425,278415.0,657705.0,Maimbung
31.019764,32.80483883296824,-1.7850748329682382,278715.0,657705.0,Maimbung
32.137035,33.15780507000779,-1.0207700700077922,279015.0,657705.0,Maimbung
32.448765,32.957193178590124,-0.5084281785901226,279315.0,657705.0,Maimbung
30.988712,32.65188822439053,-1.6631762243905328,279615.0,657705.0,Maimbung
30.891481,32.863077028269664,-1.9715960282696656,279915.0,657705.0,Maimbung
34.072315,33.66030018397462,0.41201481602538337,280215.0,657705.0,Maimbung
33.56832,33.52119132723657,0.047128672763427915,280515.0,657705.0,Maimbung
33.025665,33.24095755172217,-0.21529255172217177,280815.0,657705.0,Maimbung
33.23604,33.69119106074993,-0.45515106074992673,281115.0,657705.0,Maimbung
33.58148,34.22602558755402,-0.6445455875540205,281415.0,657705.0,Maimbung
32.35746,33.31634128016906,-0.9588812801690594,281715.0,657705.0,Maimbung
32.41307,33.80931045801005,-1.3962404580100554,282015.0,657705.0,Maimbung
32.251175,33.42610497640579,-1.1749299764057852,282315.0,657705.0,Talipao
30.950315,32.296719877342106,-1.3464048773421062,282615.0,657705.0,Talipao
31.379763,31.883633234568975,-0.503870234568975,282915.0,657705.0,Talipao
32.692623,32.94216049108086,-0.24953749108086498,283215.0,657705.0,Talipao
32.613487,32.34240259868799,0.2710844013120095,283515.0,657705.0,Talipao
31.26071,31.65645667083765,-0.39574667083764936,283815.0,657705.0,Talipao
31.595844,31.739864046638612,-0.14402004663861234,284115.0,657705.0,Talipao
31.365088,31.406418122700092,-0.041330122700092176,284415.0,657705.0,Talipao
30.806536,32.315993250625226,-1.5094572506252248,284715.0,657705.0,Talipao
30.639915,31.10790216776142,-0.4679871677614216,285015.0,657705.0,Talipao
30.63016,31.03800848235234,-0.40784848235233895,285315.0,657705.0,Talipao
31.519524,30.964489008714686,0.5550349912853143,285615.0,657705.0,Talipao
31.431791,30.70431325736922,0.7274777426307821,285915.0,657705.0,Talipao
30.668945,30.67233201367115,-0.0033870136711477983,286215.0,657705.0,Talipao
30.409014,30.291467503621483,0.117546496378516,286515.0,657705.0,Talipao
28.665657,28.100398960786112,0.5652580392138873,286815.0,657705.0,Talipao
33.189434,30.216844119853107,2.9725898801468915,287115.0,657705.0,Talipao
31.905025,30.58320900325839,1.3218159967416092,287415.0,657705.0,Talipao
34.10805,31.274024509205887,2.8340254907941116,287715.0,657705.0,Talipao
30.820068,30.862909311848828,-0.04284131184882867,288015.0,657705.0,Talipao
31.769531,31.443736242246636,0.3257947577533642,288315.0,657705.0,Talipao
31.408031,31.081836982665564,0.3261940173344371,288615.0,657705.0,Talipao
31.602795,31.558331239806083,0.04446376019391707,288915.0,657705.0,Talipao
31.48874,30.975036104107357,0.5137038958926432,289215.0,657705.0,Talipao
31.419771,31.857708968114636,-0.43793796811463537,289515.0,657705.0,Talipao
32.050133,30.999981275244842,1.0501517247551604,289815.0,657705.0,Talipao
33.633415,33.634769147525866,-0.0013541475258662672,290115.0,657705.0,Talipao
32.91565,34.08104181216874,-1.1653918121687425,290415.0,657705.0,Talipao
32.800632,31.85105981268729,0.949572187312711,290715.0,657705.0,Talipao
31.867018,31.32810313535117,0.5389148646488309,291015.0,657705.0,Talipao
30.969118,30.15687625808167,0.8122417419183314,291315.0,657705.0,Talipao
30.970043,30.601634442298472,0.36840855770152814,291615.0,657705.0,Talipao
30.633356,31.374228059641716,-0.7408720596417169,291915.0,657705.0,Talipao
31.690443,31.360640200489854,0.32980279951014424,292215.0,657705.0,Talipao
31.098907,31.96459772347276,-0.8656907234727598,292515.0,657705.0,Talipao
32.473763,32.047749262542695,0.4260137374573034,292815.0,657705.0,Talipao
33.194187,32.17374465659295,1.0204423434070478,293115.0,657705.0,Talipao
33.0199,32.29263141824726,0.7272685817527389,293415.0,657705.0,Talipao
32.22965,31.979196689790832,0.25045331020916706,293715.0,657705.0,Talipao
32.476925,31.955649855443905,0.5212751445560961,294015.0,657705.0,Talipao
33.545593,33.04674286808742,0.498850131912576,294315.0,657705.0,Talipao
34.881943,33.546352693972835,1.3355903060271643,294615.0,657705.0,Talipao
35.59269,33.679569845416836,1.9131201545831615,294915.0,657705.0,Talipao
32.98901,32.25411227154937,0.7348977284506333,295215.0,657705.0,Talipao
33.695885,33.39691541688335,0.29896958311664434,295515.0,657705.0,Talipao
32.950443,31.692741591987986,1.2577014080120144,295815.0,657705.0,Talipao
33.098206,32.10754988619731,0.9906561138026859,296115.0,657705.0,Talipao
32.64703,31.993015637785273,0.6540143622147276,296415.0,657705.0,Panglima Estino
33.255386,32.65425783776938,0.6011281622306228,296715.0,657705.0,Panglima Estino
33.092773,32.60360746015401,0.48916553984599176,297015.0,657705.0,Panglima Estino
33.029396,33.21278863370941,-0.18339263370940984,297315.0,657705.0,Panglima Estino
32.321293,32.382137225189425,-0.06084422518942745,297615.0,657705.0,Panglima Estino
33.04349,32.102020793534045,0.9414692064659533,297915.0,657705.0,Panglima Estino
33.00073,32.789782314360586,0.21094768563941102,298215.0,657705.0,Panglima Estino
33.2222,32.49631954750003,0.7258804524999718,298515.0,657705.0,Panglima Estino
33.662357,34.59356857296594,-0.9312115729659425,298815.0,657705.0,Panglima Estino
31.333817,31.128787609354642,0.20502939064535752,299115.0,657705.0,Panglima Estino
31.81196,31.468663409645075,0.34329659035492455,299415.0,657705.0,Panglima Estino
30.624016,30.967270965137843,-0.3432549651378416,300915.0,657705.0,Panglima Estino
33.136803,32.095557947131375,1.041245052868625,301515.0,657705.0,Panglima Estino
32.38933,31.429418752670934,0.9599112473290674,301815.0,657705.0,Panglima Estino
32.883713,34.59780214751934,-1.7140891475193385,302115.0,657705.0,Panglima Estino
32.762905,38.09855607796071,-5.335651077960705,302415.0,657705.0,Panglima Estino
34.065006,33.04134750352078,1.0236584964792144,302715.0,657705.0,Panglima Estino
32.30406,33.07492868895676,-0.7708686889567602,303015.0,657705.0,Panglima Estino
31.569729,31.84643866423597,-0.27670966423596965,303315.0,657705.0,Old Panamao
33.41174,32.53272739034396,0.8790126096560442,303615.0,657705.0,Old Panamao
33.02679,31.825894155433517,1.2008958445664817,303915.0,657705.0,Old Panamao
33.24017,33.27109880354944,-0.030928803549443273,304215.0,657705.0,Old Panamao
32.85797,33.15166240109331,-0.29369240109330974,304515.0,657705.0,Old Panamao
33.16856,32.53801058492266,0.6305494150773399,306615.0,657705.0,Old Panamao
33.54916,31.961643920375153,1.587516079624848,306915.0,657705.0,Old Panamao
32.284863,31.87303606949043,0.411826930509573,307215.0,657705.0,Old Panamao
32.80117,31.67107546444024,1.1300945355597598,307515.0,657705.0,Kalingalan Caluang
32.221466,32.40682058059429,-0.18535458059429288,307815.0,657705.0,Kalingalan Caluang
31.689358,31.553344347900474,0.13601365209952476,308715.0,657705.0,Kalingalan Caluang
32.108406,31.735469304835892,0.37293669516411043,309015.0,657705.0,Kalingalan Caluang
32.560818,32.731982448998906,-0.17116444899890837,309315.0,657705.0,Kalingalan Caluang
32.83266,31.490266280727035,1.3423937192729625,309615.0,657705.0,Kalingalan Caluang
31.710882,31.482385426643752,0.2284965733562494,309915.0,657705.0,Kalingalan Caluang
31.682972,31.374418387630318,0.30855361236968193,310215.0,657705.0,Kalingalan Caluang
31.751057,32.02821222276517,-0.27715522276517035,310515.0,657705.0,Kalingalan Caluang
31.388483,32.877094323009445,-1.4886113230094438,310815.0,657705.0,Kalingalan Caluang
32.98086,32.41101269789633,0.5698473021036676,311115.0,657705.0,Kalingalan Caluang
31.164793,31.038262105517372,0.12653089448262733,311715.0,657705.0,Luuk
31.840645,31.40013417208414,0.44051082791585827,312015.0,657705.0,Luuk
33.32739,32.153043675962984,1.1743463240370176,312315.0,657705.0,Luuk
31.783113,31.213339121296002,0.5697738787039981,312615.0,657705.0,Luuk
31.579393,31.418528371696116,0.1608646283038837,312915.0,657705.0,Luuk
32.85794,31.174362532192568,1.6835774678074316,313215.0,657705.0,Luuk
32.784294,31.708654595374078,1.0756394046259246,313515.0,657705.0,Luuk
31.935448,32.62417781187458,-0.6887298118745804,313815.0,657705.0,Luuk
31.927217,31.84399744353723,0.0832195564627689,314115.0,657705.0,Luuk
32.117786,31.858906059239917,0.25887994076008525,314415.0,657705.0,Luuk
32.877003,32.234249338987475,0.6427536610125273,314715.0,657705.0,Luuk
33.96268,34.65289519881527,-0.6902151988152738,315015.0,657705.0,Luuk
34.287415,33.510258089545275,0.7771569104547282,315315.0,657705.0,Luuk
32.933395,33.21679658670666,-0.2834015867066597,315615.0,657705.0,Luuk
33.28022,31.76985080468342,1.5103691953165814,315915.0,657705.0,Luuk
33.510918,33.9021310996399,-0.3912130996399057,316215.0,657705.0,Luuk
30.793114,32.01506534530879,-1.221951345308792,316515.0,657705.0,Luuk
31.458221,31.519656736566283,-0.06143573656628121,316815.0,657705.0,Luuk
32.88772,32.38451244036317,0.5032075596368344,317115.0,657705.0,Luuk
31.527225,32.91081951596624,-1.3835945159662373,317415.0,657705.0,Luuk
32.80631,33.55767248571064,-0.7513624857106365,317715.0,657705.0,Luuk
32.72658,32.015483721015556,0.7110962789844422,318015.0,657705.0,Luuk
35.06523,35.615768589133744,-0.550538589133744,318315.0,657705.0,Luuk
34.80955,33.788426789258686,1.0211232107413153,318615.0,657705.0,Omar
33.9115,32.9021504844689,1.009349515531099,318915.0,657705.0,Omar
34.302128,33.75563930564171,0.5464886943582954,319215.0,657705.0,Omar
35.09837,32.304348662351345,2.7940213376486582,319515.0,657705.0,Omar
34.00624,32.571478584893796,1.4347614151062018,319815.0,657705.0,Omar
34.554543,33.06371337099244,1.490829629007564,320115.0,657705.0,Omar
34.477318,33.08245857646185,1.3948594235381435,320415.0,657705.0,Omar
33.404125,34.51116038938874,-1.1070353893887415,320715.0,657705.0,Omar
33.45839,32.87631640661884,0.5820735933811605,321015.0,657705.0,Omar
35.12235,34.24572874422602,0.8766212557739763,321315.0,657705.0,Omar
33.998135,32.835052265663414,1.1630827343365837,321615.0,657705.0,Omar
31.977962,30.372991679728162,1.604970320271839,321915.0,657705.0,Omar
32.378227,31.17597070998257,1.2022562900174343,322215.0,657705.0,Omar
38.1437,35.8298326841377,2.3138673158623035,322515.0,657705.0,Omar
35.466366,33.52337986146789,1.9429861385321132,322815.0,657705.0,Omar
34.16325,33.49588579069304,0.6673642093069603,323115.0,657705.0,Omar
35.403366,33.90140093991451,1.5019650600854888,323415.0,657705.0,Omar
34.121937,33.544637261636545,0.5772997383634575,323715.0,657705.0,Omar
36.607815,34.78567814282988,1.822136857170122,324015.0,657705.0,Omar
35.802387,36.1299953568811,-0.32760835688110035,324315.0,657705.0,Omar
34.07588,34.339512902707,-0.2636329027070019,324615.0,657705.0,Omar
31.445713,34.067964964004865,-2.622251964004864,264915.0,657405.0,Parang
31.364458,33.369508986314194,-2.0050509863141954,265215.0,657405.0,Parang
30.967005,33.08276535165281,-2.11576035165281,265515.0,657405.0,Parang
31.721502,31.865770835912794,-0.1442688359127935,265815.0,657405.0,Parang
31.260288,32.36735764676076,-1.1070696467607597,266115.0,657405.0,Parang
31.705486,33.22633782540146,-1.5208518254014578,266415.0,657405.0,Parang
32.526028,34.252460505998926,-1.726432505998929,266715.0,657405.0,Parang
31.757565,32.62394398839052,-0.8663789883905224,267015.0,657405.0,Parang
32.486473,32.54335187150219,-0.056878871502192396,267315.0,657405.0,Parang
31.700726,32.64016071369844,-0.9394347136984429,267615.0,657405.0,Parang
30.094028,32.005355874869004,-1.9113278748690021,267915.0,657405.0,Parang
31.610079,31.94308078481353,-0.3330017848135327,268215.0,657405.0,Parang
30.45438,31.89885282015108,-1.4444728201510806,268515.0,657405.0,Parang
30.30918,31.076925668014127,-0.7677456680141255,268815.0,657405.0,Parang
30.205702,31.758465266286585,-1.5527632662865862,269115.0,657405.0,Parang
29.967817,31.479861393265676,-1.5120443932656755,269415.0,657405.0,Parang
29.96597,31.823218019634933,-1.857248019634934,269715.0,657405.0,Parang
31.44299,30.90853194819157,0.5344580518084321,270015.0,657405.0,Parang
31.351757,32.46046242059692,-1.1087054205969196,270315.0,657405.0,Parang
28.941269,30.834539952500165,-1.893270952500167,270615.0,657405.0,Parang
27.958193,31.18849425581387,-3.230301255813867,270915.0,657405.0,Indanan
28.191881,30.23205366998242,-2.0401726699824216,271215.0,657405.0,Indanan
28.446873,30.220582018334504,-1.773709018334504,271515.0,657405.0,Indanan
30.486973,30.37420017187027,0.112772828129728,271815.0,657405.0,Indanan
29.128794,29.808879858548863,-0.680085858548864,272115.0,657405.0,Indanan
28.461767,28.19351558232621,0.26825141767378824,272415.0,657405.0,Indanan
30.834246,29.858932548474932,0.9753134515250679,272715.0,657405.0,Indanan
30.400982,29.32032775666545,1.0806542433345498,273015.0,657405.0,Indanan
29.180199,28.59278305128524,0.5874159487147601,273315.0,657405.0,Indanan
30.20234,29.49599800964724,0.7063419903527581,273615.0,657405.0,Indanan
30.814295,29.545997249672403,1.2682977503275978,273915.0,657405.0,Indanan
30.43302,28.608533884108006,1.8244861158919932,274215.0,657405.0,Indanan
29.59285,28.7689334733091,0.8239165266908977,274515.0,657405.0,Indanan
30.449076,29.549357943922637,0.899718056077365,274815.0,657405.0,Indanan
31.010424,30.860776136771488,0.14964786322851253,275115.0,657405.0,Indanan
30.498083,30.556262936920643,-0.058179936920641495,275415.0,657405.0,Indanan
30.396532,30.458023805548404,-0.06149180554840328,275715.0,657405.0,Indanan
30.446373,31.029005401646565,-0.5826324016465634,276015.0,657405.0,Indanan
29.95751,29.248020004856098,0.7094899951439011,276315.0,657405.0,Indanan
30.595823,29.5709809845253,1.0248420154747002,276615.0,657405.0,Indanan
31.170658,29.876677738208983,1.2939802617910168,276915.0,657405.0,Maimbung
31.44993,31.083221797664432,0.3667082023355661,277215.0,657405.0,Maimbung
31.40557,31.36545226233885,0.04011773766115212,277515.0,657405.0,Maimbung
31.466736,32.16918517320601,-0.7024491732060092,277815.0,657405.0,Maimbung
32.47336,33.48431584431656,-1.0109558443165625,278115.0,657405.0,Maimbung
30.09957,32.20287417158336,-2.1033041715833605,278415.0,657405.0,Maimbung
31.280416,32.515039353831966,-1.2346233538319673,278715.0,657405.0,Maimbung
31.330015,32.85107141157523,-1.521056411575227,279015.0,657405.0,Maimbung
32.033237,32.22548103462286,-0.19224403462285977,279315.0,657405.0,Maimbung
31.239906,32.72089419843192,-1.4809881984319198,279615.0,657405.0,Maimbung
32.608784,33.31525786052733,-0.706473860527332,279915.0,657405.0,Maimbung
33.549244,34.10017575371331,-0.5509317537133072,280215.0,657405.0,Maimbung
32.325005,33.473976072020214,-1.1489710720202169,280515.0,657405.0,Maimbung
34.09765,32.74029677377057,1.357353226229435,280815.0,657405.0,Maimbung
34.36068,34.05960689873475,0.3010731012652528,281115.0,657405.0,Maimbung
33.273987,33.30808989652315,-0.03410289652315157,281415.0,657405.0,Maimbung
31.549347,33.17843929197727,-1.629092291977269,281715.0,657405.0,Maimbung
32.231533,33.90521467346738,-1.673681673467378,282015.0,657405.0,Maimbung
33.51176,33.42198199556783,0.08977800443216921,282315.0,657405.0,Talipao
33.2379,33.41513684317997,-0.17723684317996913,282615.0,657405.0,Talipao
32.014996,32.67615502474836,-0.6611590247483647,282915.0,657405.0,Talipao
32.55395,32.88390352571767,-0.32995352571767,283215.0,657405.0,Talipao
32.800713,32.38692368475562,0.41378931524437945,283515.0,657405.0,Talipao
32.629143,31.824207703606014,0.8049352963939853,283815.0,657405.0,Talipao
32.78867,32.30564248681403,0.4830275131859736,284115.0,657405.0,Talipao
31.71049,31.491367697694496,0.21912230230550378,284415.0,657405.0,Talipao
31.974854,31.421271386404687,0.5535826135953137,284715.0,657405.0,Talipao
31.003672,32.17827173385456,-1.1745997338545564,285015.0,657405.0,Talipao
31.324154,30.606692488365805,0.7174615116341947,285315.0,657405.0,Talipao
32.172897,32.538125877485555,-0.3652288774855563,285615.0,657405.0,Talipao
31.404055,30.831093292352097,0.5729617076479023,285915.0,657405.0,Talipao
30.903503,29.842541773484193,1.0609612265158077,286215.0,657405.0,Talipao
29.680325,30.31338606806442,-0.6330610680644213,286515.0,657405.0,Talipao
29.892712,27.898034061896556,1.9946779381034432,286815.0,657405.0,Talipao
32.833263,30.187549049799774,2.6457139502002285,287115.0,657405.0,Talipao
31.551683,30.389412014202914,1.162270985797086,287415.0,657405.0,Talipao
30.843582,30.53535260467395,0.30822939532605176,287715.0,657405.0,Talipao
31.805374,31.824866790021563,-0.019492790021562456,288015.0,657405.0,Talipao
33.146038,31.852701087499856,1.2933369125001413,288315.0,657405.0,Talipao
31.610132,31.449668666210506,0.16046333378949384,288615.0,657405.0,Talipao
32.29145,31.49172354817722,0.799726451822778,288915.0,657405.0,Talipao
31.112171,31.545815955082407,-0.4336449550824071,289215.0,657405.0,Talipao
31.558167,31.154088650355714,0.404078349644287,289515.0,657405.0,Talipao
32.127914,31.345548313303897,0.7823656866960995,289815.0,657405.0,Talipao
33.52626,31.64291673297529,1.8833432670247099,290115.0,657405.0,Talipao
34.01172,32.8969115052037,1.1148084947963,290415.0,657405.0,Talipao
31.37841,30.759591016986946,0.6188189830130533,290715.0,657405.0,Talipao
30.693163,30.079061661651888,0.6141013383481102,291015.0,657405.0,Talipao
31.069113,30.4793655270468,0.5897474729532028,291315.0,657405.0,Talipao
31.964386,31.63146018625581,0.3329258137441897,291615.0,657405.0,Talipao
31.188963,30.718693255592946,0.47026974440705516,291915.0,657405.0,Talipao
32.555218,31.976196839111793,0.5790211608882103,292215.0,657405.0,Talipao
31.49704,32.127032733376055,-0.6299927333760564,292515.0,657405.0,Talipao
31.691156,31.633661979381596,0.05749402061840314,292815.0,657405.0,Talipao
32.668034,31.610687320660908,1.0573466793390907,293115.0,657405.0,Talipao
33.39442,32.662801083050304,0.7316189169496923,293415.0,657405.0,Talipao
32.529568,31.89954559079026,0.6300224092097366,293715.0,657405.0,Talipao
31.287428,31.802679681394906,-0.5152516813949077,294015.0,657405.0,Talipao
32.68879,32.42032878410003,0.2684612158999684,294315.0,657405.0,Talipao
32.929527,32.5938509858691,0.33567601413089676,294615.0,657405.0,Talipao
34.95709,34.73652617105518,0.22056382894481885,294915.0,657405.0,Talipao
34.735947,32.60096507769874,2.1349819223012645,295215.0,657405.0,Talipao
34.009487,33.00450126174885,1.0049857382511505,295515.0,657405.0,Talipao
34.151947,32.66494581459342,1.4870011854065766,295815.0,657405.0,Talipao
33.515385,32.30245122952692,1.2129337704730787,296115.0,657405.0,Talipao
32.771076,32.05020877036825,0.7208672296317502,296415.0,657405.0,Panglima Estino
33.724323,32.54221291727124,1.1821100827287552,296715.0,657405.0,Panglima Estino
33.300457,31.945927233527655,1.3545297664723464,297015.0,657405.0,Panglima Estino
31.36257,31.881829566863058,-0.519259566863056,297315.0,657405.0,Panglima Estino
31.766062,31.631254193758735,0.1348078062412661,297615.0,657405.0,Panglima Estino
32.87998,33.92668286218798,-1.0467028621879777,297915.0,657405.0,Panglima Estino
35.01046,34.79200586204098,0.21845413795902147,298215.0,657405.0,Panglima Estino
34.22071,34.91682301605195,-0.6961130160519531,298515.0,657405.0,Panglima Estino
32.723274,33.78442768992833,-1.0611536899283252,298815.0,657405.0,Panglima Estino
32.457962,31.47288293352558,0.9850790664744231,299115.0,657405.0,Panglima Estino
31.249195,30.498431955776613,0.7507630442233868,302115.0,657405.0,
31.453783,31.167879262714283,0.28590373728571805,302415.0,657405.0,Panglima Estino
31.358166,31.46013062246216,-0.10196462246215887,302715.0,657405.0,Panglima Estino
33.444664,33.930811156681266,-0.4861471566812625,303015.0,657405.0,Panglima Estino
33.61764,34.75255040565081,-1.1349104056508068,303315.0,657405.0,Panglima Estino
32.899643,33.29835831568617,-0.39871531568617513,303615.0,657405.0,Old Panamao
33.316113,32.899006623830296,0.4171063761697056,303915.0,657405.0,Old Panamao
35.77484,35.93000084310149,-0.15516084310149125,304215.0,657405.0,Old Panamao
32.29827,31.78037144421162,0.5178985557883813,306615.0,657405.0,Old Panamao
31.90774,31.48972789351291,0.4180121064870903,306915.0,657405.0,Old Panamao
32.86098,32.428380669421514,0.43259933057848343,307215.0,657405.0,Old Panamao
33.49071,32.22924682673059,1.2614631732694122,307515.0,657405.0,Kalingalan Caluang
32.84748,32.4708900536066,0.3765899463933948,308715.0,657405.0,Kalingalan Caluang
32.16879,31.05955881978294,1.109231180217062,309015.0,657405.0,Kalingalan Caluang
31.764824,31.93303938110241,-0.16821538110241008,309315.0,657405.0,Kalingalan Caluang
32.451927,31.411116369383592,1.0408106306164058,309615.0,657405.0,Kalingalan Caluang
32.09425,30.907772400133183,1.1864775998668193,309915.0,657405.0,Kalingalan Caluang
32.149197,31.453912863783813,0.6952841362161877,310215.0,657405.0,Kalingalan Caluang
31.622364,31.486629570645437,0.1357344293545637,310515.0,657405.0,Kalingalan Caluang
33.2939,31.335870853838728,1.958029146161273,310815.0,657405.0,Kalingalan Caluang
33.007294,33.44531642572548,-0.4380224257254781,311115.0,657405.0,Kalingalan Caluang
32.4121,31.494623472858592,0.9174765271414103,311415.0,657405.0,Kalingalan Caluang
31.597208,31.21358756575615,0.3836204342438485,311715.0,657405.0,Kalingalan Caluang
33.254086,33.59715587571486,-0.3430698757148605,312015.0,657405.0,Luuk
30.640741,31.3561966349038,-0.715455634903801,312315.0,657405.0,Luuk
31.36888,30.514789268365416,0.8540907316345852,312615.0,657405.0,Luuk
32.579155,32.42223033372143,0.15692466627857016,312915.0,657405.0,Luuk
31.908298,31.376196238086067,0.5321017619139319,313215.0,657405.0,Luuk
31.748316,31.344640008675633,0.4036759913243664,313515.0,657405.0,Luuk
31.565924,32.433492767781914,-0.8675687677819148,313815.0,657405.0,Luuk
31.191202,31.53039003315013,-0.3391880331501298,314115.0,657405.0,Luuk
32.55116,31.737356578649216,0.8138034213507872,314415.0,657405.0,Luuk
33.74477,33.97249800982551,-0.22772800982550478,314715.0,657405.0,Luuk
34.11447,33.41153712732021,0.7029328726797885,315015.0,657405.0,Luuk
35.561413,35.58674534439702,-0.0253323443970217,315315.0,657405.0,Luuk
32.770077,32.162792647930765,0.6072843520692359,315615.0,657405.0,Luuk
32.3199,33.19808693659723,-0.8781869365972312,315915.0,657405.0,Luuk
32.43896,33.00034044502165,-0.5613804450216477,316215.0,657405.0,Luuk
32.087753,32.97718261862065,-0.8894296186206532,316515.0,657405.0,Luuk
31.729128,32.68756177341175,-0.9584337734117518,316815.0,657405.0,Luuk
32.112858,31.860702248098857,0.2521557519011459,317115.0,657405.0,Luuk
31.896496,32.804244570048084,-0.907748570048085,317415.0,657405.0,Luuk
32.98112,32.93991588524393,0.04120411475607,317715.0,657405.0,Luuk
33.465176,32.898172009415276,0.5670039905847233,318015.0,657405.0,Luuk
38.05527,35.235025357714925,2.8202446422850755,318315.0,657405.0,Luuk
33.89345,32.53025007750038,1.363199922499625,318615.0,657405.0,Omar
33.727898,32.75371483223553,0.9741831677644726,318915.0,657405.0,Omar
37.469505,35.031933197377214,2.4375718026227844,319215.0,657405.0,Omar
34.51678,33.0397039020488,1.4770760979511977,319515.0,657405.0,Omar
33.989994,32.75492637265466,1.2350676273453445,319815.0,657405.0,Omar
34.47209,32.65026917994039,1.8218208200596138,320115.0,657405.0,Omar
34.616974,34.289819419588845,0.327154580411154,320415.0,657405.0,Omar
33.90061,32.05257273079401,1.8480372692059888,320715.0,657405.0,Omar
32.987617,32.26784787370041,0.7197691262995889,321015.0,657405.0,Omar
34.044525,34.99225325125524,-0.9477282512552421,321315.0,657405.0,Omar
34.114033,32.525708566074975,1.588324433925024,321615.0,657405.0,Omar
31.531359,32.18909017384731,-0.6577311738473135,321915.0,657405.0,Omar
32.256084,31.37197362102277,0.8841103789772298,322215.0,657405.0,Omar
38.036736,36.5695766182261,1.4671593817738966,322515.0,657405.0,Omar
34.72591,32.3081482442673,2.4177617557326982,322815.0,657405.0,Omar
34.925266,33.5194978199549,1.4057681800451007,323115.0,657405.0,Omar
36.982655,35.55087878698707,1.431776213012931,323415.0,657405.0,Omar
34.58145,34.74780268726982,-0.16635268726982133,323715.0,657405.0,Omar
37.13377,36.74825165877718,0.38551834122282,324015.0,657405.0,Omar
32.0249,32.75332460570737,-0.7284246057073673,264915.0,657105.0,Parang
31.176702,32.516717025729164,-1.3400150257291656,265215.0,657105.0,Parang
31.610085,32.672596427416245,-1.0625114274162435,265515.0,657105.0,Parang
31.9707,34.35959060518118,-2.3888906051811816,265815.0,657105.0,Parang
30.4034,32.41559992029562,-2.0121999202956182,266115.0,657105.0,Parang
31.569866,32.97230226320087,-1.4024362632008724,266415.0,657105.0,Parang
32.28612,33.254290481893634,-0.9681704818936367,266715.0,657105.0,Parang
31.613808,33.09922170675972,-1.4854137067597222,267015.0,657105.0,Parang
32.511982,33.490186889300254,-0.9782048893002511,267315.0,657105.0,Parang
32.92539,32.62472415672306,0.30066584327693846,267615.0,657105.0,Parang
33.218708,33.83355182857155,-0.6148438285715514,267915.0,657105.0,Parang
31.291008,33.13727492173562,-1.8462669217356158,268215.0,657105.0,Parang
31.114372,32.27307744136812,-1.1587054413681237,268515.0,657105.0,Parang
30.494486,31.59128790452504,-1.0968019045250408,268815.0,657105.0,Parang
30.429651,31.70960685039337,-1.279955850393371,269115.0,657105.0,Parang
31.440449,31.590914996365058,-0.15046599636505675,269415.0,657105.0,Parang
30.587456,31.410462434745487,-0.8230064347454871,269715.0,657105.0,Parang
32.278397,32.57993494765067,-0.3015379476506723,270015.0,657105.0,Parang
30.439676,31.43282769261083,-0.9931516926108301,270315.0,657105.0,Parang
29.493042,31.45771726836345,-1.9646752683634503,270615.0,657105.0,Parang
29.223457,30.500494594472958,-1.277037594472958,270915.0,657105.0,Parang
28.054886,30.47851529468932,-2.42362929468932,271215.0,657105.0,Parang
27.359575,29.182948652117723,-1.8233736521177235,271515.0,657105.0,Parang
29.046047,29.501037737475475,-0.45499073747547314,271815.0,657105.0,Parang
28.985216,28.90998661268585,0.07522938731415252,272115.0,657105.0,Parang
29.47458,28.108320871261327,1.3662591287386725,272415.0,657105.0,Parang
31.610626,31.109424278604482,0.5012017213955176,272715.0,657105.0,Parang
27.416134,26.930147065391996,0.4859869346080039,273015.0,657105.0,Indanan
28.818913,28.467311416341257,0.3516015836587414,273315.0,657105.0,Indanan
28.778675,27.911115048306726,0.8675599516932735,273615.0,657105.0,Indanan
30.187628,29.613222173929337,0.574405826070663,273915.0,657105.0,Indanan
30.666876,29.826618653471584,0.8402573465284142,274215.0,657105.0,Indanan
30.670877,29.920758882262433,0.7501181177375678,274515.0,657105.0,Indanan
30.796799,30.095558841124348,0.7012401588756525,274815.0,657105.0,Indanan
30.396564,30.655371542414116,-0.2588075424141145,275115.0,657105.0,Indanan
29.195255,30.68230276886322,-1.4870477688632207,275415.0,657105.0,Indanan
30.586744,30.644372237793842,-0.05762823779384263,275715.0,657105.0,Indanan
28.352438,29.793417483431572,-1.4409794834315726,276015.0,657105.0,Indanan
28.312437,28.801330150287846,-0.4888931502878471,276315.0,657105.0,Indanan
30.087866,30.554172406466876,-0.4663064064668738,276615.0,657105.0,Maimbung
30.376066,29.556062418634227,0.8200035813657749,276915.0,657105.0,Maimbung
29.947546,31.424667364254972,-1.4771213642549732,277215.0,657105.0,Maimbung
31.49559,32.70261587988569,-1.2070258798856912,277515.0,657105.0,Maimbung
31.305016,33.16719085588358,-1.862174855883584,277815.0,657105.0,Maimbung
30.086678,32.5265966248947,-2.439918624894702,278115.0,657105.0,Maimbung
30.62687,32.585223250211556,-1.9583532502115553,278415.0,657105.0,Maimbung
29.940947,33.052411268531394,-3.1114642685313925,278715.0,657105.0,Maimbung
30.787642,33.49688648966133,-2.7092444896613266,279015.0,657105.0,Maimbung
31.161713,33.265145103621045,-2.1034321036210457,279315.0,657105.0,Maimbung
31.603783,33.40305581039724,-1.799272810397241,279615.0,657105.0,Maimbung
32.2696,33.35807024536431,-1.088470245364313,279915.0,657105.0,Maimbung
32.741158,33.34654154652006,-0.6053835465200592,280215.0,657105.0,Maimbung
33.145786,33.90780406163521,-0.7620180616352101,280515.0,657105.0,Maimbung
33.074066,34.175557291673066,-1.1014912916730637,280815.0,657105.0,Maimbung
32.671337,34.70426351920422,-2.032926519204217,281115.0,657105.0,Maimbung
33.318165,34.602914034597546,-1.2847490345975459,281415.0,657105.0,Maimbung
33.026913,33.13390344159072,-0.10699044159071747,281715.0,657105.0,Maimbung
33.647423,34.376266854829744,-0.7288438548297407,282015.0,657105.0,Maimbung
33.1335,33.77497710342546,-0.6414771034254585,282315.0,657105.0,Maimbung
33.647495,34.72186602429252,-1.0743710242925175,282615.0,657105.0,Talipao
31.95459,32.31367305890814,-0.3590830589081371,282915.0,657105.0,Talipao
32.58144,33.439221667147955,-0.8577816671479539,283215.0,657105.0,Talipao
32.749676,32.851698152420404,-0.10202215242040324,283515.0,657105.0,Talipao
31.774315,31.49959012512066,0.27472487487934316,283815.0,657105.0,Talipao
31.990799,31.957778192785224,0.033020807214775516,284115.0,657105.0,Talipao
32.813076,32.057597674714344,0.7554783252856581,284415.0,657105.0,Talipao
32.650845,32.74016102112496,-0.08931602112496506,284715.0,657105.0,Talipao
31.452381,31.55155995235179,-0.0991789523517923,285015.0,657105.0,Talipao
32.303642,31.74124940379461,0.5623925962053953,285315.0,657105.0,Talipao
32.750572,30.849747295525148,1.90082470447485,285615.0,657105.0,Talipao
31.385267,30.90569428159469,0.4795727184053078,285915.0,657105.0,Talipao
30.67328,28.97478388560679,1.6984961143932082,286215.0,657105.0,Talipao
30.63638,30.616381719733415,0.019998280266584345,286515.0,657105.0,Talipao
31.941036,29.451818278916708,2.4892177210832926,286815.0,657105.0,Talipao
35.9627,31.37512115520125,4.587578844798749,287115.0,657105.0,Talipao
34.51231,33.331203161884204,1.1811068381157952,287415.0,657105.0,Talipao
33.73476,33.88875162631773,-0.15399162631772612,287715.0,657105.0,Talipao
32.676117,32.49756852678707,0.17854847321292766,288015.0,657105.0,Talipao
32.541084,32.85776813838974,-0.3166841383897392,288315.0,657105.0,Talipao
33.24745,32.514418763652806,0.7330312363471947,288615.0,657105.0,Talipao
33.78334,33.71427138564037,0.06906861435962952,288915.0,657105.0,Talipao
33.01776,31.219248904180326,1.798511095819677,289215.0,657105.0,Talipao
31.922369,32.980055641484014,-1.0576866414840147,289515.0,657105.0,Talipao
33.494404,32.752604942191354,0.7417990578086489,289815.0,657105.0,Talipao
32.580612,31.247553327317046,1.3330586726829559,290115.0,657105.0,Talipao
32.162064,32.23439824305167,-0.07233424305167091,290415.0,657105.0,Talipao
31.913458,31.226443590222146,0.6870144097778521,290715.0,657105.0,Talipao
32.06098,30.485219176498696,1.5757608235013052,291015.0,657105.0,Talipao
31.069202,30.120906986428338,0.9482950135716628,291315.0,657105.0,Talipao
31.311033,31.404828316278895,-0.09379531627889648,291615.0,657105.0,Talipao
30.498526,30.505669552740276,-0.00714355274027767,291915.0,657105.0,Talipao
31.350927,31.508111775283965,-0.1571847752839659,292215.0,657105.0,Talipao
31.650204,32.23107227937928,-0.5808682793792848,292515.0,657105.0,Talipao
32.22244,33.255019877818754,-1.0325798778187547,292815.0,657105.0,Talipao
31.787067,31.175615188178465,0.6114518118215351,293115.0,657105.0,Talipao
32.0426,31.51695850015625,0.5256414998437506,293415.0,657105.0,Talipao
32.008614,31.90425800834748,0.10435599165252185,293715.0,657105.0,Talipao
33.056377,32.26975142791669,0.7866255720833095,294015.0,657105.0,Talipao
34.4493,33.697435052790055,0.7518649472099455,294315.0,657105.0,Talipao
32.97922,32.112668758352676,0.866551241647322,294615.0,657105.0,Talipao
33.764286,32.96096940240949,0.8033165975905092,294915.0,657105.0,Talipao
34.836903,34.50189360678044,0.3350093932195577,295215.0,657105.0,Talipao
34.368816,34.17932850701507,0.18948749298493084,295515.0,657105.0,Talipao
34.628635,34.36982598013533,0.2588090198646711,295815.0,657105.0,Talipao
34.044895,32.33305493299344,1.7118400670065554,296115.0,657105.0,Panglima Estino
33.165768,32.74520826515252,0.42055973484747966,296415.0,657105.0,Panglima Estino
33.659084,33.16177934800693,0.49730465199306906,296715.0,657105.0,Panglima Estino
33.23579,33.57663615930411,-0.3408461593041068,297015.0,657105.0,Panglima Estino
32.126774,31.211810211823803,0.9149637881761947,298215.0,657105.0,Panglima Estino
32.35572,32.014640682421636,0.3410793175783624,298515.0,657105.0,Panglima Estino
31.037914,30.969154094206555,0.0687599057934456,298815.0,657105.0,Panglima Estino
30.264124,31.541504903726835,-1.2773809037268364,299115.0,657105.0,
31.807228,31.845917300090054,-0.03868930009005567,302115.0,657105.0,Panglima Estino
31.605265,31.137186955854343,0.46807804414565624,302415.0,657105.0,Panglima Estino
33.54597,34.963406586882854,-1.4174365868828573,303015.0,657105.0,Panglima Estino
32.44533,33.760878091764184,-1.3155480917641853,303315.0,657105.0,Panglima Estino
32.661472,33.72880922827766,-1.0673372282776583,303615.0,657105.0,Panglima Estino
31.679806,31.81466276782403,-0.13485676782402933,303915.0,657105.0,Panglima Estino
33.384277,33.249577250797095,0.13469974920290184,305415.0,657105.0,Old Panamao
33.590916,32.774116571393634,0.816799428606366,305715.0,657105.0,Old Panamao
33.47795,32.570071725429194,0.9078782745708054,306015.0,657105.0,Old Panamao
33.116497,31.723068108699007,1.3934288913009958,306315.0,657105.0,Old Panamao
32.86682,33.257521782812965,-0.3907017828129682,306615.0,657105.0,Old Panamao
31.597918,32.04157122323087,-0.44365322323086787,306915.0,657105.0,Old Panamao
33.287067,32.389764183118906,0.8973028168810941,307215.0,657105.0,Kalingalan Caluang
32.812443,32.427861195914716,0.3845818040852862,307515.0,657105.0,Kalingalan Caluang
33.3023,32.98638777847772,0.31591222152228227,307815.0,657105.0,Kalingalan Caluang
32.450752,31.846770856523957,0.6039811434760445,308715.0,657105.0,Kalingalan Caluang
32.041862,31.64913866415373,0.3927233358462736,309015.0,657105.0,Kalingalan Caluang
32.226795,30.744724071688076,1.482070928311927,309315.0,657105.0,Kalingalan Caluang
32.22551,30.604070611246005,1.6214393887539948,309615.0,657105.0,Kalingalan Caluang
33.83459,31.36289084319792,2.471699156802078,309915.0,657105.0,Kalingalan Caluang
33.066223,31.55996665208205,1.506256347917951,310215.0,657105.0,Kalingalan Caluang
31.841988,34.08336054273,-2.241372542729998,311415.0,657105.0,Kalingalan Caluang
31.511395,31.098214008726917,0.4131809912730837,311715.0,657105.0,Kalingalan Caluang
30.089064,31.198961538893784,-1.109897538893783,312015.0,657105.0,Kalingalan Caluang
31.530073,31.520352143004335,0.009720856995667049,312315.0,657105.0,Luuk
32.019287,31.18575542673163,0.8335315732683668,312615.0,657105.0,Luuk
32.63524,30.850812705566156,1.784427294433847,312915.0,657105.0,Luuk
31.957472,31.365101398031545,0.5923706019684545,313215.0,657105.0,Luuk
32.347446,31.64077949000722,0.7066665099927789,313515.0,657105.0,Luuk
32.808754,32.183598490558566,0.6251555094414343,313815.0,657105.0,Luuk
33.25963,32.09787085676155,1.1617591432384486,314115.0,657105.0,Luuk
33.19107,32.083857262123345,1.107212737876658,314415.0,657105.0,Luuk
33.138462,32.64225261902066,0.4962093809793373,314715.0,657105.0,Luuk
34.043346,33.49948274185641,0.5438632581435883,315015.0,657105.0,Luuk
33.365074,31.769256771079917,1.5958172289200832,315315.0,657105.0,Luuk
34.35686,33.694105435485326,0.6627545645146711,315615.0,657105.0,Luuk
32.407833,31.629443522018068,0.7783894779819285,315915.0,657105.0,Luuk
33.657173,33.38603780510601,0.2711351948939935,316215.0,657105.0,Luuk
32.24456,31.760493387093735,0.48406661290626474,316515.0,657105.0,Luuk
33.231346,32.41535177348257,0.8159942265174323,316815.0,657105.0,Luuk
32.70909,32.63398439636992,0.07510560363008523,317115.0,657105.0,Luuk
31.970512,32.37520925992217,-0.4046972599221732,317415.0,657105.0,Luuk
31.891926,32.471850699237024,-0.5799246992370222,317715.0,657105.0,Luuk
33.325855,33.50500739528336,-0.17915239528336002,318015.0,657105.0,Luuk
35.043266,34.5132987479963,0.5299672520037007,318315.0,657105.0,Luuk
35.631794,35.02317105081803,0.6086229491819708,318615.0,657105.0,Luuk
32.639244,32.366734919082916,0.27250908091708226,318915.0,657105.0,Omar
34.64442,34.97367265219393,-0.3292526521939365,319215.0,657105.0,Omar
36.008266,34.326168219216314,1.6820977807836854,319515.0,657105.0,Omar
35.300343,34.252718744538,1.0476242554619972,319815.0,657105.0,Omar
33.8798,33.20458442529671,0.6752155747032944,320115.0,657105.0,Omar
34.297916,33.76539735818878,0.5325186418112224,320415.0,657105.0,Omar
34.706554,34.60981744733684,0.09673655266315961,320715.0,657105.0,Omar
34.11903,34.026987020073086,0.09204297992691579,321015.0,657105.0,Omar
37.7375,33.057652920401935,4.679847079598062,321315.0,657105.0,Omar
36.151203,33.95488806950203,2.1963149304979694,321615.0,657105.0,Omar
36.11006,34.623465917620024,1.4865940823799733,321915.0,657105.0,Omar
34.63339,34.005011757231316,0.628378242768683,322215.0,657105.0,Omar
34.114056,34.21846926378739,-0.10441326378739291,323715.0,657105.0,Omar
32.06135,33.94528561344753,-1.8839356134475338,264915.0,656805.0,Parang
31.409159,32.86100686178452,-1.4518478617845183,265215.0,656805.0,Parang
31.4729,33.41034275740552,-1.937442757405524,265515.0,656805.0,Parang
30.944538,32.138216135220155,-1.1936781352201535,265815.0,656805.0,Parang
30.782791,32.66695362279264,-1.8841626227926405,266115.0,656805.0,Parang
33.0196,33.247853426327936,-0.22825342632793877,266415.0,656805.0,Parang
32.512135,32.54147269043408,-0.02933769043407608,266715.0,656805.0,Parang
32.186428,33.51130372865667,-1.3248757286566715,267015.0,656805.0,Parang
31.687933,32.64272169338173,-0.9547886933817296,267315.0,656805.0,Parang
33.755558,34.58511547461665,-0.8295574746166494,267615.0,656805.0,Parang
32.521114,33.17937519616371,-0.6582611961637141,267915.0,656805.0,Parang
32.055153,32.806162169318995,-0.7510091693189977,268215.0,656805.0,Parang
31.963655,32.4285141768954,-0.46485917689539846,268515.0,656805.0,Parang
32.38238,32.95028792270435,-0.5679079227043502,268815.0,656805.0,Parang
30.519892,31.478859546730448,-0.9589675467304488,269115.0,656805.0,Parang
31.37026,32.659374114754804,-1.2891141147548062,269415.0,656805.0,Parang
28.996126,30.53787833033893,-1.5417523303389302,269715.0,656805.0,Parang
28.660845,31.44245779320254,-2.781612793202541,270015.0,656805.0,Parang
30.780693,30.887835403001414,-0.10714240300141498,270315.0,656805.0,Parang
27.808233,31.057558702230192,-3.249325702230191,270615.0,656805.0,Parang
27.658092,30.137702953048397,-2.4796109530483967,270915.0,656805.0,Parang
27.813576,30.19538271738849,-2.381806717388489,271215.0,656805.0,Parang
28.022055,29.867745808214128,-1.8456908082141261,271515.0,656805.0,Parang
26.656868,29.285908882677216,-2.6290408826772165,271815.0,656805.0,Parang
28.79475,29.23084697892821,-0.43609697892820876,272115.0,656805.0,Parang
28.427488,28.29256757711501,0.13492042288499206,272415.0,656805.0,Parang
29.418032,28.174019105093496,1.2440128949065041,272715.0,656805.0,Parang
30.468319,28.264565388444897,2.203753611555104,273015.0,656805.0,Parang
30.61485,29.723584689963733,0.8912653100362675,273315.0,656805.0,Parang
29.490026,28.79602655588254,0.6939994441174591,273615.0,656805.0,Parang
30.070498,29.281014363188145,0.7894836368118554,273915.0,656805.0,Parang
30.521757,30.149751247937374,0.372005752062627,274215.0,656805.0,Parang
30.251795,29.659574833147058,0.5922201668529432,274515.0,656805.0,Parang
30.74707,30.4735113847191,0.2735586152809013,274815.0,656805.0,Parang
28.883034,30.65031620816768,-1.767282208167682,275115.0,656805.0,Indanan
29.029337,30.01321382746453,-0.9838768274645275,275415.0,656805.0,Indanan
28.575195,30.271924027042218,-1.6967290270422168,275715.0,656805.0,Indanan
28.432497,28.339119716558855,0.09337728344114637,276015.0,656805.0,Indanan
27.578226,28.912107826385828,-1.3338818263858272,276315.0,656805.0,Indanan
29.80151,29.425165048951197,0.3763449510488037,276615.0,656805.0,Maimbung
29.202164,29.475832073242035,-0.27366807324203535,276915.0,656805.0,Maimbung
28.937033,29.36745842746393,-0.43042542746393053,277215.0,656805.0,Maimbung
30.430727,31.05994217839904,-0.6292151783990398,277515.0,656805.0,Maimbung
32.20401,34.17516033913955,-1.9711503391395553,277815.0,656805.0,Maimbung
30.410957,32.33240157222849,-1.9214445722284914,278115.0,656805.0,Maimbung
30.684628,33.3738184338237,-2.6891904338237005,278415.0,656805.0,Maimbung
31.106722,32.579889182628754,-1.4731671826287531,278715.0,656805.0,Maimbung
31.674444,33.49088806738857,-1.8164440673885665,279015.0,656805.0,Maimbung
31.426483,32.48005184046264,-1.053568840462642,279315.0,656805.0,Maimbung
31.281504,32.71790457894982,-1.4364005789498187,279615.0,656805.0,Maimbung
31.357716,34.33433166067699,-2.9766156606769876,279915.0,656805.0,Maimbung
32.304245,33.517622086646625,-1.2133770866466236,280215.0,656805.0,Maimbung
34.39036,32.315833944660056,2.0745260553399447,280515.0,656805.0,Maimbung
33.839874,36.65262926594509,-2.8127552659450856,280815.0,656805.0,Maimbung
32.121925,33.8979107884156,-1.7759857884156034,281115.0,656805.0,Maimbung
33.78253,34.77174724689515,-0.9892172468951514,281415.0,656805.0,Maimbung
33.59249,33.9052477760258,-0.3127577760258049,281715.0,656805.0,Maimbung
33.68058,33.92798545780761,-0.24740545780760925,282015.0,656805.0,Maimbung
32.70453,33.58432991217601,-0.8797999121760114,282315.0,656805.0,Maimbung
33.364,33.12695461111824,0.23704538888176074,282615.0,656805.0,Maimbung
32.322365,32.49229841276337,-0.16993341276337048,282915.0,656805.0,Talipao
33.16096,32.70379532877759,0.4571646712224151,283215.0,656805.0,Talipao
32.525467,33.11693176406718,-0.5914647640671831,283515.0,656805.0,Talipao
31.834227,31.709723041497544,0.12450395850245499,283815.0,656805.0,Talipao
32.564957,32.53878025066826,0.026176749331739302,284115.0,656805.0,Talipao
32.32654,31.827495062231165,0.4990449377688364,284415.0,656805.0,Talipao
33.342293,33.23751214567069,0.10478085432930584,284715.0,656805.0,Talipao
32.813374,33.36972772648848,-0.5563537264884744,285015.0,656805.0,Talipao
32.18282,31.799860489953772,0.3829595100462271,285315.0,656805.0,Talipao
33.045147,32.33172437320529,0.7134226267947099,285615.0,656805.0,Talipao
31.472284,30.755887976639976,0.7163960233600228,285915.0,656805.0,Talipao
30.895208,30.17324160257546,0.7219663974245414,286215.0,656805.0,Talipao
31.559423,30.367328411598468,1.192094588401531,286515.0,656805.0,Talipao
33.608242,32.996878875716,0.6113631242839972,286815.0,656805.0,Talipao
37.001984,33.4851054899426,3.5168785100574027,287115.0,656805.0,Talipao
35.522575,33.13259196495276,2.389983035047244,287415.0,656805.0,Talipao
34.758907,32.3882672749963,2.3706397250036986,287715.0,656805.0,Talipao
32.27931,32.24209776268041,0.037212237319593555,288015.0,656805.0,Talipao
31.608524,31.33879971220474,0.2697242877952597,288315.0,656805.0,Talipao
31.905865,33.70979061748073,-1.8039256174807292,288615.0,656805.0,Talipao
32.359894,32.90339285631755,-0.5434988563175551,288915.0,656805.0,Talipao
32.711,32.07189031031577,0.6391096896842257,289215.0,656805.0,Talipao
33.074562,33.14907869499572,-0.07451669499572233,289515.0,656805.0,Talipao
32.17058,32.400328664309306,-0.22974866430930518,289815.0,656805.0,Talipao
31.626547,30.57320117615207,1.053345823847927,290115.0,656805.0,Talipao
31.01234,30.582945545971278,0.4293944540287207,290415.0,656805.0,Talipao
30.747982,31.070543715131222,-0.3225617151312221,290715.0,656805.0,Talipao
30.481773,30.358518899110333,0.12325410088966748,291015.0,656805.0,Talipao
31.526508,31.166610340531218,0.35989765946878194,291315.0,656805.0,Talipao
30.685926,29.112937104967386,1.572988895032612,291615.0,656805.0,Talipao
30.19845,30.191796730576737,0.006653269423264163,291915.0,656805.0,Talipao
30.68384,30.51142524001893,0.17241475998106992,292215.0,656805.0,Talipao
32.27139,32.05363872641766,0.21775127358233703,292515.0,656805.0,Talipao
32.631763,32.16330100796758,0.4684619920324167,292815.0,656805.0,Talipao
31.407116,31.069901954116233,0.3372140458837656,293115.0,656805.0,Talipao
31.892838,33.40906647934104,-1.5162284793410414,293415.0,656805.0,Talipao
32.082508,32.3348869702878,-0.25237897028780054,293715.0,656805.0,Talipao
32.424263,32.07349703259556,0.3507659674044419,294015.0,656805.0,Talipao
34.613224,35.62898480318912,-1.0157608031891172,294315.0,656805.0,Talipao
34.57087,32.79289872655719,1.7779712734428088,294615.0,656805.0,Talipao
33.81915,33.781056585831344,0.038093414168656636,294915.0,656805.0,Talipao
34.6963,34.674522399542504,0.021777600457497215,295215.0,656805.0,Talipao
33.937496,32.00409469646957,1.933401303530431,295515.0,656805.0,Talipao
35.24151,35.03711139956904,0.20439860043095592,295815.0,656805.0,Talipao
35.85265,35.521218467638235,0.33143153236176204,296115.0,656805.0,Panglima Estino
33.855564,34.41939126053132,-0.563827260531319,296415.0,656805.0,Panglima Estino
34.037632,37.891662205900744,-3.8540302059007416,296715.0,656805.0,Panglima Estino
31.125078,32.47378089261585,-1.3487028926158509,298215.0,656805.0,Panglima Estino
31.762363,31.605993557833646,0.15636944216635484,298515.0,656805.0,Panglima Estino
31.668417,31.57119945118623,0.0972175488137701,298815.0,656805.0,Panglima Estino
31.278461,31.38666852522878,-0.10820752522878152,302715.0,656805.0,
31.506966,32.096188272913416,-0.5892222729134176,303015.0,656805.0,Panglima Estino
31.536879,32.87035525121556,-1.3334762512155578,303315.0,656805.0,Panglima Estino
32.307686,31.475167777711665,0.832518222288332,304815.0,656805.0,Old Panamao
33.066505,32.56200191854194,0.5045030814580613,305115.0,656805.0,Old Panamao
33.335182,32.660941931410434,0.6742400685895689,306015.0,656805.0,Old Panamao
33.20759,32.23215443174492,0.9754355682550866,306315.0,656805.0,Old Panamao
32.943462,32.30176938815843,0.6416926118415702,306615.0,656805.0,Old Panamao
33.02335,32.00756397129185,1.015786028708149,306915.0,656805.0,Old Panamao
32.32584,32.0539443143329,0.2718956856670971,307215.0,656805.0,Kalingalan Caluang
32.776764,31.710527633505055,1.0662363664949446,307515.0,656805.0,Kalingalan Caluang
32.387283,31.63299393711533,0.7542890628846664,307815.0,656805.0,Kalingalan Caluang
32.848293,31.547319871465028,1.3009731285349702,308115.0,656805.0,Kalingalan Caluang
32.785503,30.85096902086916,1.934533979130837,308415.0,656805.0,Kalingalan Caluang
32.517647,31.10437846145208,1.4132685385479178,308715.0,656805.0,Kalingalan Caluang
32.945297,32.54212039716212,0.40317660283787404,309015.0,656805.0,Kalingalan Caluang
32.68924,31.461396515332122,1.2278434846678756,309315.0,656805.0,Kalingalan Caluang
32.711796,31.14551851508773,1.5662774849122698,309615.0,656805.0,Kalingalan Caluang
31.949383,30.963094278794458,0.9862887212055433,309915.0,656805.0,Kalingalan Caluang
31.70167,31.018008995363605,0.6836610046363951,310215.0,656805.0,Kalingalan Caluang
31.206026,30.884223699252246,0.3218023007477555,311415.0,656805.0,Kalingalan Caluang
30.356104,31.133987299851555,-0.7778832998515561,311715.0,656805.0,Kalingalan Caluang
30.761297,30.937330116859243,-0.1760331168592444,312015.0,656805.0,Kalingalan Caluang
31.82784,30.694582734562513,1.1332572654374857,312315.0,656805.0,Luuk
31.53428,32.600591001130375,-1.0663110011303765,312615.0,656805.0,Luuk
31.533516,31.07598110704034,0.4575348929596572,312915.0,656805.0,Luuk
32.202465,31.141271478595563,1.0611935214044337,313215.0,656805.0,Luuk
32.66044,31.447461483382117,1.2129785166178841,313515.0,656805.0,Luuk
34.14126,32.84063690839946,1.3006230916005421,313815.0,656805.0,Luuk
33.373276,32.08231942181357,1.2909565781864245,314115.0,656805.0,Luuk
33.62188,32.31988004750456,1.3019999524954358,314415.0,656805.0,Luuk
33.46228,31.010002782311958,2.4522772176880423,314715.0,656805.0,Luuk
33.20136,31.80082901094021,1.4005309890597921,315015.0,656805.0,Luuk
33.359615,32.44361879069874,0.9159962093012552,315315.0,656805.0,Luuk
34.71942,31.725996204058088,2.9934237959419114,315615.0,656805.0,Luuk
36.94526,32.48836213153434,4.45689786846566,315915.0,656805.0,Luuk
32.652042,32.80074291504578,-0.14870091504577942,316215.0,656805.0,Luuk
32.868126,32.199531314685366,0.6685946853146305,316515.0,656805.0,Luuk
31.705507,33.060358309994925,-1.354851309994924,316815.0,656805.0,Luuk
31.806372,31.265868134276353,0.5405038657236467,317115.0,656805.0,Luuk
30.948631,32.33980991187596,-1.3911789118759614,317415.0,656805.0,Luuk
32.517956,32.05020895410596,0.46774704589403626,317715.0,656805.0,Luuk
32.92908,32.961806418426114,-0.032726418426115345,318015.0,656805.0,Luuk
33.76743,33.97350974572119,-0.20607974572119048,318315.0,656805.0,Luuk
33.121365,33.94328068253083,-0.821915682530836,318615.0,656805.0,Luuk
33.692554,33.35815029034035,0.3344037096596537,318915.0,656805.0,Omar
34.900803,33.18844378287299,1.712359217127016,319215.0,656805.0,Omar
33.706116,33.192114028506104,0.5140019714938973,319515.0,656805.0,Omar
34.5793,34.555386026859495,0.023913973140508915,319815.0,656805.0,Omar
34.23372,34.45797286038843,-0.2242528603884324,320115.0,656805.0,Omar
34.116955,34.04811815136344,0.06883684863655759,320415.0,656805.0,Omar
34.593338,34.05233262843671,0.5410053715632941,320715.0,656805.0,Omar
35.352863,35.81709459482237,-0.46423159482237253,321015.0,656805.0,Omar
34.650635,33.06660834043232,1.5840266595676837,321315.0,656805.0,Omar
31.309225,33.28924344385866,-1.9800184438586577,264915.0,656505.0,Parang
31.571861,33.1019633358784,-1.5301023358784036,265215.0,656505.0,Parang
31.859894,32.99105499037835,-1.1311609903783513,265515.0,656505.0,Parang
32.07765,33.31739903348985,-1.2397490334898507,265815.0,656505.0,Parang
31.955389,32.652584321478976,-0.6971953214789757,266115.0,656505.0,Parang
31.511686,32.69743548038484,-1.185749480384839,266415.0,656505.0,Parang
31.690239,31.3550563225854,0.33518267741459695,266715.0,656505.0,Parang
30.32111,32.96354897649943,-2.642438976499431,267015.0,656505.0,Parang
30.110779,33.713558410042644,-3.6027794100426433,267315.0,656505.0,Parang
32.240803,33.234414648929594,-0.9936116489295941,267615.0,656505.0,Parang
31.675295,33.03525998367778,-1.3599649836777843,267915.0,656505.0,Parang
31.248915,33.00613148154272,-1.7572164815427165,268215.0,656505.0,Parang
31.11633,32.21954667284855,-1.10321667284855,268515.0,656505.0,Parang
31.39327,32.82513327952294,-1.4318632795229362,268815.0,656505.0,Parang
30.133135,32.44969075973454,-2.3165557597345376,269115.0,656505.0,Parang
30.384043,31.878519880899454,-1.4944768808994553,269415.0,656505.0,Parang
30.736061,32.862567579305995,-2.126506579305996,269715.0,656505.0,Parang
30.649143,31.933557100030264,-1.284414100030265,270015.0,656505.0,Parang
30.60999,32.66752700260916,-2.0575370026091626,270315.0,656505.0,Parang
28.687702,30.409941756203224,-1.7222397562032228,270615.0,656505.0,Parang
27.422419,30.1631434159951,-2.7407244159951,270915.0,656505.0,Parang
28.523607,31.250369107733132,-2.7267621077331334,271215.0,656505.0,Parang
28.030094,29.993113407199566,-1.9630194071995675,271515.0,656505.0,Parang
28.113602,29.532023850660902,-1.418421850660902,271815.0,656505.0,Parang
27.745394,28.936985471853177,-1.191591471853176,272115.0,656505.0,Parang
28.886839,29.88840881256468,-1.0015698125646821,272415.0,656505.0,Parang
27.068274,27.68093609411853,-0.6126620941185301,272715.0,656505.0,Parang
28.124792,27.277533151508422,0.8472588484915775,273015.0,656505.0,Parang
29.318552,27.487137038564548,1.8314149614354527,273315.0,656505.0,Parang
29.515732,28.371578255157747,1.144153744842253,273615.0,656505.0,Parang
29.929909,29.451395377545925,0.4785136224540736,273915.0,656505.0,Parang
30.283876,29.615961633541634,0.6679143664583655,274215.0,656505.0,Parang
29.696787,29.735168083101936,-0.03838108310193533,274515.0,656505.0,Parang
29.854736,29.55957649099044,0.295159509009558,274815.0,656505.0,Parang
29.695925,30.598025686375575,-0.9021006863755758,275115.0,656505.0,Parang
28.619623,30.359399801457304,-1.7397768014573032,275415.0,656505.0,Parang
30.23682,31.686528600959154,-1.449708600959152,275715.0,656505.0,Parang
28.628704,30.180161608112662,-1.5514576081126634,276015.0,656505.0,Parang
28.548475,29.608418527264273,-1.0599435272642737,276315.0,656505.0,Parang
30.560637,32.586362822396744,-2.025725822396744,276615.0,656505.0,Maimbung
27.813175,28.695767283687214,-0.8825922836872131,276915.0,656505.0,Maimbung
29.334557,33.0617248006013,-3.727167800601297,277215.0,656505.0,Maimbung
30.01735,32.65610999428891,-2.638759994288911,277515.0,656505.0,Maimbung
30.545385,31.97916215564672,-1.4337771556467196,277815.0,656505.0,Maimbung
32.39066,33.35224041278952,-0.9615804127895231,278115.0,656505.0,Maimbung
32.48888,32.93608342249658,-0.4472034224965782,278415.0,656505.0,Maimbung
32.34924,33.498078251086554,-1.148838251086552,278715.0,656505.0,Maimbung
31.787508,34.04574855541695,-2.2582405554169505,279015.0,656505.0,Maimbung
31.388428,33.222019988606355,-1.8335919886063543,279315.0,656505.0,Maimbung
31.12608,33.23518840004609,-2.1091084000460896,279615.0,656505.0,Maimbung
31.437881,33.175043896961185,-1.737162896961184,279915.0,656505.0,Maimbung
31.192968,34.060854878988245,-2.8678868789882443,280215.0,656505.0,Maimbung
31.900713,34.03183096399186,-2.1311179639918585,280515.0,656505.0,Maimbung
37.66296,37.100720032192605,0.5622399678073933,280815.0,656505.0,Maimbung
36.825195,37.93386133132416,-1.1086663313241587,281115.0,656505.0,Maimbung
33.867683,34.254791909946924,-0.3871089099469245,281415.0,656505.0,Maimbung
33.875088,33.53675373422282,0.33833426577717773,281715.0,656505.0,Maimbung
33.449463,33.83866427245685,-0.38920127245685165,282015.0,656505.0,Maimbung
35.851593,35.64094428267756,0.21064871732244228,282315.0,656505.0,Maimbung
32.88804,34.004732200026226,-1.116692200026229,282615.0,656505.0,Maimbung
32.074635,33.77250999241905,-1.6978749924190524,282915.0,656505.0,Maimbung
33.503666,33.6018682874512,-0.09820228745119408,283215.0,656505.0,Talipao
34.665516,35.735318225581594,-1.069802225581597,283515.0,656505.0,Talipao
33.05419,33.28365260993714,-0.22946260993714418,283815.0,656505.0,Talipao
33.155334,33.05805310720745,0.09728089279255414,284115.0,656505.0,Talipao
33.32165,32.71697472769311,0.6046752723068849,284415.0,656505.0,Talipao
32.841545,32.79809023713835,0.04345476286165706,284715.0,656505.0,Talipao
32.13242,31.639331242053164,0.4930887579468397,285015.0,656505.0,Talipao
32.46759,32.28325740338954,0.1843325966104601,285315.0,656505.0,Talipao
32.423298,31.861332062495915,0.5619659375040875,285615.0,656505.0,Talipao
31.556505,31.018556924635554,0.5379480753644472,285915.0,656505.0,Talipao
31.53797,31.181026449072245,0.3569435509277561,286215.0,656505.0,Talipao
31.32576,31.043614745354628,0.2821452546453713,286515.0,656505.0,Talipao
33.78955,32.877618891775896,0.9119311082241026,286815.0,656505.0,Talipao
33.189304,31.509265591190506,1.6800384088094944,287115.0,656505.0,Talipao
33.081352,32.2896559723728,0.7916960276272036,287415.0,656505.0,Talipao
32.490772,31.433913713695723,1.0568582863042764,287715.0,656505.0,Talipao
31.41946,32.25660554689107,-0.8371455468910725,288015.0,656505.0,Talipao
30.846306,31.396655292811136,-0.5503492928111378,288315.0,656505.0,Talipao
31.826748,31.930707765654766,-0.10395976565476772,288615.0,656505.0,Talipao
31.149761,31.518316412069222,-0.36855541206922027,288915.0,656505.0,Talipao
31.515764,32.322668327000365,-0.806904327000364,289215.0,656505.0,Talipao
32.80335,33.07847142389471,-0.27512142389470995,289515.0,656505.0,Talipao
33.163956,32.70407452314456,0.45988147685543623,289815.0,656505.0,Talipao
31.220905,30.885051051975534,0.33585394802446444,290115.0,656505.0,Talipao
30.682343,30.270586413597965,0.41175658640203494,290415.0,656505.0,Talipao
31.772837,32.07629666325446,-0.3034596632544613,290715.0,656505.0,Talipao
31.776175,31.808668546128967,-0.032493546128968376,291015.0,656505.0,Talipao
32.126366,30.747990936591098,1.3783750634088996,291315.0,656505.0,Talipao
30.976389,29.742357152734307,1.234031847265694,291615.0,656505.0,Talipao
31.798159,30.625117728596162,1.1730412714038359,291915.0,656505.0,Talipao
30.76052,30.688907381198092,0.0716126188019075,292215.0,656505.0,Talipao
31.803926,31.284032339349068,0.5198936606509328,292515.0,656505.0,Talipao
31.818012,31.335063196597407,0.48294880340259283,292815.0,656505.0,Talipao
33.160915,33.29610316335464,-0.13518816335463413,293115.0,656505.0,Talipao
32.8728,32.41444318258836,0.4583568174116408,293415.0,656505.0,Talipao
33.232563,32.6505330488469,0.5820299511530962,293715.0,656505.0,Talipao
34.250484,34.88183274426194,-0.6313487442619419,294015.0,656505.0,Talipao
33.918385,34.32139702349293,-0.4030120234929271,294315.0,656505.0,Talipao
36.077965,35.105972862650376,0.9719921373496234,294615.0,656505.0,Talipao
33.36493,33.39387733460707,-0.028947334607067887,294915.0,656505.0,Talipao
34.336334,32.673048290400565,1.6632857095994353,295215.0,656505.0,Talipao
35.73379,34.74669772368681,0.9870922763131915,295515.0,656505.0,Talipao
33.958134,33.31235436324196,0.6457796367580428,295815.0,656505.0,Panglima Estino
34.241524,32.84676325311352,1.394760746886476,296115.0,656505.0,Panglima Estino
34.309814,33.316817820756775,0.992996179243228,296415.0,656505.0,Panglima Estino
33.150173,33.23364732162688,-0.08347432162688051,296715.0,656505.0,Panglima Estino
32.69061,31.921258368336265,0.769351631663735,297015.0,656505.0,Panglima Estino
30.353798,30.928857587617905,-0.5750595876179041,298215.0,656505.0,Panglima Estino
31.052378,32.33181345302249,-1.27943545302249,304515.0,656505.0,Old Panamao
33.59016,33.499039209237964,0.09112079076203372,305115.0,656505.0,Old Panamao
33.278465,32.6068720625561,0.6715929374438971,305415.0,656505.0,Old Panamao
33.142582,32.42411259537734,0.7184694046226596,306015.0,656505.0,Old Panamao
36.00727,31.809411493101837,4.197858506898161,306315.0,656505.0,Old Panamao
36.172028,36.2147662163061,-0.042738216306105414,306615.0,656505.0,Old Panamao
34.016773,32.15457432089141,1.8621986791085874,306915.0,656505.0,Old Panamao
33.10452,31.863239670816778,1.2412803291832226,307215.0,656505.0,Kalingalan Caluang
32.676273,31.79859873805653,0.8776742619434721,307515.0,656505.0,Kalingalan Caluang
32.69252,31.615061774878424,1.0774582251215783,307815.0,656505.0,Kalingalan Caluang
33.41735,33.82050736323322,-0.4031573632332197,308115.0,656505.0,Kalingalan Caluang
33.233353,30.899273814669307,2.334079185330694,308415.0,656505.0,Kalingalan Caluang
32.42114,30.886404603488057,1.5347353965119446,308715.0,656505.0,Kalingalan Caluang
32.671856,30.963240010629477,1.7086159893705215,309015.0,656505.0,Kalingalan Caluang
31.983372,31.142656612472653,0.8407153875273465,309315.0,656505.0,Kalingalan Caluang
32.87089,30.992379219337177,1.8785107806628254,309615.0,656505.0,Kalingalan Caluang
32.41395,30.281223726182915,2.1327262738170845,309915.0,656505.0,Kalingalan Caluang
31.982595,31.467355185486518,0.5152398145134818,310215.0,656505.0,Kalingalan Caluang
32.69821,31.07192825906647,1.626281740933532,310515.0,656505.0,Kalingalan Caluang
31.17408,30.413311783022102,0.7607682169778975,311415.0,656505.0,Kalingalan Caluang
32.301796,30.624294980350463,1.6775010196495401,311715.0,656505.0,Kalingalan Caluang
31.533524,30.431817906676553,1.1017060933234468,312015.0,656505.0,Kalingalan Caluang
31.246662,31.831110231750603,-0.5844482317506028,312315.0,656505.0,Kalingalan Caluang
30.50037,30.793359834903782,-0.29298983490378205,312615.0,656505.0,Luuk
30.248516,31.22427095209291,-0.9757549520929096,312915.0,656505.0,Luuk
32.123604,31.16893442490991,0.9546695750900902,313215.0,656505.0,Luuk
33.252117,32.250846538079074,1.0012704619209245,313515.0,656505.0,Luuk
34.43552,32.82120227399203,1.6143177260079682,313815.0,656505.0,Luuk
33.10271,32.74778129598607,0.35492870401392906,314115.0,656505.0,Luuk
33.710815,31.487932297710444,2.222882702289553,314415.0,656505.0,Luuk
32.96071,31.75925497730347,1.2014550226965284,314715.0,656505.0,Luuk
33.317616,31.531652562451317,1.7859634375486841,315015.0,656505.0,Luuk
33.716106,33.22100524196705,0.4951007580329545,315315.0,656505.0,Luuk
34.459465,33.342101899053205,1.1173631009467968,315615.0,656505.0,Luuk
37.07873,34.23744625400916,2.841283745990843,315915.0,656505.0,Luuk
33.597637,32.01967859491804,1.577958405081958,316215.0,656505.0,Luuk
31.5437,31.243913328154512,0.2997866718454887,316515.0,656505.0,Luuk
30.554932,31.80854841897739,-1.2536164189773906,316815.0,656505.0,Luuk
31.596104,31.73578088492981,-0.13967688492980912,317115.0,656505.0,Luuk
30.48068,32.03074450450414,-1.5500645045041423,317415.0,656505.0,Luuk
32.203114,32.39709583041875,-0.19398183041874972,317715.0,656505.0,Luuk
31.610851,32.14998158462007,-0.5391305846200716,318015.0,656505.0,Luuk
31.920132,34.19882071156125,-2.278688711561248,318315.0,656505.0,Luuk
32.466496,32.96889584406055,-0.5023998440605482,318615.0,656505.0,Luuk
33.722023,35.218711291670616,-1.4966882916706155,318915.0,656505.0,Luuk
34.076675,33.2120008370007,0.8646741629993002,319215.0,656505.0,Omar
34.022415,33.76319079207135,0.2592242079286535,319515.0,656505.0,Omar
34.75498,35.07295080208426,-0.317970802084254,319815.0,656505.0,Omar
34.56072,34.5934705790843,-0.03275057908429346,320115.0,656505.0,Omar
33.88764,34.47917081749356,-0.5915308174935632,320415.0,656505.0,Omar
34.294006,34.25397279344802,0.04003320655198195,320715.0,656505.0,Omar
35.75374,35.96828834207769,-0.21454834207769125,321015.0,656505.0,Omar
31.823978,32.615052213260995,-0.7910742132609947,265215.0,656205.0,Parang
32.426212,33.40164725446323,-0.9754352544632283,265515.0,656205.0,Parang
32.31647,34.60640639971915,-2.2899363997191458,265815.0,656205.0,Parang
32.761448,34.23282742497605,-1.4713794249760497,266115.0,656205.0,Parang
33.000908,33.343756447243045,-0.34284844724304264,266415.0,656205.0,Parang
31.507168,33.97655457897974,-2.469386578979737,266715.0,656205.0,Parang
28.535357,32.39063369662444,-3.85527669662444,267015.0,656205.0,Parang
30.00186,33.265599587303996,-3.263739587303995,267315.0,656205.0,Parang
31.688547,34.00955228992491,-2.321005289924912,267615.0,656205.0,Parang
31.422333,33.884117662256756,-2.4617846622567576,267915.0,656205.0,Parang
31.03926,33.84618538863012,-2.8069253886301198,268215.0,656205.0,Parang
30.487696,31.57889420913773,-1.0911982091377297,268515.0,656205.0,Parang
30.155676,32.245463736325895,-2.0897877363258957,268815.0,656205.0,Parang
30.675135,32.54419640509587,-1.8690614050958665,269115.0,656205.0,Parang
30.888561,31.15234329237661,-0.2637822923766109,269415.0,656205.0,Parang
31.95259,33.90971354131042,-1.9571235413104162,269715.0,656205.0,Parang
28.89136,32.03115201615924,-3.139792016159241,270015.0,656205.0,Parang
28.347492,31.259159428706628,-2.911667428706629,270315.0,656205.0,Parang
28.542625,30.729089456799667,-2.1864644567996656,270615.0,656205.0,Parang
29.131777,31.205385292839026,-2.073608292839026,270915.0,656205.0,Parang
29.051815,29.58908821940271,-0.5372732194027101,271215.0,656205.0,Parang
28.72517,30.279261489959435,-1.5540914899594362,271515.0,656205.0,Parang
29.956053,30.127643345670815,-0.17159034567081477,271815.0,656205.0,Parang
28.393099,29.357579380461843,-0.9644803804618434,272115.0,656205.0,Parang
27.519032,28.721893991665496,-1.2028619916654968,272415.0,656205.0,Parang
28.19989,28.244185240029257,-0.04429524002925689,272715.0,656205.0,Parang
26.765512,28.039975608253776,-1.2744636082537752,273015.0,656205.0,Parang
30.660322,28.396171818718372,2.2641501812816287,273315.0,656205.0,Parang
30.110132,29.56442329409477,0.5457087059052306,273615.0,656205.0,Parang
30.515749,30.61167901809478,-0.09593001809477997,273915.0,656205.0,Parang
29.935667,29.16654498558927,0.7691220144107298,274215.0,656205.0,Parang
31.424267,30.7202263244861,0.7040406755139017,274515.0,656205.0,Parang
31.070576,29.61007747383145,1.46049852616855,274815.0,656205.0,Parang
30.638327,31.09716454570531,-0.4588375457053111,275115.0,656205.0,Parang
28.800495,30.19246043308531,-1.391965433085307,275415.0,656205.0,Parang
30.069586,30.79092210106886,-0.7213361010688573,275715.0,656205.0,Parang
29.850992,31.3615312635908,-1.5105392635907968,276015.0,656205.0,Parang
30.259123,30.666124965583784,-0.40700196558378465,276315.0,656205.0,Parang
29.338308,29.970941938351206,-0.632633938351205,276615.0,656205.0,Maimbung
29.969,31.8686019714325,-1.8996019714324994,276915.0,656205.0,Maimbung
30.550905,31.69133413881915,-1.140429138819151,277215.0,656205.0,Maimbung
31.352922,32.984231160215145,-1.631309160215146,277515.0,656205.0,Maimbung
32.619015,34.234652464603926,-1.6156374646039282,277815.0,656205.0,Maimbung
32.095543,32.62444495967195,-0.5289019596719484,278115.0,656205.0,Maimbung
32.966633,33.621859550638185,-0.6552265506381829,278415.0,656205.0,Maimbung
34.441185,34.0487243985474,0.39246060145259776,278715.0,656205.0,Maimbung
34.612396,35.352928662855106,-0.7405326628551094,279015.0,656205.0,Maimbung
34.13433,34.00572112786402,0.1286088721359775,279315.0,656205.0,Maimbung
32.542927,32.874856855860415,-0.331929855860416,279615.0,656205.0,Maimbung
31.870222,33.146416675226185,-1.2761946752261863,279915.0,656205.0,Maimbung
33.0766,33.91677141512756,-0.8401714151275641,280215.0,656205.0,Maimbung
32.880806,33.582610954833925,-0.7018049548339249,280515.0,656205.0,Maimbung
35.96872,36.2483103414763,-0.27959034147630035,280815.0,656205.0,Maimbung
36.236835,37.41526979373724,-1.1784347937372388,281115.0,656205.0,Maimbung
37.033245,42.24972807091808,-5.2164830709180805,281415.0,656205.0,Maimbung
33.966137,33.902397625361424,0.0637393746385797,281715.0,656205.0,Maimbung
34.563362,34.13046254980803,0.43289945019196807,282015.0,656205.0,Maimbung
33.722736,33.0204430754283,0.7022929245717009,282315.0,656205.0,Maimbung
34.12469,33.05443508089806,1.0702549191019415,282615.0,656205.0,Maimbung
32.367924,32.539708030468766,-0.17178403046876412,282915.0,656205.0,Maimbung
32.893932,32.89608610609253,-0.0021541060925329703,283215.0,656205.0,Maimbung
34.379467,33.82677790989758,0.5526890901024188,283515.0,656205.0,Talipao
34.066135,33.2480640876366,0.8180709123634031,283815.0,656205.0,Talipao
33.663654,33.52032900563197,0.14332499436802948,284115.0,656205.0,Talipao
34.22232,32.96585273117155,1.2564672688284517,284415.0,656205.0,Talipao
33.327583,32.70951229817136,0.6180707018286355,284715.0,656205.0,Talipao
33.450455,32.562882799505026,0.8875722004949722,285015.0,656205.0,Talipao
32.388973,32.6073190176981,-0.2183460176981029,285315.0,656205.0,Talipao
32.326855,32.31668503780948,0.010169962190524018,285615.0,656205.0,Talipao
31.86044,30.913543885095287,0.9468961149047139,285915.0,656205.0,Talipao
30.98207,31.215493546169263,-0.23342354616926286,286215.0,656205.0,Talipao
31.676765,31.68132314745521,-0.004558147455210104,286515.0,656205.0,Talipao
32.815674,31.07301832352761,1.742655676472392,286815.0,656205.0,Talipao
33.15172,31.82400882053968,1.3277111794603158,287115.0,656205.0,Talipao
33.298866,32.087654809747114,1.2112111902528824,287415.0,656205.0,Talipao
31.169693,31.5367024069658,-0.36700940696580275,287715.0,656205.0,Talipao
30.776571,31.52972184433585,-0.753150844335849,288015.0,656205.0,Talipao
31.144932,31.603461364775136,-0.45852936477513495,288315.0,656205.0,Talipao
31.688822,31.772813806969403,-0.08399180696940434,288615.0,656205.0,Talipao
32.11832,32.7637475638388,-0.6454275638388012,288915.0,656205.0,Talipao
32.537777,31.76109016517237,0.776686834827629,289215.0,656205.0,Talipao
34.38602,34.0287164778441,0.35730352215590244,289515.0,656205.0,Talipao
35.13727,33.16213490598579,1.9751350940142132,289815.0,656205.0,Talipao
33.258842,31.73558371794879,1.5232582820512128,290115.0,656205.0,Talipao
31.010607,30.36766466589821,0.6429423341017895,290415.0,656205.0,Talipao
31.514675,30.585421256356152,0.9292537436438479,290715.0,656205.0,Talipao
31.69939,31.020241167353085,0.6791488326469164,291015.0,656205.0,Talipao
30.610641,30.01199213186399,0.59864886813601,291315.0,656205.0,Talipao
30.597383,29.80201519130213,0.7953678086978719,291615.0,656205.0,Talipao
32.925648,30.839666995995103,2.0859810040049,291915.0,656205.0,Talipao
32.20959,31.201718234362417,1.0078717656375815,292215.0,656205.0,Talipao
32.964493,32.983891689378815,-0.019398689378817835,292515.0,656205.0,Talipao
31.82943,31.94117831046617,-0.11174831046617228,292815.0,656205.0,Talipao
32.270653,32.3465729093049,-0.07591990930490056,293115.0,656205.0,Talipao
32.80848,32.578233044546856,0.230246955453147,293415.0,656205.0,Talipao
33.338207,32.30584964466114,1.0323573553388599,293715.0,656205.0,Talipao
33.92183,33.58032676464946,0.3415032353505367,294015.0,656205.0,Talipao
34.136375,33.80375139579374,0.3326236042062618,294315.0,656205.0,Talipao
34.996456,32.8565591894007,2.1398968105993035,294615.0,656205.0,Talipao
33.768303,32.66136183860131,1.1069411613986944,294915.0,656205.0,Talipao
32.846912,33.54739954434657,-0.700487544346565,295215.0,656205.0,Talipao
33.0541,31.87428556523797,1.1798144347620294,295515.0,656205.0,Panglima Estino
33.354073,34.829163223691566,-1.4750902236915664,295815.0,656205.0,Panglima Estino
34.251595,33.54219262569326,0.709402374306741,296115.0,656205.0,Panglima Estino
31.151255,31.283824356611436,-0.13256935661143743,296415.0,656205.0,Panglima Estino
33.3977,34.031911018202,-0.6342110182020022,296715.0,656205.0,Panglima Estino
30.189234,30.95452124705694,-0.7652872470569427,297015.0,656205.0,Panglima Estino
33.423424,33.392088718396565,0.03133528160343246,305115.0,656205.0,Old Panamao
34.029457,34.34295674063697,-0.3134997406369706,305415.0,656205.0,Old Panamao
33.220764,32.50139777818158,0.7193662218184258,306315.0,656205.0,Old Panamao
33.781464,32.65144205584315,1.1300219441568515,306615.0,656205.0,Old Panamao
33.26993,33.20873938683419,0.06119061316581309,306915.0,656205.0,Old Panamao
33.57336,32.2159876769431,1.3573723230569001,307215.0,656205.0,Old Panamao
33.175903,32.46160501078561,0.714297989214387,307515.0,656205.0,Kalingalan Caluang
32.52655,31.543546629316427,0.9830033706835728,307815.0,656205.0,Kalingalan Caluang
32.857,30.908061543351934,1.9489384566480652,308115.0,656205.0,Kalingalan Caluang
32.380596,31.22557826874358,1.155017731256418,308415.0,656205.0,Kalingalan Caluang
32.52215,30.976828644929725,1.5453213550702785,308715.0,656205.0,Kalingalan Caluang
32.49909,31.673457357945857,0.8256326420541455,309015.0,656205.0,Kalingalan Caluang
31.711134,31.18997835736951,0.5211556426304895,309315.0,656205.0,Kalingalan Caluang
31.678335,30.53450664568891,1.1438283543110899,309615.0,656205.0,Kalingalan Caluang
33.358974,32.24144563446625,1.117528365533751,309915.0,656205.0,Kalingalan Caluang
32.028156,30.46798959756756,1.5601664024324435,310215.0,656205.0,Kalingalan Caluang
32.33455,30.570817283595336,1.7637327164046646,310515.0,656205.0,Kalingalan Caluang
31.797762,30.55279029825892,1.244971701741079,310815.0,656205.0,Kalingalan Caluang
31.792326,29.965116002572266,1.8272099974277332,311115.0,656205.0,Kalingalan Caluang
32.0928,31.90685847292852,0.1859415270714777,311415.0,656205.0,Kalingalan Caluang
31.750488,30.077893692483222,1.6725943075167784,311715.0,656205.0,Kalingalan Caluang
31.057604,30.34236910052644,0.7152348994735611,312015.0,656205.0,Kalingalan Caluang
31.337482,31.933471726386358,-0.5959897263863567,312315.0,656205.0,Kalingalan Caluang
31.7187,30.743066318150206,0.9756336818497928,312615.0,656205.0,Luuk
32.378246,32.18172064402122,0.1965253559787783,312915.0,656205.0,Luuk
31.744806,31.67639784038787,0.06840815961212954,313215.0,656205.0,Luuk
33.91563,31.710633674128264,2.204996325871736,313515.0,656205.0,Luuk
33.29779,31.274781539371215,2.023008460628784,313815.0,656205.0,Luuk
32.60415,31.607151720355414,0.9969982796445827,314115.0,656205.0,Luuk
32.647617,31.29598140571259,1.3516355942874085,314415.0,656205.0,Luuk
35.899323,34.3975252395473,1.5017977604527033,314715.0,656205.0,Luuk
34.092262,30.235001146880823,3.8572608531191754,315015.0,656205.0,Luuk
32.501823,30.989156183477615,1.5126668165223869,315315.0,656205.0,Luuk
33.986835,31.777485060594845,2.209349939405154,315615.0,656205.0,Luuk
32.844837,31.5881392419251,1.2566977580748997,315915.0,656205.0,Luuk
32.090622,33.79282018670632,-1.702198186706319,316215.0,656205.0,Luuk
32.26516,32.463763336068276,-0.19860333606827396,316515.0,656205.0,Luuk
30.54386,31.45737291875098,-0.9135129187509818,316815.0,656205.0,Luuk
31.444775,33.06251571035968,-1.6177407103596835,317115.0,656205.0,Luuk
32.219727,32.35832592862368,-0.13859892862367929,317715.0,656205.0,Luuk
33.094017,33.461664734572715,-0.3676477345727136,318015.0,656205.0,Luuk
32.01989,32.89616993664465,-0.8762799366446501,318315.0,656205.0,Luuk
31.527699,33.30582658958055,-1.7781275895805493,318615.0,656205.0,Luuk
32.242794,34.43460925423451,-2.1918152542345055,318915.0,656205.0,Luuk
33.348976,33.897368904802036,-0.5483929048020357,319215.0,656205.0,Luuk
34.769466,33.23713889134365,1.5323271086563537,319515.0,656205.0,Luuk
34.207054,33.10109418280718,1.1059598171928187,319815.0,656205.0,Omar
34.2022,33.24873912663618,0.9534608733638166,320115.0,656205.0,Omar
34.256058,34.396529613101926,-0.1404716131019228,320415.0,656205.0,Omar
35.512352,34.141808423823136,1.370543576176864,320715.0,656205.0,Omar
31.876688,33.73493412091424,-1.858246120914238,265215.0,655905.0,Parang
32.395294,35.44679589048107,-3.0515018904810702,265515.0,655905.0,Parang
32.811195,33.87794081748556,-1.066745817485561,265815.0,655905.0,Parang
32.494545,32.746766526597845,-0.25222152659784314,266115.0,655905.0,Parang
31.44995,32.00316367256489,-0.5532136725648868,266415.0,655905.0,Parang
32.21183,32.61212151843741,-0.4002915184374132,266715.0,655905.0,Parang
31.48418,33.967906129412064,-2.483726129412066,267015.0,655905.0,Parang
31.779705,33.52450151399018,-1.744796513990181,267315.0,655905.0,Parang
30.575613,33.26768621558352,-2.692073215583516,267615.0,655905.0,Parang
31.600092,34.03327130479975,-2.433179304799747,267915.0,655905.0,Parang
32.143047,33.267137478781585,-1.1240904787815822,268215.0,655905.0,Parang
32.55582,33.73081855420518,-1.1749985542051817,268515.0,655905.0,Parang
31.234972,32.21978029543003,-0.9848082954300281,268815.0,655905.0,Parang
30.944334,32.67579633533993,-1.7314623353399305,269115.0,655905.0,Parang
30.147171,31.675399170277217,-1.5282281702772167,269415.0,655905.0,Parang
30.279366,31.397899430007534,-1.1185334300075347,269715.0,655905.0,Parang
30.233276,32.221581356823734,-1.9883053568237337,270015.0,655905.0,Parang
28.735846,31.43798708562542,-2.7021410856254207,270315.0,655905.0,Parang
29.441116,31.805505258578286,-2.364389258578285,270615.0,655905.0,Parang
29.729366,31.250504399912362,-1.5211383999123633,270915.0,655905.0,Parang
29.800383,30.946010741775577,-1.1456277417755771,271215.0,655905.0,Parang
29.265713,31.149754555085423,-1.884041555085421,271515.0,655905.0,Parang
28.305946,29.9741187034006,-1.6681727034006002,271815.0,655905.0,Parang
29.785563,30.256490456115234,-0.4709274561152341,272115.0,655905.0,Parang
28.228792,29.508301376135975,-1.2795093761359766,272415.0,655905.0,Parang
29.469315,29.120656748246834,0.348658251753168,272715.0,655905.0,Parang
27.763393,28.28410567061599,-0.520712670615989,273015.0,655905.0,Parang
28.880247,27.920452341001525,0.9597946589984758,273315.0,655905.0,Parang
29.184553,28.64563026506237,0.538922734937632,273615.0,655905.0,Parang
28.252703,29.074617466974626,-0.8219144669746257,273915.0,655905.0,Parang
29.29488,29.459416714586805,-0.16453671458680574,274215.0,655905.0,Parang
31.421873,30.055243073630034,1.366629926369967,274515.0,655905.0,Parang
32.664978,31.769432439430748,0.8955455605692499,274815.0,655905.0,Parang
30.763569,30.041406499858798,0.7221625001412022,275115.0,655905.0,Parang
30.215166,31.489106624340682,-1.273940624340682,275415.0,655905.0,Parang
30.295065,31.983612869934653,-1.6885478699346521,275715.0,655905.0,Parang
30.450342,31.343086592892117,-0.892744592892118,276015.0,655905.0,Parang
30.167294,31.26136727667674,-1.0940732766767418,276315.0,655905.0,Parang
29.798464,31.746274848537936,-1.9478108485379373,276615.0,655905.0,Maimbung
30.51945,32.37333929505147,-1.8538892950514736,276915.0,655905.0,Maimbung
31.459055,31.742163527057684,-0.28310852705768497,277215.0,655905.0,Maimbung
31.771755,32.73529869282324,-0.9635436928232437,277515.0,655905.0,Maimbung
33.04136,34.4855919178482,-1.4442319178481995,277815.0,655905.0,Maimbung
33.685764,34.34910282737055,-0.663338827370552,278115.0,655905.0,Maimbung
34.47879,34.54012061534953,-0.06133061534953299,278415.0,655905.0,Maimbung
33.96052,34.850595846895885,-0.8900758468958827,278715.0,655905.0,Maimbung
34.645233,34.50157523872217,0.14365776127782937,279015.0,655905.0,Maimbung
35.114613,34.80480702367148,0.30980597632851925,279315.0,655905.0,Maimbung
34.69076,34.233268443395836,0.4574915566041611,279615.0,655905.0,Maimbung
33.778584,35.69390388630954,-1.9153198863095398,279915.0,655905.0,Maimbung
33.01731,33.94040797418289,-0.9230979741828875,280215.0,655905.0,Maimbung
32.900642,34.78996151024236,-1.889319510242359,280515.0,655905.0,Maimbung
32.765785,33.78609862402936,-1.020313624029356,280815.0,655905.0,Maimbung
32.06242,32.778307864423084,-0.715887864423081,281115.0,655905.0,Maimbung
35.797874,37.24914382741279,-1.451269827412787,281415.0,655905.0,Maimbung
32.69167,32.834946574669516,-0.14327657466951393,281715.0,655905.0,Maimbung
32.784374,32.32908862333071,0.4552853766692877,282015.0,655905.0,Maimbung
33.56332,35.07641840838606,-1.513098408386064,282315.0,655905.0,Maimbung
34.87734,35.55873357971094,-0.6813935797109423,282615.0,655905.0,Maimbung
32.819866,32.922205753479126,-0.1023397534791286,282915.0,655905.0,Maimbung
34.447033,35.0668937472751,-0.619860747275105,283215.0,655905.0,Maimbung
33.133316,33.21561104052909,-0.08229504052908965,283515.0,655905.0,Maimbung
34.502586,32.83328939575393,1.669296604246071,283815.0,655905.0,Talipao
35.675606,33.82254354309252,1.8530624569074803,284115.0,655905.0,Talipao
33.989494,33.36513147612215,0.6243625238778492,284415.0,655905.0,Talipao
33.796833,33.26919228629636,0.5276407137036401,284715.0,655905.0,Talipao
34.3922,32.86833453660878,1.5238654633912248,285015.0,655905.0,Talipao
33.381294,32.465529444595255,0.915764555404742,285315.0,655905.0,Talipao
32.47396,31.80381930067284,0.6701406993271597,285615.0,655905.0,Talipao
32.547726,32.19216983962907,0.35555616037093074,285915.0,655905.0,Talipao
31.977903,31.250320473060814,0.7275825269391873,286215.0,655905.0,Talipao
32.27836,31.31406205971995,0.9642979402800478,286515.0,655905.0,Talipao
31.679075,31.480801252603673,0.1982737473963283,286815.0,655905.0,Talipao
31.547918,31.880862477919834,-0.3329444779198347,287115.0,655905.0,Talipao
32.074802,31.079395068787388,0.9954069312126101,287415.0,655905.0,Talipao
31.754246,31.621704721146582,0.1325412788534166,287715.0,655905.0,Talipao
31.932558,31.522933079738852,0.40962492026114816,288015.0,655905.0,Talipao
30.474705,31.79600290399215,-1.32129790399215,288315.0,655905.0,Talipao
31.517208,32.39372066703737,-0.8765126670373711,288615.0,655905.0,Talipao
31.259182,33.01366852023432,-1.7544865202343196,288915.0,655905.0,Talipao
33.165344,32.40550117990199,0.7598428200980081,289215.0,655905.0,Talipao
33.338657,32.29955531774292,1.0391016822570762,289515.0,655905.0,Talipao
34.251736,33.088624360451234,1.1631116395487666,289815.0,655905.0,Talipao
32.00996,31.76378145000023,0.24617854999976885,290115.0,655905.0,Talipao
31.242546,31.72202880467151,-0.47948280467150894,290415.0,655905.0,Talipao
31.486217,31.455221759910376,0.03099524008962362,290715.0,655905.0,Talipao
31.350124,30.378715833949688,0.9714081660503133,291015.0,655905.0,Talipao
31.494411,30.408959259894335,1.0854517401056647,291315.0,655905.0,Talipao
33.008858,32.86779693720588,0.14106106279411534,291615.0,655905.0,Talipao
33.290806,30.711896838675663,2.57890916132434,291915.0,655905.0,Talipao
31.352648,31.190607953468778,0.16204004653122084,292215.0,655905.0,Talipao
32.050957,31.964127166133107,0.08682983386689003,292515.0,655905.0,Talipao
33.344826,33.533803034629514,-0.18897703462951654,292815.0,655905.0,Talipao
33.885223,32.485336666970525,1.3998863330294782,293115.0,655905.0,Talipao
34.32929,34.295239000572025,0.034050999427975626,293415.0,655905.0,Talipao
34.879578,34.13965862577753,0.7399193742224739,293715.0,655905.0,Talipao
34.590603,34.86332536080518,-0.27272236080517587,294015.0,655905.0,Talipao
33.92845,33.75131317522244,0.17713682477755555,294315.0,655905.0,Talipao
34.64448,34.430654834081714,0.21382516591828704,294615.0,655905.0,Talipao
34.305862,34.56263001304152,-0.25676801304152264,294915.0,655905.0,Talipao
32.64543,32.10086346291684,0.5445665370831563,295215.0,655905.0,Talipao
30.28234,30.90259175301799,-0.620251753017989,295515.0,655905.0,Talipao
32.48976,31.311950805395703,1.1778091946042935,295815.0,655905.0,Panglima Estino
31.259161,31.167780474691682,0.09138052530831686,296115.0,655905.0,Panglima Estino
30.90479,31.419970446017434,-0.5151804460174354,296415.0,655905.0,Panglima Estino
31.178488,31.846818898502928,-0.6683308985029264,296715.0,655905.0,Panglima Estino
33.26597,31.869321010982624,1.396648989017379,305415.0,655905.0,Old Panamao
34.183422,32.46735122679173,1.7160707732082727,305715.0,655905.0,Old Panamao
33.87108,32.381912112227226,1.4891678877727728,306315.0,655905.0,Old Panamao
34.134224,31.98761920468206,2.146604795317945,306615.0,655905.0,Old Panamao
33.301243,32.26673886076835,1.0345041392316503,306915.0,655905.0,Kalingalan Caluang
33.25899,32.09006363114301,1.1689263688569866,307215.0,655905.0,Kalingalan Caluang
33.271164,32.48631731819176,0.78484668180824,307515.0,655905.0,Kalingalan Caluang
32.599724,31.511890375024755,1.0878336249752465,307815.0,655905.0,Kalingalan Caluang
33.4465,32.17722274697732,1.269277253022679,308115.0,655905.0,Kalingalan Caluang
32.883656,31.748967503608878,1.1346884963911243,308415.0,655905.0,Kalingalan Caluang
32.466896,30.969516476124472,1.4973795238755265,308715.0,655905.0,Kalingalan Caluang
32.238514,30.52383513303101,1.7146788669689919,309015.0,655905.0,Kalingalan Caluang
31.88721,31.731201021430135,0.15600897856986506,309315.0,655905.0,Kalingalan Caluang
31.86683,31.48806231919114,0.3787676808088598,309615.0,655905.0,Kalingalan Caluang
33.10913,31.242854098763043,1.866275901236957,309915.0,655905.0,Kalingalan Caluang
31.566021,30.961326824725187,0.6046941752748118,310215.0,655905.0,Kalingalan Caluang
31.691235,30.110702939200802,1.5805320607991966,310515.0,655905.0,Kalingalan Caluang
31.432432,30.6883856539258,0.7440463460741995,310815.0,655905.0,Kalingalan Caluang
31.902798,30.999595051682835,0.9032029483171655,311115.0,655905.0,Kalingalan Caluang
32.511063,31.5868295771694,0.9242334228306,311415.0,655905.0,Kalingalan Caluang
31.332174,29.64004983951733,1.692124160482667,311715.0,655905.0,Kalingalan Caluang
31.306654,30.092517424056574,1.214136575943428,312015.0,655905.0,Kalingalan Caluang
32.60467,30.838695426903715,1.7659745730962833,312315.0,655905.0,Kalingalan Caluang
31.7274,30.24223140055761,1.4851685994423889,312615.0,655905.0,Luuk
31.853073,30.67969929944826,1.173373700551739,312915.0,655905.0,Luuk
32.891617,32.71522337040471,0.17639362959528881,313215.0,655905.0,Luuk
32.9664,31.24145907923664,1.724940920763359,313515.0,655905.0,Luuk
32.541107,31.415343015543208,1.125763984456789,313815.0,655905.0,Luuk
32.628864,31.38129088829367,1.2475731117063305,314115.0,655905.0,Luuk
32.971558,31.398270259867925,1.573287740132077,314415.0,655905.0,Luuk
32.889145,31.251341449178717,1.6378035508212818,314715.0,655905.0,Luuk
31.895224,31.639132266278637,0.2560917337213624,315015.0,655905.0,Luuk
31.766197,31.451451516743237,0.3147454832567611,315315.0,655905.0,Luuk
32.791897,31.79670478679871,0.9951922132012889,315615.0,655905.0,Luuk
33.223522,32.098284424800944,1.1252375751990584,315915.0,655905.0,Luuk
34.00705,33.070758807441486,0.9362911925585138,316215.0,655905.0,Luuk
33.04894,33.02870407064504,0.020235929354960547,316515.0,655905.0,Luuk
32.909695,33.70915904014295,-0.7994640401429507,316815.0,655905.0,Luuk
32.217754,31.382675189193623,0.835078810806376,317115.0,655905.0,Luuk
32.290565,31.393704867733483,0.896860132266518,317415.0,655905.0,Luuk
32.378437,32.23695178712734,0.14148521287265936,317715.0,655905.0,Luuk
32.708427,34.23143845081303,-1.52301145081303,318015.0,655905.0,Luuk
31.657312,32.850732077376776,-1.193420077376775,318315.0,655905.0,Luuk
30.839481,32.569648791738786,-1.7301677917387863,318615.0,655905.0,Luuk
31.486301,31.030213592068193,0.4560874079318076,318915.0,655905.0,Luuk
31.64994,31.228123032657813,0.4218169673421883,319215.0,655905.0,Luuk
32.950573,33.11883557965744,-0.16826257965744418,319515.0,655905.0,Luuk
33.989643,34.29829757069613,-0.30865457069612745,319815.0,655905.0,Luuk
33.6946,35.14157383445437,-1.4469738344543686,320115.0,655905.0,Luuk
32.691986,32.01268320271906,0.6793027972809398,320415.0,655905.0,Omar
31.093502,33.47150911552994,-2.3780071155299396,265515.0,655605.0,Parang
32.286095,34.88346363452101,-2.597368634521004,265815.0,655605.0,Parang
32.58139,34.56996016816502,-1.988570168165019,266115.0,655605.0,Parang
31.525635,33.59380517379681,-2.0681701737968083,266415.0,655605.0,Parang
32.384018,34.50728428218752,-2.1232662821875223,266715.0,655605.0,Parang
30.874023,34.52541746487506,-3.651394464875061,267015.0,655605.0,Parang
32.721752,33.63239353835231,-0.9106415383523085,267315.0,655605.0,Parang
32.443108,33.705001725136626,-1.2618937251366233,267615.0,655605.0,Parang
31.865532,32.50959513457826,-0.6440631345782606,267915.0,655605.0,Parang
32.065426,32.644567806875166,-0.5791418068751639,268215.0,655605.0,Parang
33.095753,33.82215666761117,-0.7264036676111658,268515.0,655605.0,Parang
30.840387,32.82960834814222,-1.9892213481422232,268815.0,655605.0,Parang
30.875265,32.480585646063865,-1.6053206460638663,269115.0,655605.0,Parang
31.072474,33.38142919893542,-2.308955198935422,269415.0,655605.0,Parang
30.48171,31.84365559989761,-1.3619455998976093,269715.0,655605.0,Parang
30.179077,31.889919225618975,-1.7108422256189755,270015.0,655605.0,Parang
29.039377,30.935378917956317,-1.8960019179563155,270315.0,655605.0,Parang
30.386187,31.06002628758588,-0.6738392875858814,270615.0,655605.0,Parang
29.101896,30.59653014008418,-1.4946341400841803,270915.0,655605.0,Parang
29.356037,31.740448695860405,-2.384411695860404,271215.0,655605.0,Parang
28.527115,30.480410934854746,-1.9532959348547472,271515.0,655605.0,Parang
27.471624,29.952280597109496,-2.4806565971094976,271815.0,655605.0,Parang
28.715544,29.335933945862855,-0.6203899458628541,272115.0,655605.0,Parang
29.449156,29.930647246169617,-0.48149124616961814,272415.0,655605.0,Parang
29.695099,29.11356377558956,0.5815352244104375,272715.0,655605.0,Parang
29.651741,28.831141913432308,0.8205990865676931,273015.0,655605.0,Parang
30.438076,29.766892125490763,0.6711838745092358,273315.0,655605.0,Parang
30.964746,29.180420719034316,1.7843252809656853,273615.0,655605.0,Parang
31.035994,29.4496270081288,1.5863669918711985,273915.0,655605.0,Parang
29.755836,29.43934121476086,0.31649478523914,274215.0,655605.0,Parang
32.19351,31.706172738070148,0.4873372619298557,274515.0,655605.0,Parang
30.386724,30.804573858430757,-0.41784985843075617,274815.0,655605.0,Parang
31.610615,32.66814133619813,-1.0575263361981335,275115.0,655605.0,Parang
32.13291,32.259398361157864,-0.1264883611578611,275415.0,655605.0,Parang
31.850824,32.568040696614645,-0.7172166966146456,275715.0,655605.0,Parang
31.425398,32.32055369002807,-0.8951556900280693,276015.0,655605.0,Parang
32.596245,34.274632261203244,-1.678387261203241,276315.0,655605.0,Parang
31.25376,33.018154779685744,-1.7643947796857447,276615.0,655605.0,Maimbung
32.140915,33.17775441007301,-1.0368394100730072,276915.0,655605.0,Maimbung
32.251694,32.28214885093675,-0.030454850936749267,277215.0,655605.0,Maimbung
33.09903,31.92912270098934,1.16990729901066,277515.0,655605.0,Maimbung
34.146507,34.27417912867856,-0.1276721286785616,277815.0,655605.0,Maimbung
34.88144,35.27817605578655,-0.3967360557865547,278115.0,655605.0,Maimbung
33.292435,33.688294250594915,-0.395859250594917,278415.0,655605.0,Maimbung
33.513878,33.315890697891724,0.19798730210827387,278715.0,655605.0,Maimbung
34.061012,35.55061628653916,-1.489604286539162,279015.0,655605.0,Maimbung
33.80514,34.388157719269756,-0.5830177192697548,279315.0,655605.0,Maimbung
32.649063,33.017564458683886,-0.3685014586838875,279615.0,655605.0,Maimbung
35.05997,33.71241945250314,1.3475505474968585,279915.0,655605.0,Maimbung
36.516018,35.44005449883614,1.0759635011638622,280215.0,655605.0,Maimbung
34.641384,35.09020556874297,-0.4488215687429644,280515.0,655605.0,Maimbung
34.236675,34.7400292586307,-0.5033542586307007,280815.0,655605.0,Maimbung
31.04881,32.100029908976076,-1.0512199089760763,281115.0,655605.0,
32.7694,36.01951199922672,-3.250111999226725,281415.0,655605.0,Maimbung
38.169144,40.867851576617355,-2.698707576617352,281715.0,655605.0,Maimbung
30.651485,31.451116253512968,-0.7996312535129668,282015.0,655605.0,Maimbung
33.413803,33.904149833699435,-0.49034683369943366,282615.0,655605.0,Maimbung
33.37763,33.94416937114222,-0.5665393711422197,282915.0,655605.0,Maimbung
33.870323,33.98317667529561,-0.11285367529561086,283215.0,655605.0,Maimbung
34.95262,32.60259461404369,2.3500253859563145,283515.0,655605.0,Maimbung
35.62367,33.597887102584544,2.0257828974154535,283815.0,655605.0,Maimbung
32.74965,31.862655449303038,0.886994550696965,284115.0,655605.0,Talipao
33.683784,32.91611741552701,0.7676665844729911,284415.0,655605.0,Talipao
33.611298,32.77984781296311,0.8314501870368858,284715.0,655605.0,Talipao
34.14247,32.564036347390996,1.5784336526090073,285015.0,655605.0,Talipao
34.191105,33.8422630879106,0.34884191208939797,285315.0,655605.0,Talipao
33.54597,32.32418944285762,1.2217805571423739,285615.0,655605.0,Talipao
34.941257,33.98368372190814,0.9575732780918571,285915.0,655605.0,Talipao
33.38612,32.16054878176234,1.2255712182376612,286215.0,655605.0,Talipao
34.23229,32.41786974129697,1.8144202587030307,286515.0,655605.0,Talipao
31.37776,31.57045144294401,-0.1926914429440103,286815.0,655605.0,Talipao
33.10595,32.14024802001553,0.9657019799844733,287115.0,655605.0,Talipao
31.996992,31.951050763784227,0.0459412362157714,287415.0,655605.0,Talipao
32.86614,31.615766862629798,1.2503731373702038,287715.0,655605.0,Talipao
31.35275,32.47985824163994,-1.127108241639938,288015.0,655605.0,Talipao
31.749815,32.04437978771564,-0.29456478771563965,288315.0,655605.0,Talipao
32.418182,32.62228792127787,-0.20410592127786487,288615.0,655605.0,Talipao
30.7526,32.932018246472026,-2.179418246472025,288915.0,655605.0,Talipao
34.2449,34.202158321978494,0.04274167802150686,289215.0,655605.0,Talipao
33.301453,31.85581536737882,1.4456376326211817,289515.0,655605.0,Talipao
34.145676,33.59255895847427,0.5531170415257307,289815.0,655605.0,Talipao
31.081015,31.51062993323067,-0.42961493323067046,290115.0,655605.0,Talipao
30.864563,31.140197918575087,-0.2756349185750864,290415.0,655605.0,Talipao
32.15874,31.221514996880916,0.9372250031190852,290715.0,655605.0,Talipao
31.191908,30.79354886720581,0.3983591327941909,291015.0,655605.0,Talipao
31.880558,31.513483992421367,0.3670740075786334,291315.0,655605.0,Talipao
32.460705,30.780838225741906,1.679866774258091,291615.0,655605.0,Talipao
34.155243,33.475915633060374,0.6793273669396243,291915.0,655605.0,Talipao
34.788574,34.75172252423464,0.036851475765359964,292215.0,655605.0,Talipao
33.470287,32.99593806993518,0.4743489300648207,292515.0,655605.0,Talipao
33.51316,33.53878479774842,-0.025624797748420747,292815.0,655605.0,Talipao
35.739506,34.816655797044234,0.9228502029557646,293115.0,655605.0,Talipao
35.935665,33.87625599499361,2.059409005006387,293415.0,655605.0,Talipao
35.10964,34.88390181770052,0.22573818229948017,293715.0,655605.0,Talipao
36.673943,34.88237250517702,1.7915704948229845,294015.0,655605.0,Talipao
35.007935,35.558278428213484,-0.5503434282134805,294315.0,655605.0,Talipao
35.17326,34.75508810980873,0.41817189019126744,294615.0,655605.0,Talipao
31.879118,31.952826257405267,-0.07370825740526854,294915.0,655605.0,Talipao
30.930395,32.31599801103767,-1.38560301103767,295215.0,655605.0,Talipao
34.37404,31.628678322109163,2.7453616778908376,295815.0,655605.0,Panglima Estino
31.183157,30.816366600761956,0.36679039923804524,296415.0,655605.0,Panglima Estino
30.765017,31.21081890907721,-0.4458019090772112,296715.0,655605.0,Panglima Estino
33.247623,33.370623412112224,-0.12300041211222634,305715.0,655605.0,Old Panamao
34.20485,33.553739544792656,0.6511104552073448,306015.0,655605.0,Old Panamao
34.175438,32.91959493338843,1.2558430666115683,306315.0,655605.0,Old Panamao
33.661766,31.870505445656434,1.791260554343566,306615.0,655605.0,Kalingalan Caluang
32.754436,31.73313471238277,1.0213012876172272,306915.0,655605.0,Kalingalan Caluang
33.29051,32.03136556020929,1.2591444397907097,307215.0,655605.0,Kalingalan Caluang
33.139538,32.28247485233775,0.8570631476622523,307515.0,655605.0,Kalingalan Caluang
33.397186,33.28949187854619,0.10769412145381096,307815.0,655605.0,Kalingalan Caluang
32.632042,31.408187137157874,1.2238548628421242,308115.0,655605.0,Kalingalan Caluang
32.169315,31.3467093564907,0.8226056435092985,308415.0,655605.0,Kalingalan Caluang
32.256153,30.703897754345263,1.5522552456547345,308715.0,655605.0,Kalingalan Caluang
32.436977,32.25381822890846,0.18315877109154144,309015.0,655605.0,Kalingalan Caluang
32.65487,31.270765094064654,1.3841049059353487,309315.0,655605.0,Kalingalan Caluang
31.79425,30.43610056979053,1.3581494302094725,309615.0,655605.0,Kalingalan Caluang
32.301285,31.26364775410432,1.0376372458956808,309915.0,655605.0,Kalingalan Caluang
31.091162,30.024348673682383,1.066813326317618,310215.0,655605.0,Kalingalan Caluang
31.251936,30.236700371602453,1.0152356283975479,310515.0,655605.0,Kalingalan Caluang
31.038994,29.768832419211403,1.2701615807885958,310815.0,655605.0,Kalingalan Caluang
31.365938,30.04015366628751,1.325784333712491,311115.0,655605.0,Kalingalan Caluang
31.655396,30.188484917736083,1.4669110822639162,311415.0,655605.0,Kalingalan Caluang
31.624607,30.401425240671553,1.2231817593284475,311715.0,655605.0,Kalingalan Caluang
31.28465,30.356151081514305,0.928498918485694,312015.0,655605.0,Kalingalan Caluang
31.527887,30.47138359269123,1.056503407308771,312315.0,655605.0,Kalingalan Caluang
31.708902,31.232656262772377,0.47624573722762165,312615.0,655605.0,Kalingalan Caluang
30.283773,31.14369979907824,-0.8599267990782415,312915.0,655605.0,Luuk
32.642094,31.353485276280914,1.2886087237190864,313215.0,655605.0,Luuk
33.19678,31.988552106145413,1.208227893854584,313515.0,655605.0,Luuk
33.195683,32.132602214616334,1.0630807853836686,313815.0,655605.0,Luuk
31.341095,30.167664833206885,1.1734301667931142,314115.0,655605.0,Luuk
32.440662,32.42612442515945,0.014537574840552736,314415.0,655605.0,Luuk
32.309834,31.831281048086296,0.4785529519137057,314715.0,655605.0,Luuk
32.374096,31.767112400166127,0.6069835998338746,315015.0,655605.0,Luuk
33.232983,31.499584380031248,1.7333986199687494,315315.0,655605.0,Luuk
32.505844,32.183528721864874,0.32231527813512884,315615.0,655605.0,Luuk
32.885452,33.382440506880435,-0.4969885068804345,315915.0,655605.0,Luuk
33.472656,32.86411056356354,0.608545436436458,316215.0,655605.0,Luuk
34.139297,33.29165440550635,0.8476425944936494,316515.0,655605.0,Luuk
34.153717,32.88887146935222,1.2648455306477828,316815.0,655605.0,Luuk
33.564945,33.120667976649045,0.4442770233509563,317115.0,655605.0,Luuk
32.497,32.17200681892365,0.32499318107635133,317415.0,655605.0,Luuk
32.41046,32.84635647619569,-0.43589647619568694,317715.0,655605.0,Luuk
32.67778,35.208331318215144,-2.530551318215146,318015.0,655605.0,Luuk
31.2598,32.77104224594165,-1.5112422459416521,318315.0,655605.0,Luuk
30.315804,29.75044180925996,0.5653621907400392,318615.0,655605.0,Luuk
29.861835,30.21820090785453,-0.35636590785453137,318915.0,655605.0,Luuk
30.666805,31.339169897657435,-0.6723648976574346,319215.0,655605.0,Luuk
31.753992,32.30419941008954,-0.5502074100895378,319515.0,655605.0,Luuk
32.9804,34.78876478655011,-1.8083647865501078,319815.0,655605.0,Luuk
33.912033,34.42557251791967,-0.5135395179196678,320115.0,655605.0,Luuk
33.82434,35.35189767503331,-1.5275576750333073,320415.0,655605.0,Luuk
32.2721,31.13136922455952,1.1407307754404812,320715.0,655605.0,Luuk
30.85686,33.57739731870818,-2.7205373187081783,265515.0,655305.0,Parang
30.793184,33.32531779730228,-2.532133797302283,265815.0,655305.0,Parang
31.60059,34.697403965863614,-3.096813965863614,266115.0,655305.0,Parang
31.287743,33.203141052611635,-1.9153980526116356,266415.0,655305.0,Parang
31.612057,33.59449061323847,-1.9824336132384701,266715.0,655305.0,Parang
32.043198,33.6327838293216,-1.5895858293216065,267015.0,655305.0,Parang
31.735224,33.99549645509247,-2.2602724550924727,267315.0,655305.0,Parang
32.399788,34.651632069314346,-2.2518440693143447,267615.0,655305.0,Parang
32.372215,33.41521940857467,-1.0430044085746744,267915.0,655305.0,Parang
32.269714,33.806663775258286,-1.536949775258286,268215.0,655305.0,Parang
32.245636,32.59241889438326,-0.34678289438326004,268515.0,655305.0,Parang
30.952,33.085845741722515,-2.1338457417225136,268815.0,655305.0,Parang
32.137516,34.36167885898586,-2.2241628589858635,269115.0,655305.0,Parang
31.61116,33.82219217892888,-2.2110321789288783,269415.0,655305.0,Parang
30.53208,32.23226279510589,-1.7001827951058885,269715.0,655305.0,Parang
30.561325,32.49494188946583,-1.9336168894658279,270015.0,655305.0,Parang
29.977507,31.7426071840857,-1.7651001840857,270315.0,655305.0,Parang
29.982788,31.06158416392831,-1.0787961639283097,270615.0,655305.0,Parang
28.961176,31.654815282200058,-2.69363928220006,270915.0,655305.0,Parang
29.429363,30.351662374896947,-0.9222993748969479,271215.0,655305.0,Parang
28.18536,30.730854090634477,-2.5454940906344774,271515.0,655305.0,Parang
28.222736,30.600866796958677,-2.3781307969586756,271815.0,655305.0,Parang
29.76467,30.03907290548473,-0.274402905484731,272115.0,655305.0,Parang
29.746725,29.732420333934968,0.014304666065033445,272415.0,655305.0,Parang
30.899155,30.54596021686446,0.35319478313553887,272715.0,655305.0,Parang
31.674494,30.004651783671875,1.6698422163281244,273015.0,655305.0,Parang
31.446733,29.26184673246936,2.18488626753064,273315.0,655305.0,Parang
33.490894,33.05707570522644,0.43381829477355893,273615.0,655305.0,Parang
33.157963,32.079919675131535,1.0780433248684673,273915.0,655305.0,Parang
32.533695,31.231096242145593,1.3025987578544083,274215.0,655305.0,Parang
33.74298,33.59369825654946,0.149281743450544,274515.0,655305.0,Parang
32.477684,31.659405238488983,0.8182787615110207,274815.0,655305.0,Parang
32.489426,32.02572857053396,0.46369742946604475,275115.0,655305.0,Parang
32.99027,32.138406781387005,0.8518632186129977,275415.0,655305.0,Parang
32.479122,33.213975739775854,-0.7348537397758577,275715.0,655305.0,Parang
32.316364,33.49454029580302,-1.17817629580302,276015.0,655305.0,Parang
32.940372,33.90814858801179,-0.9677765880117875,276315.0,655305.0,Parang
32.742157,34.1227969485422,-1.3806399485422034,276615.0,655305.0,Maimbung
32.851364,33.117445616731295,-0.2660816167312987,276915.0,655305.0,Maimbung
33.75518,34.19899537638926,-0.44381537638926005,277215.0,655305.0,Maimbung
33.254265,33.22704655891984,0.027218441080158584,277515.0,655305.0,Maimbung
33.534,34.44549842998588,-0.9114984299858833,277815.0,655305.0,Maimbung
35.98861,34.49995208170091,1.48865791829909,278115.0,655305.0,Maimbung
35.527225,36.506902999922445,-0.9796779999224441,278415.0,655305.0,Maimbung
34.72877,33.814293586387855,0.9144764136121424,278715.0,655305.0,Maimbung
34.08448,32.59754481461843,1.4869351853815687,279015.0,655305.0,Maimbung
33.262157,32.90567709794625,0.35647990205374924,279315.0,655305.0,Maimbung
33.108906,34.278350596458246,-1.1694445964582485,279615.0,655305.0,Maimbung
33.033775,30.705232683307788,2.328542316692211,279915.0,655305.0,Maimbung
29.810156,32.10912608485527,-2.29897008485527,280215.0,655305.0,
30.208826,31.11891907288338,-0.9100930728833809,280815.0,655305.0,Maimbung
30.712908,33.10318385640743,-2.3902758564074347,281715.0,655305.0,Maimbung
30.762466,31.61354435554748,-0.8510783555474788,282015.0,655305.0,Maimbung
31.717314,36.31917445960136,-4.601860459601365,282315.0,655305.0,Maimbung
32.636486,33.344696770057574,-0.7082107700575762,282615.0,655305.0,Maimbung
33.367058,33.989150139586805,-0.6220921395868046,282915.0,655305.0,Maimbung
33.95701,34.10387783378369,-0.14686783378369483,283215.0,655305.0,Maimbung
34.847244,34.054319211657706,0.7929247883422974,283515.0,655305.0,Maimbung
34.44254,34.36810591405302,0.07443408594698298,283815.0,655305.0,Maimbung
33.975285,35.41125717986962,-1.4359721798696228,284115.0,655305.0,Maimbung
33.75314,33.28585636974353,0.4672836302564747,284415.0,655305.0,Maimbung
34.181576,33.046331144146215,1.1352448558537844,284715.0,655305.0,Talipao
34.662483,33.03439827602548,1.6280847239745242,285015.0,655305.0,Talipao
34.578747,33.319736542124325,1.2590104578756751,285315.0,655305.0,Talipao
33.302803,32.5070449555842,0.7957580444157983,285615.0,655305.0,Talipao
34.039215,33.003120479013944,1.0360945209860546,285915.0,655305.0,Talipao
32.434177,31.94096977483668,0.4932072251633173,286215.0,655305.0,Talipao
32.532574,32.70166666365819,-0.16909266365819065,286515.0,655305.0,Talipao
32.19487,32.29235176788365,-0.09748176788365015,286815.0,655305.0,Talipao
32.615887,31.983069879631746,0.6328171203682551,287115.0,655305.0,Talipao
32.586163,33.0283194287098,-0.44215642870980076,287415.0,655305.0,Talipao
30.856863,32.600106800548694,-1.7432438005486937,287715.0,655305.0,Talipao
30.877327,32.5278034048602,-1.6504764048601999,288015.0,655305.0,Talipao
32.252777,32.335686962499146,-0.08290996249914429,288315.0,655305.0,Talipao
32.22565,32.38632323651387,-0.16067323651386545,288615.0,655305.0,Talipao
32.100163,34.94756274753427,-2.8473997475342685,288915.0,655305.0,Talipao
34.15388,36.067554851574606,-1.913674851574605,289215.0,655305.0,Talipao
34.154137,34.9639291616132,-0.8097921616132027,289515.0,655305.0,Talipao
34.80415,36.039489294506936,-1.235339294506936,289815.0,655305.0,Talipao
30.779896,31.91253789363555,-1.132641893635551,290115.0,655305.0,Talipao
31.30307,30.76007113644971,0.5429988635502916,290415.0,655305.0,Talipao
30.562536,31.114191909085164,-0.5516559090851629,290715.0,655305.0,Talipao
31.344006,30.595404237799368,0.7486017622006322,291015.0,655305.0,Talipao
32.91702,31.76662989217028,1.1503901078297218,291315.0,655305.0,Talipao
33.048103,31.896264168092408,1.1518388319075896,291615.0,655305.0,Talipao
33.47332,33.1179973432766,0.355322656723402,291915.0,655305.0,Talipao
32.220974,33.115286414182926,-0.8943124141829273,292215.0,655305.0,Talipao
33.67223,33.52792260699873,0.14430739300127016,292515.0,655305.0,Talipao
33.92934,33.247125829573285,0.6822141704267182,292815.0,655305.0,Talipao
34.7028,33.49859660120118,1.2042033987988248,293115.0,655305.0,Talipao
35.2749,34.70913937133688,0.5657606286631207,293415.0,655305.0,Talipao
36.09337,35.37949256028224,0.7138774397177627,293715.0,655305.0,Talipao
37.66871,35.484635035440945,2.184074964559052,294015.0,655305.0,Talipao
35.431732,31.370739356047906,4.0609926439520905,294315.0,655305.0,
31.274324,31.876708443801157,-0.6023844438011565,294615.0,655305.0,Talipao
31.399323,32.013038043931466,-0.6137150439314674,294915.0,655305.0,Talipao
31.145155,31.60837558244238,-0.46322058244238207,296415.0,655305.0,Panglima Estino
33.525677,37.40174462532257,-3.8760676253225697,305415.0,655305.0,
33.658993,32.67740174407601,0.9815912559239948,305715.0,655305.0,Old Panamao
33.960712,32.922104478080364,1.0386075219196371,306015.0,655305.0,Old Panamao
33.244247,32.183456711635316,1.0607902883646858,306315.0,655305.0,Old Panamao
34.072495,32.71268321234137,1.3598117876586358,306615.0,655305.0,Kalingalan Caluang
33.48801,33.53454706870735,-0.04653706870734453,306915.0,655305.0,Kalingalan Caluang
33.303074,32.40549827091425,0.8975757290857516,307215.0,655305.0,Kalingalan Caluang
32.914845,31.792966322641533,1.1218786773584668,307515.0,655305.0,Kalingalan Caluang
33.166782,31.60208568954343,1.5646963104565685,307815.0,655305.0,Kalingalan Caluang
32.61111,30.921014603295113,1.6900953967048835,308115.0,655305.0,Kalingalan Caluang
32.03582,31.151028625456547,0.8847913745434539,308415.0,655305.0,Kalingalan Caluang
32.503654,31.11127183011962,1.3923821698803778,308715.0,655305.0,Kalingalan Caluang
32.818615,31.954268416366965,0.8643465836330364,309015.0,655305.0,Kalingalan Caluang
31.624037,30.677991861811563,0.9460451381884383,309315.0,655305.0,Kalingalan Caluang
31.91537,30.49266379992864,1.4227062000713602,309615.0,655305.0,Kalingalan Caluang
31.349138,30.123038354135822,1.2260996458641777,309915.0,655305.0,Kalingalan Caluang
31.013384,29.96405888011068,1.0493251198893176,310215.0,655305.0,Kalingalan Caluang
30.763231,30.03069426497588,0.7325367350241194,310515.0,655305.0,Kalingalan Caluang
31.284641,29.7551277015957,1.5295132984043,310815.0,655305.0,Kalingalan Caluang
31.971376,30.016830523070993,1.954545476929006,311115.0,655305.0,Kalingalan Caluang
31.070387,30.563726569546038,0.5066604304539624,311415.0,655305.0,Kalingalan Caluang
30.83337,30.096666082754172,0.7367039172458263,311715.0,655305.0,Kalingalan Caluang
31.465343,29.978185155687388,1.4871578443126126,312015.0,655305.0,Kalingalan Caluang
31.385374,30.696418898525618,0.6889551014743809,312315.0,655305.0,Kalingalan Caluang
31.30016,30.802527787294217,0.49763221270578484,312615.0,655305.0,Kalingalan Caluang
31.579819,29.953924388592892,1.6258946114071087,312915.0,655305.0,Kalingalan Caluang
32.34806,31.90217083430045,0.4458891656995476,313215.0,655305.0,Kalingalan Caluang
32.809326,31.721156791383564,1.088169208616435,313515.0,655305.0,Luuk
34.156204,32.98211989239002,1.1740841076099855,313815.0,655305.0,Luuk
31.469658,30.761233665421308,0.7084243345786909,314115.0,655305.0,Luuk
33.48541,31.685761838996196,1.7996481610038053,314415.0,655305.0,Luuk
31.311163,31.803599408774005,-0.4924364087740045,314715.0,655305.0,Luuk
30.790495,31.040915288212947,-0.25042028821294693,315015.0,655305.0,Luuk
31.27003,31.824565018032825,-0.5545350180328263,315315.0,655305.0,Luuk
31.945984,32.25935760316104,-0.31337360316104323,315615.0,655305.0,Luuk
33.612473,33.45498250800612,0.1574904919938831,315915.0,655305.0,Luuk
33.377663,32.27288980419417,1.1047731958058264,316215.0,655305.0,Luuk
34.427086,33.92422366049043,0.5028623395095693,316515.0,655305.0,Luuk
33.862946,33.99689441040466,-0.13394841040465622,316815.0,655305.0,Luuk
33.71763,32.8345316854891,0.883098314510903,317115.0,655305.0,Luuk
34.810833,34.11419929238677,0.6966337076132305,317415.0,655305.0,Luuk
33.723057,33.694255576738556,0.028801423261441528,317715.0,655305.0,Luuk
31.847687,32.68368343177122,-0.8359964317712212,318015.0,655305.0,Luuk
30.58926,31.680639467766547,-1.0913794677665472,318315.0,655305.0,Luuk
31.326643,31.96448562474355,-0.6378426247435485,318615.0,655305.0,Luuk
31.288221,31.161089682332605,0.12713131766739494,318915.0,655305.0,Luuk
31.034903,32.110324001808664,-1.0754210018086638,319215.0,655305.0,Luuk
32.26151,33.30402194494418,-1.0425119449441809,319515.0,655305.0,Luuk
34.35608,35.84276199573785,-1.4866819957378539,319815.0,655305.0,Luuk
33.65717,32.74838306316043,0.9087869368395687,320115.0,655305.0,Luuk
34.61775,34.605267118403,0.012482881597001949,320415.0,655305.0,Luuk
32.303272,31.01866053823742,1.2846114617625801,320715.0,655305.0,Omar
30.722223,33.2250777521341,-2.5028547521340982,265215.0,655005.0,Parang
32.995056,33.03558723411955,-0.04053123411954829,265515.0,655005.0,Parang
31.641638,34.30574240772543,-2.664104407725432,265815.0,655005.0,Parang
32.70565,35.097822723101196,-2.392172723101197,266115.0,655005.0,Parang
30.989136,33.99098916597912,-3.0018531659791243,266415.0,655005.0,Parang
30.779453,33.71102407974927,-2.931571079749272,266715.0,655005.0,Parang
30.104254,33.41593214302519,-3.311678143025187,267315.0,655005.0,Parang
31.29472,33.637706590182816,-2.3429865901828144,267615.0,655005.0,Parang
32.31524,32.79327196495763,-0.4780319649576299,267915.0,655005.0,Parang
33.24646,34.86976553923042,-1.6233055392304223,268215.0,655005.0,Parang
33.26751,35.15958044193673,-1.8920704419367311,268515.0,655005.0,Parang
31.693287,32.65861339150146,-0.9653263915014598,268815.0,655005.0,Parang
31.699059,32.583953704529854,-0.8848947045298559,269115.0,655005.0,Parang
30.268187,34.007717665810276,-3.7395306658102747,269415.0,655005.0,Parang
31.110672,32.012757894753264,-0.9020858947532631,269715.0,655005.0,Parang
30.227024,31.211526167588154,-0.984502167588154,270015.0,655005.0,Parang
30.844524,31.96599062014729,-1.1214666201472916,270315.0,655005.0,Parang
29.500298,31.753900910924184,-2.253602910924183,270615.0,655005.0,Parang
29.231956,32.24723788988184,-3.0152818898818374,270915.0,655005.0,Parang
29.568132,30.995849563966047,-1.4277175639660484,271215.0,655005.0,Parang
29.047031,29.072680974455942,-0.025649974455941305,271515.0,655005.0,Parang
30.580696,31.595753369529923,-1.0150573695299236,271815.0,655005.0,Parang
29.381222,30.581429728049596,-1.2002077280495946,272115.0,655005.0,Parang
31.858795,30.950161471688315,0.908633528311686,272415.0,655005.0,Parang
31.910515,31.29142352295704,0.6190914770429607,272715.0,655005.0,Parang
32.709785,31.17521543693463,1.534569563065368,273015.0,655005.0,Parang
32.734386,30.570600441621817,2.1637855583781835,273315.0,655005.0,Parang
32.4883,31.173593420953996,1.3147065790460069,273615.0,655005.0,Parang
31.955011,32.118168693806396,-0.16315769380639722,273915.0,655005.0,Parang
32.90436,32.3786980638607,0.5256619361392936,274215.0,655005.0,Parang
33.558937,32.920545345892336,0.6383916541076644,274515.0,655005.0,Parang
33.404217,33.00826484971718,0.3959521502828238,274815.0,655005.0,Parang
32.68684,32.31828271786133,0.3685572821386671,275115.0,655005.0,Parang
34.058743,34.10443995569243,-0.04569695569242782,275415.0,655005.0,Parang
33.94438,33.15658399420212,0.7877960057978797,275715.0,655005.0,Parang
33.093277,33.21628912234178,-0.12301212234177683,276015.0,655005.0,Parang
33.930805,34.88388718496372,-0.9530821849637192,276315.0,655005.0,Parang
34.355198,34.66092332360498,-0.3057253236049817,276615.0,655005.0,Maimbung
33.41299,34.348335353558944,-0.9353453535589438,276915.0,655005.0,Maimbung
32.983727,33.58503142169468,-0.6013044216946781,277215.0,655005.0,Maimbung
34.652485,34.74347356915375,-0.09098856915375109,277515.0,655005.0,Maimbung
33.25368,33.60282789395178,-0.3491478939517805,277815.0,655005.0,Maimbung
34.374607,34.703687269064304,-0.3290802690643062,278115.0,655005.0,Maimbung
33.966717,34.709735947291044,-0.7430189472910413,278415.0,655005.0,Maimbung
33.33069,33.19544953118569,0.13524046881430962,278715.0,655005.0,Maimbung
33.311546,33.48710992998509,-0.1755639299850884,279015.0,655005.0,Maimbung
30.80652,32.31296097788633,-1.506440977886328,282315.0,655005.0,Maimbung
33.014996,33.41930934117208,-0.4043133411720845,282615.0,655005.0,Maimbung
34.329987,35.77271984233958,-1.4427328423395807,282915.0,655005.0,Maimbung
33.05366,32.04129802252258,1.0123619774774184,283215.0,655005.0,Maimbung
34.783733,34.53284416244074,0.25088883755925906,283515.0,655005.0,Maimbung
35.47418,35.67864689556719,-0.20446689556719377,283815.0,655005.0,Maimbung
35.386364,35.490135928028955,-0.10377192802895507,284115.0,655005.0,Maimbung
33.238384,33.377358242178616,-0.13897424217861243,284415.0,655005.0,Maimbung
33.69019,33.27346170755907,0.41672829244092924,284715.0,655005.0,Talipao
34.84504,35.228048000752395,-0.3830080007523975,285015.0,655005.0,Talipao
33.585842,33.30403222563959,0.2818097743604113,285315.0,655005.0,Talipao
33.3134,32.46608278805853,0.8473172119414727,285615.0,655005.0,Talipao
33.145718,32.2720971701087,0.8736208298913013,285915.0,655005.0,Talipao
33.72801,32.312439862824704,1.415570137175294,286215.0,655005.0,Talipao
32.434864,32.766679790011395,-0.3318157900113974,286515.0,655005.0,Talipao
32.71145,33.002084611697875,-0.2906346116978753,286815.0,655005.0,Talipao
32.381355,32.171092958110776,0.21026204188922293,287115.0,655005.0,Talipao
32.40419,33.11907414530703,-0.7148841453070318,287415.0,655005.0,Talipao
32.041595,32.950538965029736,-0.9089439650297351,287715.0,655005.0,Talipao
32.19856,32.54241266109717,-0.3438526610971664,288015.0,655005.0,Talipao
33.151714,33.24943542865372,-0.09772142865372047,288315.0,655005.0,Talipao
33.660347,33.91624112599107,-0.25589412599106964,288615.0,655005.0,Talipao
34.734364,35.529433667041054,-0.7950696670410551,288915.0,655005.0,Talipao
31.717709,32.377454512531514,-0.659745512531515,289215.0,655005.0,Talipao
33.50749,36.15505318636131,-2.6475631863613103,289515.0,655005.0,Talipao
32.987774,33.95120083730252,-0.9634268373025208,289815.0,655005.0,Talipao
32.79927,32.64396472014767,0.15530527985232823,290115.0,655005.0,Talipao
31.553236,32.243535265527164,-0.690299265527166,290415.0,655005.0,Talipao
30.841537,31.632571024739768,-0.7910340247397691,290715.0,655005.0,Talipao
31.114748,31.637959770725967,-0.5232117707259683,291015.0,655005.0,Talipao
32.25205,31.808620271399413,0.4434297286005844,291315.0,655005.0,Talipao
31.720686,32.4175690868504,-0.6968830868503986,291615.0,655005.0,Talipao
33.71802,33.28284116548811,0.43517883451189476,291915.0,655005.0,Talipao
34.158497,33.78916962550732,0.36932737449267705,292215.0,655005.0,Talipao
34.054653,33.99348584313703,0.061167156862971694,292515.0,655005.0,Talipao
35.097862,33.95288006208587,1.1449819379141317,292815.0,655005.0,Talipao
36.089813,35.483219676879486,0.6065933231205136,293115.0,655005.0,Talipao
36.513805,35.75199069597116,0.7618143040288388,293415.0,655005.0,Talipao
37.65047,34.47672204011796,3.1737479598820357,293715.0,655005.0,Talipao
32.4749,31.914496043594195,0.5604039564058034,305715.0,655005.0,Old Panamao
33.44716,34.57746826116335,-1.13030826116335,306615.0,655005.0,Kalingalan Caluang
33.63152,32.11024335157018,1.5212766484298186,306915.0,655005.0,Kalingalan Caluang
33.40606,31.825178932517964,1.5808810674820322,307215.0,655005.0,Kalingalan Caluang
33.338917,32.788742201823815,0.5501747981761866,307515.0,655005.0,Kalingalan Caluang
33.015266,30.496199871108598,2.5190661288913994,307815.0,655005.0,Kalingalan Caluang
32.783127,31.49898751084417,1.2841394891558302,308715.0,655005.0,Kalingalan Caluang
32.45888,30.904233488834,1.554646511166002,309015.0,655005.0,Kalingalan Caluang
32.581806,30.31281458517844,2.26899141482156,309315.0,655005.0,Kalingalan Caluang
31.52553,29.908189156722273,1.6173408432777272,309615.0,655005.0,Kalingalan Caluang
32.000824,30.25985748018211,1.740966519817892,309915.0,655005.0,Kalingalan Caluang
31.622011,30.361346936864994,1.2606640631350068,310215.0,655005.0,Kalingalan Caluang
31.641565,29.62321485226703,2.0183501477329706,310515.0,655005.0,Kalingalan Caluang
31.35724,30.661359550173177,0.6958804498268236,310815.0,655005.0,Kalingalan Caluang
32.17104,31.48080846071991,0.690231539280088,311115.0,655005.0,Kalingalan Caluang
31.809286,30.280547688339656,1.5287383116603444,311415.0,655005.0,Kalingalan Caluang
30.777906,30.01080810455257,0.7670978954474315,311715.0,655005.0,Kalingalan Caluang
30.453579,30.357715806837234,0.09586319316276715,312015.0,655005.0,Kalingalan Caluang
31.533178,30.809814287850877,0.7233637121491228,312315.0,655005.0,Kalingalan Caluang
30.910847,30.077962895379017,0.8328841046209838,312615.0,655005.0,Kalingalan Caluang
30.966831,30.67130906377158,0.29552193622841827,312915.0,655005.0,Kalingalan Caluang
31.736729,31.184129661164295,0.5525993388357051,313215.0,655005.0,Kalingalan Caluang
31.176147,31.139280028434936,0.03686697156506469,313515.0,655005.0,Kalingalan Caluang
31.375696,31.11468687969571,0.2610091203042906,313815.0,655005.0,Kalingalan Caluang
30.80432,31.850164152206208,-1.0458441522062074,314115.0,655005.0,Luuk
31.786852,31.893854962397885,-0.10700296239788543,314415.0,655005.0,Luuk
31.598778,32.01000811037333,-0.411230110373328,314715.0,655005.0,Luuk
31.68985,32.04488503334505,-0.3550350333450467,315015.0,655005.0,Luuk
32.615177,33.50346424495884,-0.888287244958839,315315.0,655005.0,Luuk
32.392193,32.19878358782374,0.1934094121762584,315615.0,655005.0,Luuk
33.515636,33.88938177820464,-0.3737457782046363,315915.0,655005.0,Luuk
33.88565,34.091881507431005,-0.20623150743100638,316215.0,655005.0,Luuk
33.694546,33.28318045658513,0.41136554341487397,316515.0,655005.0,Luuk
35.94986,34.43452853507861,1.5153314649213883,316815.0,655005.0,Luuk
34.273243,34.48486555453841,-0.21162255453840828,317115.0,655005.0,Luuk
34.6631,34.80635891629822,-0.14325891629822252,317415.0,655005.0,Luuk
34.2342,33.475478339058526,0.7587216609414753,317715.0,655005.0,Luuk
35.163544,35.56973045928502,-0.40618645928501707,318015.0,655005.0,Luuk
34.26176,33.9732186315667,0.28854136843330025,318315.0,655005.0,Luuk
31.064325,32.060149180760334,-0.9958241807603336,318615.0,655005.0,Luuk
32.46928,33.573979155525656,-1.1046991555256582,318915.0,655005.0,Luuk
32.105392,33.54253540150279,-1.4371434015027873,319215.0,655005.0,Luuk
33.46944,35.64338047858364,-2.1739404785836385,319515.0,655005.0,Luuk
33.950157,34.112533215239104,-0.1623762152391066,319815.0,655005.0,Luuk
32.31148,32.26950000369416,0.04197999630584093,320115.0,655005.0,Omar
32.338554,33.73348696132214,-1.3949329613221408,320415.0,655005.0,Omar
33.56044,34.40387220726562,-0.8434322072656215,320715.0,655005.0,Omar
33.820522,33.778180165994044,0.042341834005952705,321015.0,655005.0,Omar
33.174675,34.12053074638902,-0.9458557463890216,266415.0,654705.0,Parang
33.2047,36.90761247561436,-3.7029124756143545,266715.0,654705.0,Parang
33.59072,33.081390682756656,0.509329317243342,267315.0,654705.0,Parang
30.927221,32.839116308136056,-1.9118953081360566,267615.0,654705.0,Parang
32.382866,34.21069064890757,-1.8278246489075727,267915.0,654705.0,Parang
33.019547,33.170949794862686,-0.15140279486268327,268215.0,654705.0,Parang
32.06101,34.01546266324781,-1.9544526632478068,268515.0,654705.0,Parang
32.50554,33.291466322303755,-0.7859263223037516,268815.0,654705.0,Parang
31.192793,33.634251985873966,-2.4414589858739646,269115.0,654705.0,Parang
30.562508,31.904262709299314,-1.3417547092993125,269415.0,654705.0,Parang
30.932741,32.38706680248016,-1.454325802480163,269715.0,654705.0,Parang
30.906536,31.990805818298707,-1.0842698182987078,270015.0,654705.0,Parang
30.338243,34.03246799369824,-3.694224993698242,270315.0,654705.0,Parang
30.745916,32.51337239081925,-1.7674563908192482,270615.0,654705.0,Parang
29.135094,31.092945405482677,-1.9578514054826783,270915.0,654705.0,Parang
29.638094,31.650090947492902,-2.0119969474929036,271215.0,654705.0,Parang
29.573463,31.010619656129258,-1.4371566561292575,271515.0,654705.0,Parang
30.610687,31.685275025932615,-1.0745880259326164,271815.0,654705.0,Parang
30.40272,31.120157565567148,-0.717437565567149,272115.0,654705.0,Parang
31.732414,31.89347413610524,-0.16106013610524172,272415.0,654705.0,Parang
31.75711,32.54248992647809,-0.7853799264780896,272715.0,654705.0,Parang
32.846825,32.37790546660888,0.4689195333911229,273015.0,654705.0,Parang
33.69738,31.715726804250714,1.9816531957492884,273315.0,654705.0,Parang
32.98851,30.95127455616321,2.0372354438367886,273615.0,654705.0,Parang
34.700382,33.02994229706084,1.6704397029391558,273915.0,654705.0,Parang
37.516376,34.079865680482754,3.4365103195172466,274215.0,654705.0,Parang
35.380253,32.432547509732935,2.9477054902670687,274515.0,654705.0,Parang
35.5055,33.799357473083965,1.7061425269160324,274815.0,654705.0,Parang
34.884834,33.86132544892577,1.0235085510742294,275115.0,654705.0,Parang
34.453278,34.43761851595628,0.01565948404371653,275415.0,654705.0,Parang
34.853798,33.97015710599621,0.8836408940037899,275715.0,654705.0,Parang
35.10249,34.46932951669728,0.6331604833027242,276015.0,654705.0,Parang
36.51309,35.21450751976013,1.2985824802398653,276315.0,654705.0,Parang
33.832367,34.293158609818285,-0.46079160981828693,276615.0,654705.0,Maimbung
34.180317,34.10527206413043,0.0750449358695704,276915.0,654705.0,Maimbung
32.788715,32.9642008037904,-0.17548580379039436,277215.0,654705.0,Maimbung
32.857613,34.35602594837691,-1.4984129483769095,277515.0,654705.0,Maimbung
34.664494,34.789163870403534,-0.12466987040353672,277815.0,654705.0,Maimbung
35.089176,35.57076219446773,-0.4815861944677309,278115.0,654705.0,Maimbung
35.648533,35.83179594502364,-0.1832629450236425,278415.0,654705.0,Maimbung
34.468533,33.61326453400487,0.8552684659951311,278715.0,654705.0,Maimbung
34.176315,33.39840548952823,0.7779095104717726,282915.0,654705.0,Maimbung
33.134872,32.5247663225036,0.6101056774963993,283215.0,654705.0,Maimbung
35.035122,35.92894851402797,-0.8938265140279711,283515.0,654705.0,Maimbung
34.145947,34.23756192653574,-0.09161492653574044,283815.0,654705.0,Maimbung
33.590347,34.33336035017414,-0.743013350174138,284115.0,654705.0,Maimbung
33.799473,33.45508267138488,0.34439032861511976,284415.0,654705.0,Talipao
32.839085,33.787356944167705,-0.9482719441677077,284715.0,654705.0,Talipao
33.342075,32.62866117698897,0.713413823011031,285015.0,654705.0,Talipao
35.12969,34.25752888217053,0.8721611178294637,285315.0,654705.0,Talipao
32.920303,32.748309555778576,0.17199344422142104,285615.0,654705.0,Talipao
33.277145,33.19535514563576,0.08178985436423858,285915.0,654705.0,Talipao
32.640774,32.661865695350706,-0.02109169535070521,286215.0,654705.0,Talipao
32.778553,33.35083292857075,-0.5722799285707509,286515.0,654705.0,Talipao
33.209175,33.9871733236782,-0.7779983236781973,286815.0,654705.0,Talipao
31.885136,33.08629980083182,-1.201163800831818,287115.0,654705.0,Talipao
32.868946,33.2193510013818,-0.35040500138180164,287415.0,654705.0,Talipao
32.139732,33.36260438592692,-1.2228723859269195,287715.0,654705.0,Talipao
33.3471,33.14396913406626,0.20313086593373697,288015.0,654705.0,Talipao
33.72066,33.60344107614409,0.11721892385591559,288315.0,654705.0,Talipao
34.283504,33.69060863578044,0.592895364219558,288615.0,654705.0,Talipao
34.60636,34.87743499924493,-0.27107499924493084,288915.0,654705.0,Talipao
31.69878,32.01725506399348,-0.3184750639934819,289215.0,654705.0,Talipao
31.500168,33.18971674754253,-1.6895487475425348,289515.0,654705.0,Talipao
34.87596,35.227817021622926,-0.3518570216229264,289815.0,654705.0,Talipao
34.569782,35.567941848938304,-0.9981598489383074,290115.0,654705.0,Talipao
34.60113,34.39605573117017,0.2050742688298257,290415.0,654705.0,Talipao
32.514027,32.15316091375437,0.360866086245629,290715.0,654705.0,Talipao
33.08521,32.19348453629534,0.8917254637046597,291015.0,654705.0,Talipao
33.49772,32.57542482977163,0.9222951702283737,291315.0,654705.0,Talipao
34.310165,33.88593166838732,0.42423333161267607,291615.0,654705.0,Talipao
34.245544,33.50536869528428,0.74017530471572,291915.0,654705.0,Talipao
35.59388,34.199268693733956,1.394611306266043,292215.0,654705.0,Talipao
34.244793,34.02309474235971,0.22169825764029127,292515.0,654705.0,Talipao
34.6837,34.57336753979226,0.11033246020774357,292815.0,654705.0,Talipao
35.199615,34.05601518001826,1.1435998199817448,293115.0,654705.0,Talipao
34.58603,34.001344649645695,0.5846853503543059,293415.0,654705.0,Talipao
33.985695,30.912574399096073,3.073120600903927,293715.0,654705.0,Talipao
34.15884,33.53518328152979,0.6236567184702082,306615.0,654705.0,Kalingalan Caluang
33.420506,32.36099156945128,1.0595144305487239,306915.0,654705.0,Kalingalan Caluang
33.44829,32.03762509846291,1.4106649015370891,307215.0,654705.0,Kalingalan Caluang
32.893284,31.414404994144142,1.478879005855859,307515.0,654705.0,Kalingalan Caluang
33.24538,30.96886170313283,2.2765182968671667,307815.0,654705.0,Kalingalan Caluang
33.174282,31.989222875275157,1.185059124724841,308715.0,654705.0,Kalingalan Caluang
32.324715,31.584873888334286,0.7398411116657115,309015.0,654705.0,Kalingalan Caluang
32.631454,30.34372789043504,2.2877261095649573,309315.0,654705.0,Kalingalan Caluang
32.113434,31.436012478309895,0.6774215216901034,309615.0,654705.0,Kalingalan Caluang
32.074154,31.74116047856897,0.3329935214310318,310515.0,654705.0,Kalingalan Caluang
30.69891,29.90256594951927,0.7963440504807302,310815.0,654705.0,Kalingalan Caluang
30.618376,30.562116032657016,0.05625996734298511,311115.0,654705.0,Kalingalan Caluang
30.941183,29.732593729473514,1.2085892705264847,311415.0,654705.0,Kalingalan Caluang
30.885534,30.5929087503952,0.2926252496048001,311715.0,654705.0,Kalingalan Caluang
30.53272,31.09679727200267,-0.5640772720026703,312015.0,654705.0,Kalingalan Caluang
30.689518,31.96155298203528,-1.2720349820352794,312315.0,654705.0,Kalingalan Caluang
29.99558,30.687518538826804,-0.691938538826804,312615.0,654705.0,Kalingalan Caluang
30.255106,31.238454926391057,-0.9833489263910558,312915.0,654705.0,Kalingalan Caluang
29.927788,31.44395719597363,-1.5161691959736316,313215.0,654705.0,Kalingalan Caluang
30.864302,30.16417491651091,0.7001270834890896,313515.0,654705.0,Kalingalan Caluang
31.155361,31.914050197065205,-0.7586891970652054,313815.0,654705.0,Kalingalan Caluang
32.808258,31.99992420760177,0.8083337923982334,314115.0,654705.0,Luuk
31.503864,31.424723497461375,0.0791405025386247,314415.0,654705.0,Luuk
31.828283,32.425048397597216,-0.5967653975972169,314715.0,654705.0,Luuk
32.01355,32.08240141024529,-0.06885141024528707,315015.0,654705.0,Luuk
32.77192,32.00654475374521,0.7653752462547914,315315.0,654705.0,Luuk
33.45666,32.29383462580079,1.1628253741992083,315615.0,654705.0,Luuk
33.938652,32.121456762819314,1.8171952371806839,315915.0,654705.0,Luuk
33.45789,34.23100821634738,-0.7731182163473775,316215.0,654705.0,Luuk
33.25913,32.81819898752977,0.44093101247023014,316515.0,654705.0,Luuk
35.7888,34.80016700832126,0.9886329916787417,316815.0,654705.0,Luuk
35.10692,33.96418830974639,1.142731690253612,317115.0,654705.0,Luuk
35.087868,33.0914253761331,1.9964426238668977,317415.0,654705.0,Luuk
34.315132,32.73501294629267,1.5801190537073282,317715.0,654705.0,Omar
31.43746,31.546721113030397,-0.10926111303039576,318015.0,654705.0,Omar
31.823029,31.845339749760473,-0.02231074976047509,318315.0,654705.0,Omar
33.746113,36.752330617721526,-3.006217617721525,318615.0,654705.0,Omar
33.683464,35.7434624872158,-2.0599984872158004,318915.0,654705.0,Omar
31.768042,31.731136477002416,0.03690552299758565,319215.0,654705.0,Omar
32.265976,32.19193444238505,0.07404155761495446,319515.0,654705.0,Omar
32.24598,33.4544876232591,-1.208507623259095,319815.0,654705.0,Omar
34.370068,32.979562076159354,1.3905059238406494,320115.0,654705.0,Omar
32.335423,32.338165455401864,-0.0027424554018651293,320415.0,654705.0,Omar
31.37976,30.69998468847256,0.6797753115274396,320715.0,654705.0,Omar
33.30718,33.5499289389838,-0.24274893898379446,321015.0,654705.0,Omar
33.080917,30.44059431036916,2.640322689630839,321315.0,654705.0,Omar
33.71161,35.19298723714426,-1.4813772371442582,267615.0,654405.0,Parang
32.923027,33.527553255057256,-0.6045262550572588,267915.0,654405.0,Parang
36.51556,36.569098992844566,-0.053538992844565314,268215.0,654405.0,Parang
33.26332,33.775330105971186,-0.5120101059711857,268515.0,654405.0,Parang
31.941776,32.13185089389522,-0.19007489389521837,268815.0,654405.0,Parang
31.21391,33.871282922320745,-2.6573729223207465,269115.0,654405.0,Parang
31.195301,32.75327995312054,-1.5579789531205392,269415.0,654405.0,Parang
31.829908,33.73308612199515,-1.9031781219951505,269715.0,654405.0,Parang
30.265825,32.46636188909331,-2.200536889093307,270015.0,654405.0,Parang
30.702858,33.42964044718044,-2.7267824471804403,270315.0,654405.0,Parang
31.205263,32.42457208672017,-1.2193090867201697,270615.0,654405.0,Parang
30.901358,32.00926191631489,-1.1079039163148927,270915.0,654405.0,Parang
29.919064,30.195515430110397,-0.27645143011039863,271215.0,654405.0,Parang
30.090614,32.03033286652827,-1.9397188665282705,271515.0,654405.0,Parang
32.321697,31.275048033326133,1.0466489666738674,271815.0,654405.0,Parang
31.517471,31.06164129007107,0.45582970992893124,272115.0,654405.0,Parang
31.658735,32.36405099729302,-0.7053159972930203,272415.0,654405.0,Parang
33.339783,34.178617512003136,-0.8388345120031389,272715.0,654405.0,Parang
33.39538,32.61533516215747,0.7800448378425315,273015.0,654405.0,Parang
34.666813,34.08110613554789,0.5857068644521064,273315.0,654405.0,Parang
32.573,32.357524855423854,0.21547514457614625,273615.0,654405.0,Parang
35.68592,34.76818447628461,0.9177355237153932,273915.0,654405.0,Parang
35.627594,34.73903011845258,0.8885638815474195,274215.0,654405.0,Parang
36.368797,33.57110883411258,2.797688165887422,274515.0,654405.0,Parang
34.28749,33.38083142935121,0.9066585706487871,274815.0,654405.0,Parang
34.13463,34.092493322480166,0.042136677519835075,275115.0,654405.0,Parang
33.890675,33.82424832789546,0.06642667210454078,275415.0,654405.0,Parang
34.70841,34.05216056892579,0.6562494310742082,275715.0,654405.0,Parang
34.590466,34.98693107646075,-0.3964650764607498,276015.0,654405.0,Parang
35.652218,36.56509997058021,-0.9128819705802158,276315.0,654405.0,Maimbung
33.856415,34.38062901790588,-0.5242140179058836,276615.0,654405.0,Maimbung
34.325005,34.85484658517033,-0.5298415851703311,276915.0,654405.0,Maimbung
34.528133,34.43575942814207,0.0923735718579266,277215.0,654405.0,Maimbung
33.946075,33.47473022039915,0.4713447796008481,277515.0,654405.0,Maimbung
31.001938,31.3450189823288,-0.34308098232880013,277815.0,654405.0,Maimbung
34.214615,34.087524035402055,0.12709096459794722,278115.0,654405.0,Maimbung
35.642567,34.28479265574073,1.3577743442592691,278415.0,654405.0,Maimbung
33.36271,35.56732826300264,-2.2046182630026436,278715.0,654405.0,
30.051107,31.528034212949912,-1.4769272129499136,282915.0,654405.0,Maimbung
31.171707,32.35626291106884,-1.1845559110688377,283215.0,654405.0,Maimbung
33.202526,33.38688569898293,-0.1843596989829308,283515.0,654405.0,Maimbung
33.562286,34.09741394479749,-0.5351279447974875,283815.0,654405.0,Maimbung
34.1609,34.89692219324478,-0.7360221932447786,284115.0,654405.0,Maimbung
34.74586,34.437815444543624,0.30804455545637666,284415.0,654405.0,Talipao
33.88261,35.679068617405015,-1.7964586174050154,284715.0,654405.0,Talipao
35.105362,34.05192796009809,1.0534340399019086,285015.0,654405.0,Talipao
35.422894,35.23954744382859,0.18334655617140783,285315.0,654405.0,Talipao
34.50813,33.01664753268188,1.4914824673181215,285615.0,654405.0,Talipao
34.131214,33.20037882264333,0.9308351773566699,285915.0,654405.0,Talipao
34.87725,33.87951435538469,0.9977356446153038,286215.0,654405.0,Talipao
36.09495,34.044788892881385,2.050161107118612,286515.0,654405.0,Talipao
34.119633,34.24277553849773,-0.12314253849773138,286815.0,654405.0,Talipao
32.758102,33.56120606065831,-0.8031040606583062,287115.0,654405.0,Talipao
33.56992,34.887770991090925,-1.3178509910909213,287415.0,654405.0,Talipao
33.518253,33.595003179906314,-0.07675017990631261,287715.0,654405.0,Talipao
33.99176,34.36310030070687,-0.3713403007068692,288015.0,654405.0,Talipao
32.374264,33.601084587043616,-1.226820587043619,288315.0,654405.0,Talipao
33.96459,34.58203798643196,-0.6174479864319622,288615.0,654405.0,Talipao
32.21635,32.51573090481274,-0.29938090481274315,288915.0,654405.0,Talipao
32.433937,32.49345625807324,-0.059519258073237324,289215.0,654405.0,Talipao
32.35509,32.847226220121826,-0.49213622012182867,289515.0,654405.0,Talipao
33.15596,32.62508001812644,0.5308799818735608,289815.0,654405.0,Talipao
34.6366,35.19007770833441,-0.5534777083344053,290115.0,654405.0,Talipao
33.720043,33.40195706431194,0.3180859356880603,290415.0,654405.0,Talipao
33.59262,32.33765380130231,1.2549661986976872,290715.0,654405.0,Talipao
33.915905,34.237546951790776,-0.3216419517907738,291015.0,654405.0,Talipao
32.061424,31.345796726490022,0.7156272735099805,291315.0,654405.0,Talipao
32.95284,33.59789444970152,-0.6450544497015187,291615.0,654405.0,Talipao
33.65059,34.183584412583926,-0.5329944125839248,291915.0,654405.0,Talipao
33.50478,33.296960980077394,0.20781901992260288,292215.0,654405.0,Talipao
35.41549,34.38307443245651,1.032415567543488,292515.0,654405.0,Talipao
34.963703,34.23063440653874,0.7330685934612617,292815.0,654405.0,Talipao
36.150917,36.12552052657283,0.025396473427171884,293115.0,654405.0,Talipao
34.86658,35.290819099386916,-0.4242390993869165,293415.0,654405.0,Talipao
33.923252,32.931703737655276,0.9915482623447218,293715.0,654405.0,Talipao
33.5655,33.27092444296387,0.2945755570361328,305715.0,654405.0,Kalingalan Caluang
33.71929,32.12430423808061,1.5949857619193892,306015.0,654405.0,Kalingalan Caluang
33.093594,33.263426930896706,-0.16983293089670326,306315.0,654405.0,Kalingalan Caluang
32.5498,31.75113390467149,0.7986660953285067,306915.0,654405.0,Kalingalan Caluang
32.594036,31.63770924406903,0.9563267559309736,307215.0,654405.0,Kalingalan Caluang
33.337566,33.15108002991726,0.18648597008274237,307515.0,654405.0,Kalingalan Caluang
32.521034,32.06060962781139,0.4604243721886121,308415.0,654405.0,Kalingalan Caluang
32.373863,30.833819731321796,1.540043268678204,308715.0,654405.0,Kalingalan Caluang
32.282642,30.740490933526484,1.5421510664735187,309015.0,654405.0,Kalingalan Caluang
31.908749,29.33545528569755,2.5732937143024515,309315.0,654405.0,Kalingalan Caluang
31.754564,30.056590656273542,1.6979733437264564,309615.0,654405.0,Kalingalan Caluang
31.456743,30.34307800784652,1.1136649921534811,309915.0,654405.0,Kalingalan Caluang
31.963715,29.801066212091772,2.1626487879082283,310215.0,654405.0,Kalingalan Caluang
31.319033,29.341382719527203,1.9776502804727976,310815.0,654405.0,Kalingalan Caluang
31.169924,29.77898154563975,1.3909424543602533,311115.0,654405.0,Kalingalan Caluang
30.544481,29.810120329470465,0.7343606705295365,311415.0,654405.0,Kalingalan Caluang
29.233896,29.65108293876452,-0.4171869387645195,311715.0,654405.0,Kalingalan Caluang
29.18811,29.48883245481316,-0.3007224548131582,312015.0,654405.0,Kalingalan Caluang
29.929623,29.832391451824048,0.09723154817595159,312315.0,654405.0,Kalingalan Caluang
29.801561,30.842369166846446,-1.0408081668464462,312615.0,654405.0,Kalingalan Caluang
30.793575,30.491069043516937,0.30250595648306344,312915.0,654405.0,Kalingalan Caluang
30.57289,30.41548431248011,0.1574056875198906,313215.0,654405.0,Kalingalan Caluang
30.648663,31.58641382945597,-0.9377508294559718,313515.0,654405.0,Kalingalan Caluang
31.80583,31.773126384370855,0.03270361562914559,313815.0,654405.0,Kalingalan Caluang
31.767658,31.984149789066677,-0.21649178906667643,314115.0,654405.0,Luuk
31.048412,31.606567957308044,-0.5581559573080455,314415.0,654405.0,Luuk
30.823433,31.25047833791807,-0.4270453379180701,314715.0,654405.0,Luuk
32.554256,32.79961467244653,-0.2453586724465282,315015.0,654405.0,Luuk
33.599182,32.8848163019569,0.7143656980430961,315315.0,654405.0,Luuk
33.52764,33.41657618028974,0.11106381971026025,315615.0,654405.0,Luuk
33.05669,32.82649309820198,0.2301969017980241,315915.0,654405.0,Luuk
34.304947,34.20163275444596,0.10331424555403856,316215.0,654405.0,Luuk
33.723125,33.653792970661996,0.06933202933800686,316515.0,654405.0,Luuk
33.913696,32.86706964468156,1.0466263553184447,316815.0,654405.0,Luuk
35.562138,36.360423517200886,-0.7982855172008883,317115.0,654405.0,Luuk
34.990677,33.44022827097512,1.550448729024879,317415.0,654405.0,Luuk
30.134743,31.40538584503653,-1.2706428450365301,318615.0,654405.0,Omar
34.14236,33.57635161627221,0.5660083837277838,318915.0,654405.0,Omar
31.863737,33.743930499311226,-1.8801934993112255,319215.0,654405.0,Omar
32.902523,31.156084052796984,1.7464389472030177,319515.0,654405.0,Omar
33.562763,33.84603359697259,-0.28327059697259216,319815.0,654405.0,Omar
32.138542,31.650652806005116,0.48788919399488506,320115.0,654405.0,Omar
32.67911,33.109357473256644,-0.43024747325664237,320415.0,654405.0,Omar
35.01101,34.90891113856363,0.10209886143636737,321315.0,654405.0,Omar
33.308792,34.08054145451751,-0.7717494545175114,267915.0,654105.0,Parang
39.78492,37.07161848844428,2.71330151155572,268215.0,654105.0,Parang
33.62936,34.35762927628966,-0.7282692762896588,268515.0,654105.0,Parang
34.06441,33.81013400464215,0.25427599535785106,268815.0,654105.0,Parang
32.656986,34.1459142847947,-1.4889282847946959,269115.0,654105.0,Parang
30.84062,35.42731621382741,-4.586696213827409,269415.0,654105.0,Parang
31.830593,33.132438237803704,-1.301845237803704,269715.0,654105.0,Parang
31.448248,33.025336585861396,-1.5770885858613966,270015.0,654105.0,Parang
32.517212,33.3144062543929,-0.7971942543928989,270315.0,654105.0,Parang
31.400476,33.459201600881265,-2.0587256008812638,270615.0,654105.0,Parang
30.182667,33.34542927988106,-3.1627622798810613,270915.0,654105.0,Parang
30.645422,32.199792651436304,-1.5543706514363045,271215.0,654105.0,Parang
31.082155,31.347588150046118,-0.26543315004611756,271515.0,654105.0,Parang
31.869087,32.70872288444418,-0.8396358844441778,271815.0,654105.0,Parang
32.240116,32.76839938946139,-0.528283389461393,272115.0,654105.0,Parang
31.824097,33.09543904781474,-1.2713420478147448,272415.0,654105.0,Parang
31.949821,32.56601605504571,-0.6161950550457078,272715.0,654105.0,Parang
34.613377,33.29710573899176,1.3162712610082394,273015.0,654105.0,Parang
33.992767,33.351008884326845,0.6417581156731558,273315.0,654105.0,Parang
38.213314,35.00316919977022,3.210144800229777,273615.0,654105.0,Parang
36.501266,34.62838072436314,1.872885275636861,273915.0,654105.0,Parang
34.614895,33.735567044394024,0.879327955605973,274215.0,654105.0,Parang
35.880817,35.38703851302867,0.49377848697132976,274515.0,654105.0,Parang
35.684338,34.8176949743685,0.8666430256314968,274815.0,654105.0,Parang
33.695156,33.41119964489946,0.2839563551005355,275115.0,654105.0,Parang
33.522655,32.758399055735936,0.7642559442640646,275415.0,654105.0,Parang
34.127174,33.32829440532901,0.7988795946709857,275715.0,654105.0,Parang
34.720875,34.143883381721366,0.5769916182786332,276015.0,654105.0,Parang
35.066364,34.198784542240716,0.8675794577592839,276315.0,654105.0,Maimbung
33.78569,32.94947346674807,0.8362165332519353,276615.0,654105.0,Maimbung
35.136566,36.21002110976055,-1.0734551097605447,276915.0,654105.0,Maimbung
36.34945,34.01315492104952,2.336295078950478,277215.0,654105.0,Maimbung
30.314648,31.23813288476374,-0.9234848847637416,277515.0,654105.0,Maimbung
30.566154,32.67639488530038,-2.1102408853003816,283215.0,654105.0,Maimbung
31.184925,31.769971119466582,-0.5850461194665826,283515.0,654105.0,Maimbung
32.575603,33.47538081476011,-0.8997778147601068,283815.0,654105.0,Maimbung
33.124996,32.8510966997609,0.27389930023910125,284115.0,654105.0,Maimbung
34.09961,34.339399158119065,-0.23978915811906631,284415.0,654105.0,Talipao
34.407238,35.44439571429567,-1.0371577142956738,284715.0,654105.0,Talipao
34.784065,33.714950317883634,1.0691146821163642,285015.0,654105.0,Talipao
35.880234,35.05462755579999,0.8256064442000124,285315.0,654105.0,Talipao
34.04013,33.74012178520393,0.30000821479606543,285615.0,654105.0,Talipao
34.895973,34.338343638981556,0.5576293610184422,285915.0,654105.0,Talipao
34.821354,34.352291474511766,0.46906252548823346,286215.0,654105.0,Talipao
34.828415,35.42884001109669,-0.6004250110966893,286515.0,654105.0,Talipao
35.796627,34.70340150790461,1.0932254920953923,286815.0,654105.0,Talipao
34.73008,34.13403714260632,0.5960428573936838,287115.0,654105.0,Talipao
35.145004,35.109661318071815,0.035342681928185016,287415.0,654105.0,Talipao
35.829548,35.24078027377579,0.5887677262242121,287715.0,654105.0,Talipao
35.39253,35.852421257058275,-0.45989125705827405,288015.0,654105.0,Talipao
35.613113,34.01364188286925,1.5994711171307472,288315.0,654105.0,Talipao
34.499954,35.626605511402246,-1.126651511402244,288615.0,654105.0,Talipao
33.83353,32.526863344351554,1.3066666556484492,288915.0,654105.0,Talipao
32.739437,32.57090782273891,0.1685291772610924,289215.0,654105.0,Talipao
33.20912,32.92957853280674,0.2795414671932619,289515.0,654105.0,Talipao
32.662685,33.34357980786258,-0.6808948078625789,289815.0,654105.0,Talipao
34.347538,33.9191707654789,0.4283672345210974,290115.0,654105.0,Talipao
35.533146,35.04602379393877,0.4871222060612297,290415.0,654105.0,Talipao
34.37387,35.12811958244476,-0.7542495824447641,290715.0,654105.0,Talipao
32.860004,32.47825283984107,0.3817511601589345,291015.0,654105.0,Talipao
34.695286,35.372339168662,-0.6770531686619989,291315.0,654105.0,Talipao
33.65016,33.59800531106282,0.05215468893717912,291615.0,654105.0,Talipao
32.153484,32.29656952013691,-0.1430855201369141,291915.0,654105.0,Talipao
32.02431,31.929408111155148,0.09490188884485207,292215.0,654105.0,Talipao
34.259197,34.10818307335149,0.15101392664850977,292515.0,654105.0,Talipao
32.599327,33.101668978087055,-0.5023419780870526,292815.0,654105.0,Talipao
33.26683,34.16190333508238,-0.8950733350823796,293115.0,654105.0,Talipao
32.67756,32.572061246180276,0.10549875381972385,293415.0,654105.0,Talipao
32.55607,33.564515733551964,-1.0084457335519659,293715.0,654105.0,Talipao
33.255154,32.78847718066468,0.46667681933531924,305415.0,654105.0,Kalingalan Caluang
33.911728,32.53610812057235,1.3756198794276457,305715.0,654105.0,Kalingalan Caluang
33.827362,32.84949106304227,0.9778709369577285,306015.0,654105.0,Kalingalan Caluang
33.40516,32.94111512655149,0.46404487344851475,306915.0,654105.0,Kalingalan Caluang
32.34676,31.748944474976938,0.5978155250230657,308415.0,654105.0,Kalingalan Caluang
31.867239,30.08654566667741,1.780693333322592,308715.0,654105.0,Kalingalan Caluang
31.407671,30.738308195961075,0.6693628040389257,309015.0,654105.0,Kalingalan Caluang
31.780308,31.33808382225655,0.44222417774345146,309315.0,654105.0,Kalingalan Caluang
31.558554,30.54035707852821,1.018196921471791,309615.0,654105.0,Kalingalan Caluang
32.186558,31.358201795495287,0.8283562045047113,309915.0,654105.0,Kalingalan Caluang
32.348362,30.384043415821385,1.964318584178617,310215.0,654105.0,Kalingalan Caluang
30.486097,30.333325482161026,0.1527715178389748,310515.0,654105.0,Kalingalan Caluang
31.291525,29.781685718946303,1.5098392810536971,310815.0,654105.0,Kalingalan Caluang
31.065544,30.52117245025701,0.5443715497429906,311115.0,654105.0,Kalingalan Caluang
30.94508,29.86083052516537,1.0842494748346319,311415.0,654105.0,Kalingalan Caluang
30.534344,30.41011905377753,0.12422494622246916,311715.0,654105.0,Kalingalan Caluang
30.252327,30.14265437965936,0.10967262034064262,312015.0,654105.0,Kalingalan Caluang
29.072899,31.109252376499835,-2.036353376499836,312315.0,654105.0,Kalingalan Caluang
30.615463,32.53681436998547,-1.921351369985473,312615.0,654105.0,Kalingalan Caluang
29.760363,30.86174099665592,-1.1013779966559198,312915.0,654105.0,Kalingalan Caluang
30.432713,30.428743770211376,0.003969229788623352,313215.0,654105.0,Kalingalan Caluang
31.696665,30.83674146308938,0.8599235369106211,313515.0,654105.0,Kalingalan Caluang
32.11813,32.85911109460596,-0.7409810946059565,313815.0,654105.0,Kalingalan Caluang
32.696953,32.49135144757435,0.20560155242564804,314115.0,654105.0,Luuk
31.839943,31.586567466624757,0.25337553337524454,314415.0,654105.0,Luuk
32.1006,31.122488110929194,0.9781118890708065,314715.0,654105.0,Luuk
33.1069,33.56715281087833,-0.46025281087833037,315015.0,654105.0,Luuk
33.900574,33.85287670941324,0.0476972905867612,315315.0,654105.0,Luuk
32.695675,32.16217592993147,0.5334990700685296,315615.0,654105.0,Luuk
33.17417,32.635550229445776,0.5386197705542202,315915.0,654105.0,Luuk
33.90325,34.22988543050498,-0.3266354305049788,316215.0,654105.0,Luuk
34.54089,34.833186603426405,-0.29229660342640784,316515.0,654105.0,Luuk
35.499687,34.446109038739024,1.0535779612609772,316815.0,654105.0,Luuk
34.68905,34.413163355427244,0.2758866445727577,317115.0,654105.0,Luuk
30.159935,31.236748022691618,-1.076813022691617,318915.0,654105.0,Omar
30.970484,33.89844993493831,-2.927965934938314,319515.0,654105.0,Omar
32.31198,31.86748193680239,0.4444980631976101,319815.0,654105.0,
31.290195,31.43518228530647,-0.14498728530647043,320415.0,654105.0,Omar
53.666428,31.165503334376027,22.500924665623977,320715.0,654105.0,Omar
31.397963,31.69300981071808,-0.29504681071808037,321015.0,654105.0,Omar
35.106876,32.64564138621964,2.4612346137803627,321315.0,654105.0,Omar
34.130146,36.45937695182875,-2.329230951828748,268515.0,653805.0,Parang
32.739998,34.35744773088062,-1.6174497308806224,268815.0,653805.0,Parang
31.71176,33.22561887409753,-1.5138588740975258,269115.0,653805.0,Parang
32.079735,35.0817296656273,-3.0019946656273007,269415.0,653805.0,Parang
31.512005,34.00222875295048,-2.490223752950481,269715.0,653805.0,Parang
31.67596,33.20897835701004,-1.5330183570100395,270015.0,653805.0,Parang
31.213734,32.516821859899025,-1.3030878598990263,270315.0,653805.0,Parang
30.79377,33.93156081992987,-3.1377908199298723,270615.0,653805.0,Parang
30.87043,32.372898858622904,-1.5024688586229047,270915.0,653805.0,Parang
33.078384,34.35132280388088,-1.2729388038808835,271215.0,653805.0,Parang
31.480541,32.98156685231432,-1.5010258523143243,271515.0,653805.0,Parang
31.308907,33.39290035053266,-2.083993350532662,271815.0,653805.0,Parang
33.2388,33.146867836042546,0.09193216395745196,272115.0,653805.0,Parang
33.257736,33.723712022865584,-0.4659760228655827,272415.0,653805.0,Parang
34.113533,33.60800346113183,0.5055295388681671,272715.0,653805.0,Parang
34.467987,33.416962581226116,1.0510244187738849,273015.0,653805.0,Parang
36.79031,36.92476216161225,-0.13445216161225204,273315.0,653805.0,Parang
37.626484,34.310901682330275,3.3155823176697226,273615.0,653805.0,Parang
34.856873,35.69979106111027,-0.842918061110268,273915.0,653805.0,Parang
37.083096,33.83462587554027,3.248470124459729,274215.0,653805.0,Parang
35.194828,32.564292429460245,2.630535570539756,274515.0,653805.0,Parang
34.285236,34.410932573326654,-0.12569657332665685,274815.0,653805.0,Parang
33.55449,33.47157269543459,0.08291730456541302,275115.0,653805.0,Parang
35.138763,34.49860425963231,0.6401587403676885,275415.0,653805.0,Parang
35.471916,35.17837540019612,0.29354059980388314,275715.0,653805.0,Parang
36.467186,34.588553442350936,1.8786325576490626,276015.0,653805.0,Parang
36.450764,35.121969988352845,1.3287940116471546,276315.0,653805.0,Maimbung
35.841534,33.69943126404778,2.1421027359522213,276615.0,653805.0,Maimbung
34.271294,36.72190317839651,-2.450609178396512,276915.0,653805.0,Maimbung
33.24445,34.74802777579308,-1.503577775793083,283815.0,653805.0,Maimbung
32.61409,34.05870510967135,-1.4446151096713535,284115.0,653805.0,Talipao
33.96039,33.41374588869644,0.5466441113035572,284415.0,653805.0,Talipao
34.3728,35.50568787362664,-1.1328878736266432,284715.0,653805.0,Talipao
34.975246,34.65857372563953,0.31667227436047085,285015.0,653805.0,Talipao
36.89293,34.956292121055725,1.9366378789442749,285315.0,653805.0,Talipao
36.48577,33.974026623718345,2.5117433762816574,285615.0,653805.0,Talipao
34.64283,35.576920312270246,-0.93409031227025,285915.0,653805.0,Talipao
34.530697,34.030870487968826,0.4998265120311771,286215.0,653805.0,Talipao
35.33749,35.35683382097026,-0.01934382097025633,286515.0,653805.0,Talipao
35.77548,35.17307220321873,0.6024077967812715,286815.0,653805.0,Talipao
35.210793,33.545898267396524,1.6648947326034786,287115.0,653805.0,Talipao
36.586044,34.89025355390886,1.695790446091138,287415.0,653805.0,Talipao
37.08053,34.63002794871826,2.4505020512817453,287715.0,653805.0,Talipao
36.842236,35.04004774314271,1.802188256857292,288015.0,653805.0,Talipao
35.274338,34.5938809355404,0.6804570644596026,288315.0,653805.0,Talipao
34.778248,37.54110250231982,-2.7628545023198257,288615.0,653805.0,Talipao
35.660503,36.54601779832917,-0.8855147983291687,288915.0,653805.0,Talipao
36.06223,35.96310006624899,0.09912993375100854,289215.0,653805.0,Talipao
35.465916,34.321278295848174,1.144637704151826,289515.0,653805.0,Talipao
37.005634,36.571824781936286,0.43380921806371475,289815.0,653805.0,Talipao
35.78646,34.875298162961855,0.9111618370381436,290115.0,653805.0,Talipao
36.118618,35.128195222307085,0.9904227776929133,290415.0,653805.0,Talipao
34.224663,33.05619731975979,1.1684656802402102,290715.0,653805.0,Talipao
32.81818,32.696054585980995,0.12212541401900268,291015.0,653805.0,Talipao
33.94666,32.09670039640265,1.8499596035973482,291315.0,653805.0,Talipao
34.030075,34.2405708843464,-0.21049588434640043,291615.0,653805.0,Talipao
32.459694,33.67423068627289,-1.2145366862728935,291915.0,653805.0,Talipao
32.11819,32.439655710057664,-0.3214657100576659,292215.0,653805.0,Talipao
33.581463,34.14328831346395,-0.5618253134639488,292515.0,653805.0,Talipao
32.807747,33.64743284944827,-0.8396858494482728,292815.0,653805.0,Talipao
31.05956,31.475384642737808,-0.4158246427378067,293115.0,653805.0,Talipao
32.133705,33.68882900824615,-1.5551240082461533,293715.0,653805.0,Talipao
34.045563,32.03389821258775,2.0116647874122506,305415.0,653805.0,Kalingalan Caluang
33.74938,32.618578921368055,1.1308010786319471,305715.0,653805.0,Kalingalan Caluang
34.243412,33.561756029324954,0.6816559706750454,306015.0,653805.0,Kalingalan Caluang
33.73543,33.22774902054248,0.5076809794575183,307815.0,653805.0,Kalingalan Caluang
32.876072,31.845158801396707,1.0309131986032938,308115.0,653805.0,Kalingalan Caluang
32.340633,31.263528240044526,1.0771047599554713,309015.0,653805.0,Kalingalan Caluang
32.01908,30.518108129853587,1.5009718701464152,309315.0,653805.0,Kalingalan Caluang
29.924784,30.314708130278603,-0.3899241302786045,309615.0,653805.0,Kalingalan Caluang
31.29025,30.698585869598045,0.5916641304019556,309915.0,653805.0,Kalingalan Caluang
30.951073,30.998380592179696,-0.04730759217969549,310215.0,653805.0,Kalingalan Caluang
30.328508,30.360083756946185,-0.03157575694618586,310515.0,653805.0,Kalingalan Caluang
30.457436,30.24956202743933,0.20787397256066953,310815.0,653805.0,Kalingalan Caluang
30.545319,30.628459996202572,-0.08314099620257309,311115.0,653805.0,Kalingalan Caluang
30.573788,30.50857399525628,0.0652140047437193,311415.0,653805.0,Kalingalan Caluang
30.216257,30.373242031296115,-0.15698503129611652,311715.0,653805.0,Kalingalan Caluang
30.027596,30.439653157271163,-0.412057157271164,312015.0,653805.0,Kalingalan Caluang
29.624489,29.95995897207394,-0.33546997207394114,312315.0,653805.0,Kalingalan Caluang
30.039871,30.700310971405877,-0.6604399714058751,312615.0,653805.0,Kalingalan Caluang
30.423092,30.966627024415235,-0.5435350244152346,312915.0,653805.0,Kalingalan Caluang
31.38197,31.372023512973776,0.009946487026223139,313215.0,653805.0,Kalingalan Caluang
31.83969,31.216093369743714,0.6235966302562872,313515.0,653805.0,Kalingalan Caluang
32.345165,31.72299408474148,0.622170915258522,313815.0,653805.0,Kalingalan Caluang
33.515865,32.6710294462671,0.8448355537328993,314115.0,653805.0,Kalingalan Caluang
33.27918,32.663717580669044,0.615462419330953,314415.0,653805.0,Luuk
32.882057,32.767145188755585,0.11491181124441852,314715.0,653805.0,Luuk
34.826595,33.51265811411951,1.3139368858804872,315015.0,653805.0,Luuk
34.00238,33.38734821636471,0.6150317836352954,315315.0,653805.0,Luuk
33.34872,32.394460035241984,0.9542599647580161,315615.0,653805.0,Luuk
33.613483,33.14449203416847,0.4689909658315301,315915.0,653805.0,Luuk
34.05543,32.022641507773415,2.0327884922265866,316215.0,653805.0,Luuk
34.56719,34.83791992963375,-0.2707299296337524,316515.0,653805.0,Luuk
33.949234,34.810050979505434,-0.8608169795054366,316815.0,653805.0,Luuk
35.56561,34.3071310297695,1.2584789702304988,317115.0,653805.0,Luuk
32.011547,32.05414853223455,-0.04260153223454921,320415.0,653805.0,Omar
31.084063,31.3825073949375,-0.2984443949375013,320715.0,653805.0,Omar
31.277342,30.27545904823674,1.0018829517632604,321015.0,653805.0,
33.092476,35.15033223018643,-2.057856230186431,269115.0,653505.0,Parang
32.727985,34.46483712684087,-1.7368521268408728,269415.0,653505.0,Parang
32.928596,34.32600455979903,-1.3974085597990324,269715.0,653505.0,Parang
31.909548,32.95262524171912,-1.0430772417191179,270015.0,653505.0,Parang
32.154297,33.41452365816782,-1.2602266581678236,270315.0,653505.0,Parang
31.062767,32.45567547894366,-1.39290847894366,270615.0,653505.0,Parang
31.84391,33.42219749947078,-1.5782874994707754,270915.0,653505.0,Parang
32.066525,31.734202549534782,0.3323224504652167,271215.0,653505.0,Parang
32.93663,33.7598858311893,-0.8232558311893001,271515.0,653505.0,Parang
32.606636,33.13009541933073,-0.5234594193307274,271815.0,653505.0,Parang
32.401993,32.816096975896585,-0.41410397589658743,272115.0,653505.0,Parang
34.186848,35.471594070641764,-1.2847460706417664,272415.0,653505.0,Parang
35.024307,33.197767412590245,1.826539587409755,272715.0,653505.0,Parang
35.53059,35.27365168558621,0.25693831441378734,273015.0,653505.0,Parang
37.176792,36.865811551306074,0.3109804486939254,273315.0,653505.0,Parang
38.35021,36.915260828478466,1.4349491715215308,273615.0,653505.0,Parang
38.483356,36.12045254233383,2.362903457666171,273915.0,653505.0,Parang
36.6876,35.96642418741496,0.7211758125850452,274215.0,653505.0,Parang
34.82358,34.93373077680765,-0.11015077680765017,274515.0,653505.0,Parang
35.628147,35.38563638061097,0.24251061938903007,274815.0,653505.0,Parang
36.036766,36.05132328006185,-0.014557280061850975,275115.0,653505.0,Parang
35.738358,34.41361925756444,1.3247387424355566,275415.0,653505.0,Parang
35.46618,34.74982867949255,0.7163513205074494,275715.0,653505.0,Parang
36.996532,35.06149341173575,1.9350385882642485,276015.0,653505.0,Parang
35.25388,35.488037865120475,-0.23415786512047276,276315.0,653505.0,Maimbung
35.567528,33.80730410679295,1.7602238932070549,276615.0,653505.0,Maimbung
29.751148,30.575689421288995,-0.8245414212889948,283815.0,653505.0,Maimbung
30.89417,31.085444113402968,-0.19127411340296874,284115.0,653505.0,Talipao
31.50101,32.47281192608475,-0.9718019260847512,284415.0,653505.0,Talipao
32.81276,34.240615271021404,-1.4278552710214072,284715.0,653505.0,Talipao
35.660877,36.45745574175017,-0.7965787417501673,285015.0,653505.0,Talipao
34.28683,35.10794925777008,-0.8211192577700785,285315.0,653505.0,Talipao
34.747974,35.840415000373056,-1.0924410003730571,285615.0,653505.0,Talipao
34.012302,35.00922979745442,-0.9969277974544184,285915.0,653505.0,Talipao
34.047226,33.48261883416987,0.5646071658301324,286215.0,653505.0,Talipao
36.599106,36.441411922545754,0.15769407745424502,286515.0,653505.0,Talipao
36.826992,35.827137114756454,0.9998548852435434,286815.0,653505.0,Talipao
36.06595,34.84330885988592,1.222641140114078,287115.0,653505.0,Talipao
34.82672,34.412270686399694,0.4144493136003078,287415.0,653505.0,Talipao
34.785366,35.63097185539035,-0.845605855390346,287715.0,653505.0,Talipao
36.1704,36.277258930093815,-0.10685893009381431,288015.0,653505.0,Talipao
37.435986,35.758938752856885,1.6770472471431148,288315.0,653505.0,Talipao
37.10987,36.37308477331568,0.7367852266843187,288615.0,653505.0,Talipao
35.21165,36.55738802257104,-1.345738022571041,288915.0,653505.0,Talipao
35.39089,35.850115408018084,-0.4592254080180851,289215.0,653505.0,Talipao
36.503498,37.45764212068862,-0.9541441206886176,289515.0,653505.0,Talipao
35.701515,37.33928873484645,-1.6377737348464478,289815.0,653505.0,Talipao
33.507286,32.536084846088364,0.9712011539116361,290115.0,653505.0,Talipao
33.354164,32.933522716667476,0.4206412833325217,290415.0,653505.0,Talipao
34.98324,33.40978389401891,1.5734561059810943,290715.0,653505.0,Talipao
31.49886,31.16475775931374,0.33410224068625993,291015.0,653505.0,Talipao
32.153748,32.851450764693475,-0.6977027646934744,291315.0,653505.0,Talipao
30.836071,31.817982885859255,-0.9819118858592546,291615.0,653505.0,Talipao
30.646252,32.177726203868986,-1.531474203868985,291915.0,653505.0,Talipao
31.361086,32.16329120552615,-0.8022052055261497,292215.0,653505.0,Talipao
29.946007,33.62740488215399,-3.6813978821539877,292515.0,653505.0,Talipao
33.274967,32.8538772359016,0.42108976409839727,292815.0,653505.0,Talipao
31.06833,32.03886620264944,-0.9705362026494377,293115.0,653505.0,Talipao
33.24489,32.694302321949806,0.5505876780501922,305415.0,653505.0,Kalingalan Caluang
33.772984,33.62395466000947,0.14902933999053403,305715.0,653505.0,Kalingalan Caluang
33.99552,32.82288897084633,1.1726310291536706,306015.0,653505.0,Kalingalan Caluang
33.278637,32.48008001748224,0.7985569825177663,306315.0,653505.0,Kalingalan Caluang
34.095615,32.50268252003277,1.5929324799672315,306615.0,653505.0,Kalingalan Caluang
35.73278,34.614688266039735,1.118091733960263,306915.0,653505.0,Kalingalan Caluang
34.180553,32.73096263932128,1.4495903606787266,307815.0,653505.0,Kalingalan Caluang
34.16564,33.13523129113815,1.0304087088618559,308115.0,653505.0,Kalingalan Caluang
32.433056,31.425314681713306,1.007741318286694,309315.0,653505.0,Kalingalan Caluang
31.747263,31.183912880169917,0.5633501198300834,309615.0,653505.0,Kalingalan Caluang
30.614647,30.8004742674257,-0.18582726742569733,309915.0,653505.0,Kalingalan Caluang
31.036016,32.17938815700519,-1.1433721570051922,310215.0,653505.0,Kalingalan Caluang
32.3723,30.596800061642412,1.7754999383575907,310515.0,653505.0,Kalingalan Caluang
31.344524,30.473710242046817,0.8708137579531829,310815.0,653505.0,Kalingalan Caluang
30.719667,30.427342703539733,0.2923242964602686,311115.0,653505.0,Kalingalan Caluang
30.371643,31.018502790817386,-0.6468597908173876,311415.0,653505.0,Kalingalan Caluang
29.036009,29.403574282873922,-0.3675652828739224,311715.0,653505.0,Kalingalan Caluang
29.332655,28.954863956226156,0.3777910437738434,312015.0,653505.0,Kalingalan Caluang
29.976469,30.19241877131815,-0.2159497713181473,312315.0,653505.0,Kalingalan Caluang
30.108202,30.747879436080225,-0.6396774360802269,312615.0,653505.0,Kalingalan Caluang
32.849125,32.72111909442489,0.12800590557510816,312915.0,653505.0,Kalingalan Caluang
32.530552,32.21586465800468,0.31468734199531667,313215.0,653505.0,Kalingalan Caluang
32.299347,31.138553058158546,1.160793941841451,313515.0,653505.0,Kalingalan Caluang
33.415318,32.81255525608549,0.6027627439145107,313815.0,653505.0,Kalingalan Caluang
33.371155,31.796361827714748,1.5747931722852542,314115.0,653505.0,Kalingalan Caluang
34.215862,33.25168653882844,0.964175461171564,314415.0,653505.0,Kalingalan Caluang
34.633133,35.086850854225744,-0.4537178542257436,314715.0,653505.0,Luuk
33.870995,33.8330720564789,0.037922943521103036,315015.0,653505.0,Luuk
34.76368,34.349734221892994,0.4139457781070064,315315.0,653505.0,Luuk
34.512226,33.72072454698291,0.7915014530170907,315615.0,653505.0,Luuk
34.47608,32.498162014647455,1.9779179853525477,315915.0,653505.0,Luuk
33.375008,33.00167802217302,0.37332997782698385,316215.0,653505.0,Luuk
34.394554,33.81487058303739,0.5796834169626095,316515.0,653505.0,Luuk
31.548727,31.65503573829337,-0.10630873829337162,320115.0,653505.0,Omar
30.697218,31.10451735344207,-0.40729935344207036,320415.0,653505.0,Omar
31.09903,31.63952623661337,-0.5404962366133717,320715.0,653505.0,Omar
31.200644,31.323589604176956,-0.12294560417695521,321015.0,653505.0,Omar
35.324326,31.575862366253524,3.748463633746475,321315.0,653505.0,Omar
31.148405,32.35889665639905,-1.2104916563990464,269115.0,653205.0,Parang
34.98891,34.681763541509774,0.30714645849022304,269415.0,653205.0,Parang
33.57954,34.66188441856244,-1.0823444185624354,269715.0,653205.0,Parang
32.906628,32.53057574097314,0.37605225902685646,270015.0,653205.0,Parang
32.103786,33.830018065305204,-1.7262320653052043,270315.0,653205.0,Parang
32.064182,34.289954471509716,-2.225772471509714,270615.0,653205.0,Parang
32.10257,33.12931640130624,-1.0267464013062408,270915.0,653205.0,Parang
32.862087,34.841660089497616,-1.9795730894976131,271215.0,653205.0,Parang
34.063156,33.75215526986108,0.3110007301389217,271515.0,653205.0,Parang
33.061226,33.519784067632095,-0.4585580676320973,271815.0,653205.0,Parang
34.645527,35.06707476983467,-0.42154776983466746,272115.0,653205.0,Parang
34.995613,34.26428403599458,0.7313289640054208,272415.0,653205.0,Parang
35.970825,35.736983747577604,0.23384125242239406,272715.0,653205.0,Parang
34.44897,34.49711062995543,-0.04814062995542656,273015.0,653205.0,Parang
35.567116,34.033420732283226,1.533695267716773,273315.0,653205.0,Parang
36.782562,35.46113103746427,1.3214309625357288,273615.0,653205.0,Parang
37.498352,36.001497313826874,1.4968546861731227,273915.0,653205.0,Parang
37.54497,36.61530016827597,0.9296698317240271,274215.0,653205.0,Parang
36.2335,33.22646858449975,3.0070314155002507,274515.0,653205.0,Parang
35.647327,33.4570325823179,2.1902944176820967,274815.0,653205.0,Parang
36.019974,34.09381704030671,1.9261569596932873,275115.0,653205.0,Parang
37.160637,36.23463658452174,0.9260004154782635,275415.0,653205.0,Parang
38.585945,36.461361740492755,2.124583259507247,276015.0,653205.0,Maimbung
30.986563,31.624590504873662,-0.6380275048736621,283815.0,653205.0,Talipao
30.70435,31.47176783991754,-0.7674178399175382,284115.0,653205.0,Talipao
31.172451,31.861485771240574,-0.6890347712405749,284415.0,653205.0,Talipao
30.669525,31.964360470704285,-1.2948354707042853,284715.0,653205.0,Talipao
32.124306,34.3313615682119,-2.2070555682119064,285015.0,653205.0,Talipao
33.87623,34.7704134504489,-0.8941834504488995,285315.0,653205.0,Talipao
34.884895,35.538187230767285,-0.6532922307672848,285615.0,653205.0,Talipao
36.140923,36.82923189069373,-0.688308890693726,285915.0,653205.0,Talipao
34.171616,35.57524923472677,-1.4036332347267688,286215.0,653205.0,Talipao
35.628006,35.673605890155905,-0.0455998901559056,286515.0,653205.0,Talipao
35.791313,35.553406148030206,0.23790685196979666,286815.0,653205.0,Talipao
38.22248,36.02907884015109,2.1934011598489107,287115.0,653205.0,Talipao
34.74284,34.55686193477081,0.18597806522919313,287415.0,653205.0,Talipao
35.91633,36.05070102114645,-0.13437102114644972,287715.0,653205.0,Talipao
36.550953,34.68147468424814,1.8694783157518629,288015.0,653205.0,Talipao
35.47378,37.040520910790505,-1.5667409107905073,288315.0,653205.0,Talipao
36.275085,32.45793839048871,3.8171466095112905,288615.0,653205.0,Talipao
33.847137,32.841335678994575,1.0058013210054213,288915.0,653205.0,Talipao
35.414158,35.19973455314205,0.21442344685794978,289215.0,653205.0,Talipao
34.423584,34.436363195571104,-0.012779195571106072,289515.0,653205.0,Talipao
33.842644,33.433583132929265,0.4090608670707354,289815.0,653205.0,Talipao
32.826572,32.21981188656967,0.606760113430326,290115.0,653205.0,Talipao
30.699677,31.18712923313978,-0.48745223313977704,290415.0,653205.0,Talipao
30.665241,31.46902060893805,-0.8037796089380471,290715.0,653205.0,Talipao
30.984781,31.273902049490392,-0.2891210494903902,291315.0,653205.0,Talipao
30.933924,31.776057047612515,-0.8421330476125135,291615.0,653205.0,Talipao
30.465809,30.77927570903571,-0.3134667090357084,291915.0,653205.0,Talipao
30.032736,31.415818327931976,-1.3830823279319766,292215.0,653205.0,Talipao
30.206923,31.909000287389688,-1.702077287389688,292515.0,653205.0,Talipao
30.590746,30.933791215045982,-0.34304521504598284,304515.0,653205.0,
33.898727,33.3116999746462,0.5870270253537981,305415.0,653205.0,Kalingalan Caluang
32.75139,30.991254764769604,1.760135235230397,305715.0,653205.0,Kalingalan Caluang
34.270508,33.94641694245728,0.3240910575427165,306015.0,653205.0,Kalingalan Caluang
34.059937,33.84398477270661,0.2159522272933856,306315.0,653205.0,Kalingalan Caluang
34.51907,33.453896696130364,1.065173303869635,306615.0,653205.0,Kalingalan Caluang
33.92377,32.09056461755175,1.8332053824482486,307515.0,653205.0,Kalingalan Caluang
33.882027,33.561193681674524,0.32083331832547657,307815.0,653205.0,Kalingalan Caluang
33.468346,33.21234997849132,0.25599602150867895,308115.0,653205.0,Kalingalan Caluang
32.420208,31.963348526021004,0.45685947397899795,308415.0,653205.0,Kalingalan Caluang
32.24983,31.228608347781584,1.0212216522184185,308715.0,653205.0,Kalingalan Caluang
32.7904,31.600757271736967,1.1896427282630313,309015.0,653205.0,Kalingalan Caluang
31.703148,31.136482555764783,0.5666654442352161,309315.0,653205.0,Kalingalan Caluang
32.552864,31.16439990417458,1.3884640958254195,309615.0,653205.0,Kalingalan Caluang
31.297823,30.730721357974126,0.5671016420258752,309915.0,653205.0,Kalingalan Caluang
31.78888,29.598466943031717,2.190413056968282,310215.0,653205.0,Kalingalan Caluang
31.456291,30.06074796949186,1.39554303050814,310515.0,653205.0,Kalingalan Caluang
30.88096,29.762047797470657,1.1189122025293443,310815.0,653205.0,Kalingalan Caluang
30.932425,30.609378157912726,0.3230468420872725,311115.0,653205.0,Kalingalan Caluang
30.176834,29.879173413839318,0.29766058616068136,311415.0,653205.0,Kalingalan Caluang
30.0757,29.76339230292036,0.31230769707964257,311715.0,653205.0,Kalingalan Caluang
29.616076,30.08274158526311,-0.46666558526311164,312015.0,653205.0,Kalingalan Caluang
30.221577,30.350990559930008,-0.1294135599300077,312315.0,653205.0,Kalingalan Caluang
30.057337,31.2091215559004,-1.1517845559003987,312615.0,653205.0,Kalingalan Caluang
31.825596,31.66055532725082,0.165040672749182,312915.0,653205.0,Kalingalan Caluang
32.5859,31.04077065776275,1.545129342237253,313215.0,653205.0,Kalingalan Caluang
33.804718,31.710070640700998,2.094647359299003,313515.0,653205.0,Kalingalan Caluang
32.962082,32.25458584236443,0.7074961576355747,313815.0,653205.0,Kalingalan Caluang
33.695587,32.416090869864604,1.2794961301353993,314115.0,653205.0,Kalingalan Caluang
35.071827,34.15866055839198,0.9131664416080199,314415.0,653205.0,Kalingalan Caluang
34.736393,34.42292787615268,0.3134651238473225,314715.0,653205.0,Kalingalan Caluang
34.17015,34.6213677671583,-0.45121776715829753,315015.0,653205.0,Luuk
34.415382,34.377903381791114,0.03747861820888687,315315.0,653205.0,Luuk
35.554058,34.171980537130885,1.3820774628691126,315615.0,653205.0,Luuk
34.82899,34.46856037692033,0.36042962307966775,315915.0,653205.0,Luuk
36.39159,37.24945056434854,-0.8578605643485417,316215.0,653205.0,Luuk
36.932587,30.76284084739347,6.169746152606528,320415.0,653205.0,Omar
30.562975,30.97616070175163,-0.4131857017516296,320715.0,653205.0,Omar
31.558947,31.432945102309176,0.12600189769082348,321015.0,653205.0,Omar
33.506054,34.54571355634167,-1.0396595563416682,269415.0,652905.0,Parang
33.89769,32.91346673949534,0.9842232605046561,269715.0,652905.0,Parang
32.8909,33.5794174422451,-0.6885174422451001,270015.0,652905.0,Parang
32.121822,34.16604746816015,-2.0442254681601497,270315.0,652905.0,Parang
33.043175,34.409427370499614,-1.3662523704996161,270615.0,652905.0,Parang
33.43142,33.76538200239872,-0.33396200239871376,270915.0,652905.0,Parang
34.130814,34.80150870358763,-0.6706947035876283,271215.0,652905.0,Parang
33.112717,34.57745980444129,-1.4647428044412862,271515.0,652905.0,Parang
34.349712,34.655525790084546,-0.30581379008454945,271815.0,652905.0,Parang
35.093567,35.42260113942579,-0.3290341394257865,272115.0,652905.0,Parang
35.407288,34.32008370688617,1.0872042931138282,272415.0,652905.0,Parang
36.74068,36.06858529359305,0.6720947064069449,272715.0,652905.0,Parang
35.55128,34.18501604381832,1.366263956181676,273015.0,652905.0,Parang
36.03635,33.379356866166454,2.656993133833545,273315.0,652905.0,Parang
34.969906,35.658837384568045,-0.6889313845680434,273615.0,652905.0,Parang
34.848152,34.88055830662412,-0.03240630662411803,273915.0,652905.0,Parang
33.536766,34.8467484597263,-1.3099824597262995,274215.0,652905.0,Parang
36.45446,35.72813735648034,0.7263226435196586,274515.0,652905.0,Parang
35.35134,30.960284538810328,4.391055461189673,274815.0,652905.0,Parang
28.796087,30.564646787430966,-1.7685597874309664,284115.0,652905.0,
30.939634,31.496485647598906,-0.5568516475989043,285015.0,652905.0,Talipao
31.823845,31.549876646976198,0.2739683530238004,285315.0,652905.0,Talipao
33.363976,33.33030116816494,0.03367483183506437,285615.0,652905.0,Talipao
33.167133,32.469672270721446,0.6974607292785535,285915.0,652905.0,Talipao
33.661118,33.499324215313656,0.16179378468634553,286215.0,652905.0,Talipao
35.87965,34.94796699525591,0.9316830047440874,286515.0,652905.0,Talipao
34.28861,34.30608366942153,-0.017473669421534055,286815.0,652905.0,Talipao
34.745945,34.53394508453579,0.2119999154642116,287115.0,652905.0,Talipao
35.92162,36.21605690454538,-0.2944369045453854,287415.0,652905.0,Talipao
34.898567,36.7253572716907,-1.8267902716906974,287715.0,652905.0,Talipao
34.584496,33.008701156322786,1.5757948436772153,288015.0,652905.0,Talipao
32.497,32.16927847182136,0.32772152817864253,288315.0,652905.0,Talipao
37.50346,36.84638657204572,0.6570734279542734,288615.0,652905.0,Talipao
32.988346,33.02318204465061,-0.03483604465061063,288915.0,652905.0,Talipao
34.494156,34.07139545790517,0.42276054209482794,289215.0,652905.0,Talipao
34.851814,33.0251811313943,1.8266328686056994,289515.0,652905.0,Talipao
33.920155,33.55583315981903,0.36432184018097047,289815.0,652905.0,Talipao
32.844353,31.660205907755635,1.1841470922443627,290115.0,652905.0,Talipao
31.346128,31.62925044944255,-0.28312244944255127,290415.0,652905.0,Talipao
30.947454,31.032509226179464,-0.08505522617946326,290715.0,652905.0,Talipao
33.274376,33.52017291590253,-0.24579691590253105,304515.0,652905.0,Kalingalan Caluang
34.203854,33.644536071323216,0.5593179286767835,304815.0,652905.0,Kalingalan Caluang
33.788082,32.72451210687336,1.0635698931266404,305115.0,652905.0,Kalingalan Caluang
32.89166,32.20838341641063,0.6832765835893682,305415.0,652905.0,Kalingalan Caluang
33.797745,32.686348320313634,1.111396679686365,305715.0,652905.0,Kalingalan Caluang
34.729153,34.6287424877873,0.10041051221269726,306315.0,652905.0,Kalingalan Caluang
34.29097,32.82169121898013,1.4692787810198737,306615.0,652905.0,Kalingalan Caluang
34.79472,34.40932425140863,0.38539574859137105,307515.0,652905.0,Kalingalan Caluang
33.996044,32.06767164290722,1.9283723570927762,307815.0,652905.0,Kalingalan Caluang
34.60085,33.093086686121886,1.5077633138781152,308115.0,652905.0,Kalingalan Caluang
32.504986,31.85885229140287,0.6461337085971337,308415.0,652905.0,Kalingalan Caluang
33.007893,31.71349060382743,1.294402396172572,308715.0,652905.0,Kalingalan Caluang
33.520866,32.59843925242164,0.9224267475783563,309015.0,652905.0,Kalingalan Caluang
31.844887,31.385871041077806,0.45901595892219405,309315.0,652905.0,Kalingalan Caluang
32.374954,32.075221887169334,0.29973211283066803,309615.0,652905.0,Kalingalan Caluang
31.754328,31.750877225674575,0.0034507743254259537,309915.0,652905.0,Kalingalan Caluang
30.80687,30.244472159599894,0.5623978404001058,310215.0,652905.0,Kalingalan Caluang
31.366766,31.842288810081797,-0.47552281008179875,310515.0,652905.0,Kalingalan Caluang
31.0692,30.270801611313317,0.7983983886866817,310815.0,652905.0,Kalingalan Caluang
30.776031,30.33252084776181,0.4435101522381899,311115.0,652905.0,Kalingalan Caluang
30.87429,30.633677071553183,0.24061292844681503,311415.0,652905.0,Kalingalan Caluang
30.299036,30.1215122434985,0.17752375650150043,311715.0,652905.0,Kalingalan Caluang
29.831215,30.70394515306984,-0.8727301530698384,312015.0,652905.0,Kalingalan Caluang
30.638786,31.48966960411727,-0.8508836041172714,312315.0,652905.0,Kalingalan Caluang
31.298347,30.86579016742156,0.43255683257843813,312615.0,652905.0,Kalingalan Caluang
31.558651,31.15767047400088,0.4009805259991204,312915.0,652905.0,Kalingalan Caluang
32.886024,32.865647998142364,0.020376001857634662,313215.0,652905.0,Kalingalan Caluang
33.705112,32.24903197425786,1.4560800257421391,313515.0,652905.0,Kalingalan Caluang
34.145676,33.10870251326943,1.0369734867305738,313815.0,652905.0,Kalingalan Caluang
34.861214,34.974758714616115,-0.11354471461611837,314115.0,652905.0,Kalingalan Caluang
34.43483,34.47568325828547,-0.04085325828547326,314415.0,652905.0,Kalingalan Caluang
34.867447,32.18800657448702,2.679440425512979,314715.0,652905.0,Kalingalan Caluang
33.946106,33.34635393150692,0.5997520684930819,315015.0,652905.0,Luuk
34.10836,34.803037666294074,-0.6946776662940763,315315.0,652905.0,Luuk
34.708294,34.63641993366521,0.07187406633479299,315615.0,652905.0,Luuk
34.72224,34.271489458127256,0.4507505418727433,315915.0,652905.0,Luuk
30.619886,32.19372400807179,-1.5738380080717889,320715.0,652905.0,Omar
31.350792,31.962283195379054,-0.611491195379056,321015.0,652905.0,Omar
31.89079,33.23436326335285,-1.343573263352848,269415.0,652605.0,Parang
33.974403,33.81176347957219,0.16263952042780971,269715.0,652605.0,Parang
32.93813,37.41565172325366,-4.477521723253659,270015.0,652605.0,Parang
32.72827,32.730095310892295,-0.0018253108922934302,270315.0,652605.0,Parang
32.464405,32.93838521080465,-0.4739802108046476,270615.0,652605.0,Parang
37.83106,34.75227806789892,3.07878193210108,270915.0,652605.0,Parang
34.129223,34.49457677324398,-0.36535377324397444,271215.0,652605.0,Parang
34.219604,34.70504491274664,-0.4854409127466397,271515.0,652605.0,Parang
34.250988,34.5596566456676,-0.308668645667602,271815.0,652605.0,Parang
34.250126,35.483398495769386,-1.2332724957693841,272115.0,652605.0,Parang
35.180233,35.67793395542133,-0.49770095542132964,272415.0,652605.0,Parang
34.87549,35.146015027991304,-0.2705250279913045,272715.0,652605.0,Parang
35.811626,34.29930577316771,1.512320226832287,273015.0,652605.0,Parang
36.61264,37.04772217198673,-0.4350821719867284,273315.0,652605.0,Parang
36.001034,34.140444964311044,1.8605890356889532,273615.0,652605.0,Parang
30.659975,32.07668296021727,-1.4167079602172699,284715.0,652605.0,Talipao
31.821777,31.131024831487867,0.6907521685121338,285015.0,652605.0,Talipao
32.185238,32.194688230333604,-0.009450230333605703,285315.0,652605.0,Talipao
31.601639,31.137786053815844,0.4638529461841543,285615.0,652605.0,Talipao
31.632961,31.662252646517288,-0.02929164651728655,285915.0,652605.0,Talipao
31.735256,32.4142950710601,-0.6790390710601031,286215.0,652605.0,Talipao
35.661774,36.68499366609369,-1.0232196660936879,286515.0,652605.0,Talipao
33.921303,31.941487494626536,1.979815505373466,286815.0,652605.0,Talipao
34.347233,33.37048542414211,0.9767475758578925,287115.0,652605.0,Talipao
34.519558,32.29962270970597,2.219935290294032,287415.0,652605.0,Talipao
33.176273,33.27686846024631,-0.10059546024631061,288315.0,652605.0,Talipao
33.82143,32.97771665096846,0.8437133490315389,288615.0,652605.0,Talipao
33.133526,32.84646077843827,0.28706522156173264,289215.0,652605.0,Talipao
33.586094,33.85997615281809,-0.27388215281808925,289515.0,652605.0,Talipao
35.629726,32.747574630593704,2.8821513694062944,289815.0,652605.0,Talipao
31.171686,31.505998849414205,-0.3343128494142036,290415.0,652605.0,Talipao
30.123493,31.693538038636692,-1.5700450386366924,290715.0,652605.0,Talipao
31.406073,31.138434804840056,0.26763819515994314,304515.0,652605.0,Kalingalan Caluang
33.14845,34.13614923675666,-0.9876992367566615,304815.0,652605.0,Kalingalan Caluang
33.918827,33.73920654183219,0.17962045816781114,305115.0,652605.0,Kalingalan Caluang
32.96649,31.93228596786135,1.0342040321386499,305415.0,652605.0,Kalingalan Caluang
33.718445,33.37078553749053,0.3476594625094762,305715.0,652605.0,Kalingalan Caluang
34.60639,34.23817610847137,0.36821389152862594,306615.0,652605.0,Kalingalan Caluang
36.30862,33.22138391043239,3.087236089567611,306915.0,652605.0,Kalingalan Caluang
38.215393,35.330303737733814,2.8850892622661846,307215.0,652605.0,Kalingalan Caluang
34.26399,32.976673865683075,1.2873161343169244,307515.0,652605.0,Kalingalan Caluang
34.515,34.34500373983091,0.16999626016909275,307815.0,652605.0,Kalingalan Caluang
33.35448,32.54874334475233,0.8057366552476708,308115.0,652605.0,Kalingalan Caluang
33.91675,33.07247202425395,0.8442779757460528,308415.0,652605.0,Kalingalan Caluang
34.07955,32.711738035930615,1.3678119640693822,308715.0,652605.0,Kalingalan Caluang
33.160053,31.88488989860561,1.2751631013943872,309015.0,652605.0,Kalingalan Caluang
32.271225,31.860946867450764,0.4102781325492373,309315.0,652605.0,Kalingalan Caluang
32.206726,31.50511783087553,0.7016081691244729,309615.0,652605.0,Kalingalan Caluang
30.291767,30.67790558141164,-0.3861385814116396,309915.0,652605.0,Kalingalan Caluang
32.441814,32.665012187878034,-0.22319818787803314,310215.0,652605.0,Kalingalan Caluang
30.832394,31.34550809855076,-0.5131140985507585,310515.0,652605.0,Kalingalan Caluang
30.956123,31.995469435628653,-1.0393464356286515,310815.0,652605.0,Kalingalan Caluang
31.802275,31.11234687562617,0.6899281243738322,311115.0,652605.0,Kalingalan Caluang
31.152296,30.881857757809378,0.27043824219062174,311415.0,652605.0,Kalingalan Caluang
30.627832,30.80069268273376,-0.17286068273375932,311715.0,652605.0,Kalingalan Caluang
30.276068,29.91314408944271,0.36292391055728856,312015.0,652605.0,Kalingalan Caluang
30.47537,30.951127640397285,-0.4757576403972834,312315.0,652605.0,Kalingalan Caluang
31.898964,31.383449498344905,0.5155145016550939,312615.0,652605.0,Kalingalan Caluang
32.400322,33.357919635655776,-0.9575976356557732,312915.0,652605.0,Kalingalan Caluang
32.710255,31.621275442262906,1.0889795577370904,313215.0,652605.0,Kalingalan Caluang
33.921833,34.36026724900996,-0.4384342490099584,313515.0,652605.0,Kalingalan Caluang
34.30644,34.78583239322474,-0.47939239322473526,313815.0,652605.0,Kalingalan Caluang
34.142616,33.733874788361305,0.4087412116386915,314115.0,652605.0,Kalingalan Caluang
34.328,32.76280403297283,1.5651959670271722,314415.0,652605.0,Kalingalan Caluang
33.674507,32.691378774742965,0.9831282252570333,314715.0,652605.0,Kalingalan Caluang
34.28541,33.20168146311171,1.0837285368882874,315015.0,652605.0,Kalingalan Caluang
34.22222,35.21941805336946,-0.9971980533694591,315315.0,652605.0,Luuk
33.99825,33.89693048446092,0.1013195155390818,315615.0,652605.0,Luuk
36.4649,36.102078660888026,0.36282133911197434,269715.0,652305.0,Parang
32.87606,32.75953016179934,0.11652983820066254,270015.0,652305.0,Parang
33.11518,34.95345380201416,-1.8382738020141574,270315.0,652305.0,Parang
32.987103,33.555165468873554,-0.5680624688735563,270615.0,652305.0,Parang
32.28322,32.823758192372985,-0.5405381923729848,270915.0,652305.0,Parang
33.252964,33.59443223909662,-0.3414682390966206,271215.0,652305.0,Parang
34.052647,34.41038961013493,-0.3577426101349275,271515.0,652305.0,Parang
35.139317,36.29537680864579,-1.156059808645793,271815.0,652305.0,Parang
34.849792,35.21400271983661,-0.36421071983660624,272115.0,652305.0,Parang
36.18869,35.388864952944274,0.7998250470557267,272415.0,652305.0,Parang
36.877377,36.815045400345056,0.0623315996549465,272715.0,652305.0,Parang
31.847366,34.13530989831296,-2.2879438983129603,273015.0,652305.0,Parang
30.899256,31.21646435074457,-0.31720835074456843,284715.0,652305.0,Talipao
31.131784,33.466976703282384,-2.3351927032823845,285015.0,652305.0,Talipao
30.942268,31.404771834501133,-0.46250383450113475,285315.0,652305.0,Talipao
31.693163,32.02838763221772,-0.3352246322177237,285615.0,652305.0,Talipao
31.144209,31.88292109743701,-0.7387120974370092,285915.0,652305.0,Talipao
30.933254,31.32728254107327,-0.39402854107326846,286215.0,652305.0,Talipao
34.406487,33.875935763462735,0.5305512365372635,286515.0,652305.0,Talipao
29.341764,31.531295777629385,-2.1895317776293837,288315.0,652305.0,Talipao
29.490814,32.17540829390257,-2.6845942939025704,288915.0,652305.0,Talipao
30.217798,32.29156080109295,-2.0737628010929505,289215.0,652305.0,Talipao
30.576456,31.612061411613073,-1.0356054116130728,289515.0,652305.0,Talipao
29.064362,30.96566434185199,-1.9013023418519914,290115.0,652305.0,Talipao
33.41954,34.39568831653191,-0.976148316531912,304815.0,652305.0,Kalingalan Caluang
33.814667,33.78091812330698,0.03374887669301785,305115.0,652305.0,Kalingalan Caluang
33.896034,33.41263599262018,0.48339800737981875,305415.0,652305.0,Kalingalan Caluang
33.614418,33.58782833066619,0.02658966933380924,305715.0,652305.0,Kalingalan Caluang
34.386303,32.796085375607646,1.590217624392352,306615.0,652305.0,Kalingalan Caluang
35.5609,33.450413136320996,2.110486863679,306915.0,652305.0,Kalingalan Caluang
34.71905,32.459035200033,2.260014799967003,307215.0,652305.0,Kalingalan Caluang
34.39879,33.546085046649175,0.8527049533508233,307515.0,652305.0,Kalingalan Caluang
34.78997,34.219503968297246,0.5704660317027503,307815.0,652305.0,Kalingalan Caluang
33.747543,34.42398732248985,-0.67644432248985,308715.0,652305.0,Kalingalan Caluang
33.13395,31.05723565791881,2.076714342081189,309015.0,652305.0,Kalingalan Caluang
32.886467,31.433172884381854,1.4532941156181494,309315.0,652305.0,Kalingalan Caluang
32.68788,31.355674815127283,1.3322051848727163,309615.0,652305.0,Kalingalan Caluang
31.383741,32.66254511054236,-1.2788041105423602,309915.0,652305.0,Kalingalan Caluang
32.275394,31.551666295351797,0.7237277046482014,310215.0,652305.0,Kalingalan Caluang
31.070425,30.361795621004795,0.7086293789952052,310515.0,652305.0,Kalingalan Caluang
32.786613,32.658823532539024,0.1277894674609783,310815.0,652305.0,Kalingalan Caluang
31.070072,30.514385014807353,0.5556869851926471,311115.0,652305.0,Kalingalan Caluang
31.840044,31.078520840995708,0.761523159004291,311415.0,652305.0,Kalingalan Caluang
32.0276,31.087265507838474,0.9403344921615258,311715.0,652305.0,Kalingalan Caluang
30.687738,30.093200226699963,0.5945377733000363,312015.0,652305.0,Kalingalan Caluang
31.964975,31.692511284369008,0.27246371563099103,312315.0,652305.0,Kalingalan Caluang
32.28828,31.24314127043277,1.0451387295672312,312615.0,652305.0,Kalingalan Caluang
32.532776,31.989676633869514,0.5430993661304839,312915.0,652305.0,Kalingalan Caluang
33.920486,34.40792429448056,-0.48743829448056175,313215.0,652305.0,Kalingalan Caluang
33.702198,33.87559588867266,-0.17339788867266037,313515.0,652305.0,Kalingalan Caluang
34.36714,34.78056815888707,-0.4134281588870721,313815.0,652305.0,Kalingalan Caluang
33.947857,32.22530385762549,1.7225531423745082,314115.0,652305.0,Kalingalan Caluang
35.59819,35.78481158609894,-0.1866215860989371,314415.0,652305.0,Kalingalan Caluang
35.39266,34.305183509063454,1.0874764909365453,314715.0,652305.0,Kalingalan Caluang
33.1208,34.678646942000356,-1.557846942000353,269715.0,652005.0,Parang
37.476036,38.187906111085965,-0.7118701110859647,270015.0,652005.0,Parang
34.114845,34.445697050403396,-0.3308520504033936,270315.0,652005.0,Parang
36.54148,34.067041899348006,2.4744381006519944,270615.0,652005.0,Parang
34.18198,34.6186492478335,-0.4366692478334997,270915.0,652005.0,Parang
35.60112,35.618785138444,-0.017665138443994977,271215.0,652005.0,Parang
33.734455,34.48012176780902,-0.7456667678090199,271515.0,652005.0,Parang
35.632008,35.3624026633819,0.26960533661809905,271815.0,652005.0,Parang
37.13361,36.40426219175906,0.7293478082409379,272115.0,652005.0,Parang
35.91125,35.62904277091816,0.28220722908184115,272415.0,652005.0,Parang
30.190168,31.0404622705331,-0.8502942705331016,285015.0,652005.0,Talipao
31.22029,34.553669807624324,-3.3333798076243255,285315.0,652005.0,Talipao
32.025604,31.541367364416562,0.4842366355834393,285615.0,652005.0,Talipao
31.657005,31.64378829623054,0.013216703769462157,285915.0,652005.0,Talipao
30.914896,31.696975497212595,-0.782079497212596,286215.0,652005.0,Talipao
31.236656,31.517564153807662,-0.2809081538076619,287115.0,652005.0,Talipao
30.474234,31.459723726920124,-0.9854897269201253,287415.0,652005.0,Talipao
32.181747,32.299017519870404,-0.11727051987040227,304815.0,652005.0,
32.994656,31.607951401792665,1.3867045982073343,305115.0,652005.0,Kalingalan Caluang
33.661564,34.00430235502471,-0.3427383550247143,305415.0,652005.0,Kalingalan Caluang
32.886017,32.36218687948707,0.5238301205129332,305715.0,652005.0,Kalingalan Caluang
34.005177,32.40728187239954,1.5978951276004665,306615.0,652005.0,Kalingalan Caluang
34.531544,33.93333663700096,0.5982073629990339,306915.0,652005.0,Kalingalan Caluang
36.49332,34.652231750948495,1.8410882490515021,307215.0,652005.0,Kalingalan Caluang
35.363594,34.582791445991965,0.7808025540080337,307515.0,652005.0,Kalingalan Caluang
32.91666,32.21987782191466,0.6967821780853427,309315.0,652005.0,Kalingalan Caluang
32.81748,32.563327988615626,0.2541520113843774,309615.0,652005.0,Kalingalan Caluang
33.093395,32.4259877275718,0.6674072724281999,309915.0,652005.0,Kalingalan Caluang
32.128742,30.993449375570503,1.1352926244294999,310215.0,652005.0,Kalingalan Caluang
32.05125,30.508410156750827,1.5428398432491761,310515.0,652005.0,Kalingalan Caluang
32.49231,32.3866520391443,0.10565796085570156,310815.0,652005.0,Kalingalan Caluang
32.892372,34.523173374200404,-1.6308013742004022,311115.0,652005.0,Kalingalan Caluang
31.964819,32.02450321555716,-0.05968421555716219,311415.0,652005.0,Kalingalan Caluang
34.21998,34.354157216641894,-0.13417721664189486,311715.0,652005.0,Kalingalan Caluang
32.34438,31.51738991227836,0.8269900877216401,312015.0,652005.0,Kalingalan Caluang
32.30588,33.504746431095825,-1.1988664310958228,312315.0,652005.0,Kalingalan Caluang
32.41733,35.154949067819274,-2.737619067819274,312615.0,652005.0,Kalingalan Caluang
32.892105,32.06646584823497,0.8256391517650314,312915.0,652005.0,Kalingalan Caluang
34.187054,34.68422691337778,-0.49717291337777425,313215.0,652005.0,Kalingalan Caluang
33.948708,34.248397469651856,-0.2996894696518524,313515.0,652005.0,Kalingalan Caluang
34.601784,34.534699543367296,0.06708445663270624,313815.0,652005.0,Kalingalan Caluang
35.168804,33.493052918252054,1.675751081747947,314115.0,652005.0,Kalingalan Caluang
36.12306,35.39536108417908,0.7276989158209233,314415.0,652005.0,
31.59075,33.1468835233467,-1.556133523346702,270015.0,651705.0,Parang
32.985653,34.44442881404839,-1.4587758140483942,270615.0,651705.0,Parang
33.623917,34.743289689342625,-1.119372689342626,270915.0,651705.0,Parang
32.376427,33.54021605626049,-1.163789056260491,271215.0,651705.0,Parang
36.061398,36.380280772242145,-0.3188827722421479,271515.0,651705.0,Parang
36.41397,34.9824475809992,1.4315224190007996,271815.0,651705.0,Parang
35.562946,35.91193031073471,-0.34898431073471414,272115.0,651705.0,Parang
31.455196,33.055731157601116,-1.600535157601115,285015.0,651705.0,Talipao
32.754055,32.56283812171656,0.19121687828344136,285315.0,651705.0,Talipao
31.638096,31.683976791229945,-0.04588079122994415,285615.0,651705.0,Talipao
30.804976,31.71897785070549,-0.914001850705489,285915.0,651705.0,Talipao
31.413288,32.08402761869037,-0.6707396186903694,286215.0,651705.0,Talipao
30.373755,31.398792028580733,-1.0250370285807335,286515.0,651705.0,
30.26995,31.612637871968055,-1.342687871968053,286815.0,651705.0,Talipao
30.73902,31.916552839123767,-1.1775328391237672,287115.0,651705.0,Talipao
30.349266,32.049819611962945,-1.7005536119629454,287415.0,651705.0,Talipao
29.975294,31.899204063853173,-1.923910063853171,287715.0,651705.0,Talipao
30.580677,32.38009818165575,-1.7994211816557453,304815.0,651705.0,Kalingalan Caluang
31.059998,31.227141731354426,-0.16714373135442528,305115.0,651705.0,Kalingalan Caluang
31.66275,32.70146978757869,-1.0387197875786889,305415.0,651705.0,Kalingalan Caluang
32.345097,31.482178951559312,0.8629180484406902,305715.0,651705.0,Kalingalan Caluang
32.420963,30.5987997314139,1.822163268586099,306015.0,651705.0,Kalingalan Caluang
33.97335,30.87270160464319,3.1006483953568136,306315.0,651705.0,Kalingalan Caluang
34.511475,32.82452610283417,1.686948897165827,306615.0,651705.0,Kalingalan Caluang
36.031406,35.39244042291161,0.6389655770883849,307215.0,651705.0,Kalingalan Caluang
34.777554,33.25444392061944,1.5231100793805652,307515.0,651705.0,Kalingalan Caluang
36.000366,35.085703136321705,0.914662863678295,307815.0,651705.0,Kalingalan Caluang
33.762226,31.51385590288948,2.24837009711052,308115.0,651705.0,Kalingalan Caluang
32.941845,32.5482634200286,0.39358157997140353,309315.0,651705.0,Kalingalan Caluang
32.646736,32.351106015454526,0.29562998454547085,309615.0,651705.0,Kalingalan Caluang
32.420956,30.912750654448956,1.5082053455510405,309915.0,651705.0,Kalingalan Caluang
32.025307,31.172425460449144,0.8528815395508538,310215.0,651705.0,Kalingalan Caluang
32.282722,31.839422706329874,0.4432992936701261,310515.0,651705.0,Kalingalan Caluang
34.406204,34.37535205553059,0.030851944469411308,310815.0,651705.0,Kalingalan Caluang
32.142746,32.64901908411576,-0.5062730841157546,311115.0,651705.0,Kalingalan Caluang
33.220573,34.50434087643432,-1.2837678764343181,311415.0,651705.0,Kalingalan Caluang
33.446598,34.19407569257362,-0.747477692573618,311715.0,651705.0,Kalingalan Caluang
33.497265,33.55660100684014,-0.059336006840140953,312015.0,651705.0,Kalingalan Caluang
33.056744,32.338995029841115,0.7177489701588868,312315.0,651705.0,Kalingalan Caluang
33.92167,34.37005340382779,-0.4483834038277905,312615.0,651705.0,Kalingalan Caluang
32.82697,32.777702717529046,0.04926728247095724,312915.0,651705.0,Kalingalan Caluang
34.713078,33.28567519853562,1.4274028014643818,313215.0,651705.0,Kalingalan Caluang
35.621952,34.388913851309326,1.2330381486906745,313515.0,651705.0,Kalingalan Caluang
36.171196,34.16628052430612,2.0049154756938847,313815.0,651705.0,Kalingalan Caluang
30.927328,31.885493727748212,-0.958165727748213,285015.0,651405.0,Talipao
30.760668,31.633021037482116,-0.8723530374821173,285315.0,651405.0,Talipao
30.992807,31.303997329169917,-0.31119032916991785,285615.0,651405.0,Talipao
30.854998,31.53239292605224,-0.6773949260522407,285915.0,651405.0,Talipao
30.623663,31.832246998497727,-1.2085839984977262,286515.0,651405.0,Talipao
30.702776,31.69001640819332,-0.987240408193319,286815.0,651405.0,Talipao
30.296501,32.251996831313434,-1.955495831313435,287415.0,651405.0,Talipao
30.067497,31.624576835606224,-1.557079835606224,287715.0,651405.0,Talipao
30.577545,30.170080941566454,0.40746405843354694,305115.0,651405.0,Kalingalan Caluang
31.135796,31.54160095241151,-0.40580495241151127,305415.0,651405.0,Kalingalan Caluang
31.366167,30.871465608359056,0.4947013916409446,305715.0,651405.0,Kalingalan Caluang
30.962383,31.43662814922594,-0.47424514922593985,306015.0,651405.0,Kalingalan Caluang
35.274734,34.98628552459423,0.28844847540577234,307515.0,651405.0,Kalingalan Caluang
35.7211,34.63011196388664,1.0909880361133588,307815.0,651405.0,Kalingalan Caluang
34.70972,33.12735762158842,1.582362378411574,308115.0,651405.0,Kalingalan Caluang
33.402794,33.82795419307509,-0.42516019307508657,309015.0,651405.0,Kalingalan Caluang
34.214283,33.08270924071524,1.1315737592847626,309315.0,651405.0,Kalingalan Caluang
33.271217,32.38487348117662,0.8863435188233808,309615.0,651405.0,Kalingalan Caluang
34.13306,33.33716905078756,0.795890949212442,309915.0,651405.0,Kalingalan Caluang
33.721966,33.77315329199714,-0.05118729199713812,310215.0,651405.0,Kalingalan Caluang
33.544037,33.043081262445874,0.5009557375541291,310515.0,651405.0,Kalingalan Caluang
35.13107,32.848646846988785,2.282423153011216,310815.0,651405.0,Kalingalan Caluang
33.20005,31.475574874712898,1.7244751252870998,311115.0,651405.0,Kalingalan Caluang
35.22107,34.56789090227448,0.6531790977255199,311415.0,651405.0,Kalingalan Caluang
34.25518,34.24502033780004,0.01015966219996045,311715.0,651405.0,Kalingalan Caluang
34.782043,32.87513102716469,1.90691197283531,312015.0,651405.0,Kalingalan Caluang
33.644848,33.97202741940983,-0.3271794194098234,312315.0,651405.0,Kalingalan Caluang
34.208767,32.887842961178706,1.3209240388212962,312615.0,651405.0,Kalingalan Caluang
34.912464,34.267889974228765,0.6445740257712345,312915.0,651405.0,Kalingalan Caluang
35.316093,34.02740337211705,1.2886896278829525,313215.0,651405.0,Kalingalan Caluang
36.068287,33.201067582438725,2.867219417561273,313515.0,651405.0,Kalingalan Caluang
31.024895,31.318368520736957,-0.2934735207369563,285315.0,651105.0,Talipao
30.181984,33.33100215916272,-3.149018159162722,285615.0,651105.0,Talipao
30.278873,33.28740869506881,-3.0085356950688116,285915.0,651105.0,Talipao
30.769192,31.523458045755422,-0.754266045755422,286215.0,651105.0,Talipao
30.83612,31.839583988730574,-1.003463988730573,286515.0,651105.0,Talipao
30.106571,31.529125302744745,-1.4225543027447465,286815.0,651105.0,Talipao
34.892548,34.92611869683306,-0.0335706968330598,307515.0,651105.0,Kalingalan Caluang
37.05458,35.10719301451001,1.9473869854899917,307815.0,651105.0,Kalingalan Caluang
35.56038,33.638657381140014,1.921722618859988,308115.0,651105.0,Kalingalan Caluang
34.536797,33.468495232680425,1.068301767319575,308415.0,651105.0,Kalingalan Caluang
35.33845,33.77115773575853,1.5672922642414733,308715.0,651105.0,Kalingalan Caluang
34.48968,32.7391734465123,1.7505065534877033,309015.0,651105.0,Kalingalan Caluang
36.174576,34.26325916623709,1.9113168337629105,309315.0,651105.0,Kalingalan Caluang
34.2472,33.46537792078317,0.7818220792168304,309615.0,651105.0,Kalingalan Caluang
34.662025,33.10618355547469,1.5558414445253064,309915.0,651105.0,Kalingalan Caluang
33.419865,32.15679265493797,1.263072345062028,310215.0,651105.0,Kalingalan Caluang
34.477966,33.516868797984536,0.9610972020154662,310515.0,651105.0,Kalingalan Caluang
34.764015,34.16403932799648,0.5999756720035236,310815.0,651105.0,Kalingalan Caluang
35.69902,34.68230270948606,1.016717290513938,311115.0,651105.0,Kalingalan Caluang
34.04241,34.10393911357616,-0.06152911357616375,311415.0,651105.0,Kalingalan Caluang
34.39714,33.71519334782876,0.6819466521712414,311715.0,651105.0,Kalingalan Caluang
36.493954,34.64368046640987,1.8502735335901335,312015.0,651105.0,Kalingalan Caluang
34.628544,34.09589633611903,0.5326476638809652,312315.0,651105.0,Kalingalan Caluang
34.24549,33.43157093538788,0.813919064612115,312615.0,651105.0,Kalingalan Caluang
38.514927,36.41603611629241,2.0988908837075897,312915.0,651105.0,Kalingalan Caluang
33.340034,34.0175598314572,-0.6775258314571957,313215.0,651105.0,
29.468029,31.99014963067402,-2.522120630674017,285615.0,650805.0,Talipao
30.279388,31.526919307362633,-1.2475313073626317,285915.0,650805.0,Talipao
30.568316,32.25205191274062,-1.6837359127406195,286215.0,650805.0,Talipao
30.859144,31.439404994078412,-0.5802609940784116,286515.0,650805.0,Talipao
30.570704,31.99539234072922,-1.4246883407292223,286815.0,650805.0,Talipao
29.972094,32.46211108121125,-2.490017081211249,287115.0,650805.0,Talipao
30.193398,32.185098167934285,-1.9917001679342867,287415.0,650805.0,Talipao
34.6293,33.834889075042554,0.7944109249574467,307515.0,650805.0,Kalingalan Caluang
39.34678,38.11266410466735,1.2341158953326499,307815.0,650805.0,Kalingalan Caluang
35.676952,33.959222159631324,1.7177298403686763,308115.0,650805.0,Kalingalan Caluang
35.601154,34.494279013185654,1.106874986814347,308415.0,650805.0,Kalingalan Caluang
36.81352,34.51387230727343,2.299647692726566,308715.0,650805.0,Kalingalan Caluang
34.918545,34.077871208411906,0.8406737915880953,309015.0,650805.0,Kalingalan Caluang
34.662273,33.80871611874133,0.8535568812586689,309315.0,650805.0,Kalingalan Caluang
34.248516,32.75873337791986,1.489782622080142,309615.0,650805.0,Kalingalan Caluang
33.501446,32.4866316545786,1.0148143454213994,309915.0,650805.0,Kalingalan Caluang
33.183105,32.31580643800925,0.8672985619907507,310215.0,650805.0,Kalingalan Caluang
34.924362,35.468431561607645,-0.5440695616076425,310515.0,650805.0,Kalingalan Caluang
34.28033,32.57492600406513,1.7054039959348728,310815.0,650805.0,Kalingalan Caluang
35.30252,34.640004540415966,0.6625154595840357,311115.0,650805.0,Kalingalan Caluang
34.640854,34.32591401560521,0.31493998439479043,311415.0,650805.0,Kalingalan Caluang
34.96571,33.22984341926063,1.7358665807393692,311715.0,650805.0,Kalingalan Caluang
35.67902,34.42239685053154,1.25662314946846,312015.0,650805.0,Kalingalan Caluang
33.664867,32.57053897207982,1.0943280279201844,312315.0,650805.0,Kalingalan Caluang
34.542713,34.26370289609671,0.27901010390328906,312615.0,650805.0,Kalingalan Caluang
30.65743,31.358142041886733,-0.7007120418867316,286515.0,650505.0,Talipao
30.63994,31.46786241658058,-0.8279224165805807,286815.0,650505.0,Talipao
30.585676,31.216445742675695,-0.630769742675696,287115.0,650505.0,Talipao
30.24572,31.632124990512285,-1.3864049905122862,287415.0,650505.0,Talipao
36.95729,37.404974695885436,-0.44768469588543525,307815.0,650505.0,Kalingalan Caluang
37.395218,36.110909868070344,1.2843081319296559,308115.0,650505.0,Kalingalan Caluang
36.20419,35.012396697773056,1.191793302226941,308715.0,650505.0,Kalingalan Caluang
35.15418,34.958974920258655,0.19520507974134205,309015.0,650505.0,Kalingalan Caluang
35.794903,34.150383644520616,1.6445193554793818,309315.0,650505.0,Kalingalan Caluang
34.13441,32.422323037478805,1.712086962521198,309615.0,650505.0,Kalingalan Caluang
34.196033,33.478384755822745,0.7176482441772549,309915.0,650505.0,Kalingalan Caluang
35.087578,32.845393939408446,2.242184060591555,310215.0,650505.0,Kalingalan Caluang
33.92547,32.8587577362023,1.0667122637976973,310515.0,650505.0,Kalingalan Caluang
34.88814,35.205986318991364,-0.3178463189913643,310815.0,650505.0,Kalingalan Caluang
35.347347,33.525647186264216,1.8216998137357834,311115.0,650505.0,Kalingalan Caluang
34.5439,34.058127393742346,0.4857726062576546,311415.0,650505.0,Kalingalan Caluang
35.44328,33.95440624922065,1.488873750779348,311715.0,650505.0,Kalingalan Caluang
35.538113,35.05283531268061,0.485277687319396,312015.0,650505.0,Kalingalan Caluang
35.31067,31.832947245596838,3.477722754403164,312315.0,650505.0,Kalingalan Caluang
32.39277,30.50356732438299,1.8892026756170104,312615.0,650505.0,Kalingalan Caluang
30.045431,32.586854481145224,-2.541423481145223,286815.0,650205.0,Talipao
30.663235,32.027784107028545,-1.3645491070285445,287115.0,650205.0,Talipao
30.695045,30.59513140983166,0.09991359016834167,308115.0,650205.0,Kalingalan Caluang
36.685337,36.171728056992826,0.5136089430071706,308715.0,650205.0,Kalingalan Caluang
35.956078,34.65916879477048,1.2969092052295181,309015.0,650205.0,Kalingalan Caluang
36.18679,35.80807711811937,0.3787128818806309,309315.0,650205.0,Kalingalan Caluang
37.688866,37.53127347988902,0.15759252011097402,309615.0,650205.0,Kalingalan Caluang
34.611053,33.776512163225156,0.8345408367748419,309915.0,650205.0,Kalingalan Caluang
36.691376,34.48716980252961,2.2042061974703913,310215.0,650205.0,Kalingalan Caluang
35.976254,35.08281995195099,0.8934340480490093,310515.0,650205.0,Kalingalan Caluang
36.611107,33.4993848886431,3.1117221113568974,310815.0,650205.0,Kalingalan Caluang
36.64562,35.594064628211164,1.0515553717888366,311115.0,650205.0,Kalingalan Caluang
36.367302,35.565174211754375,0.8021277882456275,311415.0,650205.0,Kalingalan Caluang
35.26049,33.923601990674,1.336888009325996,311715.0,650205.0,Kalingalan Caluang
38.6847,36.07453374881479,2.6101662511852126,312015.0,650205.0,Kalingalan Caluang
32.03332,31.627282448368774,0.4060375516312291,312315.0,650205.0,Kalingalan Caluang
33.571545,32.270112552689056,1.301432447310944,309615.0,649905.0,Kalingalan Caluang
36.5484,34.94384078627395,1.6045592137260485,309915.0,649905.0,Kalingalan Caluang
38.949497,38.743191687861916,0.20630531213808467,310215.0,649905.0,Kalingalan Caluang
37.927406,36.37198856519362,1.5554174348063796,310515.0,649905.0,Kalingalan Caluang
39.20135,39.71439147630056,-0.5130414763005646,310815.0,649905.0,Kalingalan Caluang
38.178814,35.213874698635806,2.964939301364197,311115.0,649905.0,Kalingalan Caluang
36.01672,34.48221568517836,1.534504314821639,311415.0,649905.0,Kalingalan Caluang
39.55518,35.550772802791954,4.004407197208046,311715.0,649905.0,Kalingalan Caluang
34.573635,34.6245254790292,-0.0508904790291993,312015.0,649905.0,Kalingalan Caluang
30.869637,31.267453674301425,-0.3978166743014242,309915.0,649605.0,
34.90634,32.21507556578938,2.6912644342106233,310515.0,649605.0,
34.951168,31.570083943630127,3.3810840563698754,310815.0,649605.0,Kalingalan Caluang
34.759567,33.32293272066074,1.436634279339259,309615.0,649305.0,Kalingalan Caluang
32.166782,32.436500515320866,-0.2697185153208679,310515.0,649305.0,Kalingalan Caluang
31.666792,30.96017919159574,0.7066128084042624,310815.0,649305.0,Kalingalan Caluang
31.52932,31.56597987012587,-0.03665987012587024,311115.0,649305.0,Kalingalan Caluang
32.5087,31.10778935767493,1.4009106423250692,311415.0,649305.0,Kalingalan Caluang
33.089806,31.576364026076103,1.5134419739239,309615.0,649005.0,Kalingalan Caluang
32.83321,33.5223161122533,-0.6891061122532989,309915.0,649005.0,Kalingalan Caluang
32.14362,30.78045803315619,1.3631619668438084,310215.0,649005.0,Kalingalan Caluang
31.598925,32.674280874239656,-1.075355874239655,310515.0,649005.0,Kalingalan Caluang
32.316105,31.859742188203047,0.4563628117969536,310815.0,649005.0,Kalingalan Caluang
32.163395,31.72501796703748,0.43837703296252073,311115.0,649005.0,Kalingalan Caluang
33.24868,34.320576888025286,-1.071896888025286,311415.0,649005.0,Kalingalan Caluang
32.594856,33.73360186480575,-1.138745864805749,309015.0,648705.0,
31.502287,31.352118496625,0.15016850337499932,309315.0,648705.0,Kalingalan Caluang
32.368504,30.622666243645643,1.7458377563543586,309615.0,648705.0,Kalingalan Caluang
32.905804,30.257724872939544,2.648079127060459,309915.0,648705.0,Kalingalan Caluang
32.14009,32.003532872789705,0.13655712721029545,310215.0,648705.0,Kalingalan Caluang
32.035408,30.657152618383027,1.3782553816169703,310515.0,648705.0,Kalingalan Caluang
31.79134,30.696029085389906,1.0953109146100957,310815.0,648705.0,Kalingalan Caluang
32.018513,32.13015942691972,-0.11164642691971949,311115.0,648705.0,Kalingalan Caluang
33.18199,30.91400837544747,2.2679816245525295,311415.0,648705.0,Kalingalan Caluang
31.715855,31.362969106254248,0.3528858937457535,309315.0,648405.0,Kalingalan Caluang
31.62042,31.03975235629236,0.5806676437076383,310215.0,648405.0,Kalingalan Caluang
32.83357,30.555596002635866,2.2779739973641355,310515.0,648405.0,Kalingalan Caluang
32.39801,30.467414272037036,1.930595727962963,310815.0,648405.0,Kalingalan Caluang
33.15101,30.719433022599915,2.431576977400084,311115.0,648405.0,Kalingalan Caluang
32.809086,30.895406570487154,1.9136794295128468,311415.0,648405.0,Kalingalan Caluang
31.28236,30.32224425175674,0.9601157482432612,310215.0,648105.0,Kalingalan Caluang
